source,page_type,notice_title,notice_date,company,license_no,business,province,license_prefix,notice_url,year
工信部,新发证名单,《中华人民共和国增值电信业务经营许可证》发放名单-(2026)第25批,2026-07-16,广州小语云通信科技有限公司,B2-20262460,国内呼叫中心业务,广东,B2-(全网),https://tsm.miit.gov.cn/dxxzsp/help/noticeDetail.jsp?id=552,2026
工信部,新发证名单,《中华人民共和国增值电信业务经营许可证》发放名单-(2026)第25批,2026-07-16,山东通港网络科技有限公司,B2-20262461,国内呼叫中心业务,山东,B2-(全网),https://tsm.miit.gov.cn/dxxzsp/help/noticeDetail.jsp?id=552,2026
工信部,新发证名单,《中华人民共和国增值电信业务经营许可证》发放名单-(2026)第25批,2026-07-16,广西瀚行信息科技有限公司,B2-20262462,国内呼叫中心业务,广西,B2-(全网),https://tsm.miit.gov.cn/dxxzsp/help/noticeDetail.jsp?id=552,2026
工信部,新发证名单,《中华人民共和国增值电信业务经营许可证》发放名单-(2026)第25批,2026-07-16,贵州四达信息技术有限公司,B1.B2-20241160,国内呼叫中心业务,贵州,混合-(全网),https://tsm.miit.gov.cn/dxxzsp/help/noticeDetail.jsp?id=552,2026
工信部,新发证名单,《中华人民共和国增值电信业务经营许可证》发放名单-(2026)第25批,2026-07-16,苏州限时传送网络科技有限公司,B2-20262267,国内呼叫中心业务,江苏,B2-(全网),https://tsm.miit.gov.cn/dxxzsp/help/noticeDetail.jsp?id=552,2026
工信部,新发证名单,《中华人民共和国增值电信业务经营许可证》发放名单-(2026)第22批,2026-06-30,光线数字科技（山东）有限公司,B2-20262156,国内呼叫中心业务,山东,B2-(全网),https://tsm.miit.gov.cn/dxxzsp/help/noticeDetail.jsp?id=546,2026
工信部,新发证名单,《中华人民共和国增值电信业务经营许可证》发放名单-(2026)第22批,2026-06-30,北京华荣讯通信息科技有限公司,B2-20262157,国内呼叫中心业务,北京,B2-(全网),https://tsm.miit.gov.cn/dxxzsp/help/noticeDetail.jsp?id=546,2026
工信部,新发证名单,《中华人民共和国增值电信业务经营许可证》发放名单-(2026)第22批,2026-06-30,重庆科苑陆科技有限公司,B2-20262158,国内呼叫中心业务,重庆,B2-(全网),https://tsm.miit.gov.cn/dxxzsp/help/noticeDetail.jsp?id=546,2026
工信部,新发证名单,《中华人民共和国增值电信业务经营许可证》发放名单-(2026)第22批,2026-06-30,中邮世纪（北京）通信技术有限公司,A1.B2-20110003,国内呼叫中心业务信息服务业务（不含互联网信息服务）,北京,其他,https://tsm.miit.gov.cn/dxxzsp/help/noticeDetail.jsp?id=546,2026
工信部,新发证名单,《中华人民共和国增值电信业务经营许可证》发放名单-(2026)第22批,2026-06-30,福建鸣鹤网络科技有限公司,B2-20195583,国内呼叫中心业务,福建,B2-(全网),https://tsm.miit.gov.cn/dxxzsp/help/noticeDetail.jsp?id=546,2026
工信部,新发证名单,《中华人民共和国增值电信业务经营许可证》发放名单-(2026)第22批,2026-06-30,河南世黑信息技术有限公司,B2-20224873,国内呼叫中心业务,河南,B2-(全网),https://tsm.miit.gov.cn/dxxzsp/help/noticeDetail.jsp?id=546,2026
工信部,新发证名单,《中华人民共和国增值电信业务经营许可证》发放名单-(2026)第22批,2026-06-30,北京寰彩通达科技有限公司,B1.B2-20251277,国内呼叫中心业务,北京,混合-(全网),https://tsm.miit.gov.cn/dxxzsp/help/noticeDetail.jsp?id=546,2026
工信部,新发证名单,《中华人民共和国增值电信业务经营许可证》发放名单-(2026)第23批,2026-07-03,广州数鑫科技有限公司,B2-20262263,国内呼叫中心业务,广东,B2-(全网),https://tsm.miit.gov.cn/dxxzsp/help/noticeDetail.jsp?id=548,2026
工信部,新发证名单,《中华人民共和国增值电信业务经营许可证》发放名单-(2026)第23批,2026-07-03,北京页岩网络科技有限公司,B2-20262264,国内呼叫中心业务,北京,B2-(全网),https://tsm.miit.gov.cn/dxxzsp/help/noticeDetail.jsp?id=548,2026
工信部,新发证名单,《中华人民共和国增值电信业务经营许可证》发放名单-(2026)第23批,2026-07-03,广东通乐迪科技有限公司,B2-20262265,国内呼叫中心业务,广东,B2-(全网),https://tsm.miit.gov.cn/dxxzsp/help/noticeDetail.jsp?id=548,2026
工信部,新发证名单,《中华人民共和国增值电信业务经营许可证》发放名单-(2026)第23批,2026-07-03,九江市杰博人力资源有限公司,B2-20262266,国内呼叫中心业务,未知,B2-(全网),https://tsm.miit.gov.cn/dxxzsp/help/noticeDetail.jsp?id=548,2026
工信部,新发证名单,《中华人民共和国增值电信业务经营许可证》发放名单-(2026)第24批,2026-07-10,石家庄午重科技有限公司,B2-20262352,国内呼叫中心业务,未知,B2-(全网),https://tsm.miit.gov.cn/dxxzsp/help/noticeDetail.jsp?id=551,2026
工信部,新发证名单,《中华人民共和国增值电信业务经营许可证》发放名单-(2026)第24批,2026-07-10,二进制（河北）科技有限公司,B2-20262353,国内呼叫中心业务,河北,B2-(全网),https://tsm.miit.gov.cn/dxxzsp/help/noticeDetail.jsp?id=551,2026
工信部,新发证名单,《中华人民共和国增值电信业务经营许可证》发放名单-(2026)第24批,2026-07-10,快钱支付清算信息有限公司,B2-20262354,国内呼叫中心业务,未知,B2-(全网),https://tsm.miit.gov.cn/dxxzsp/help/noticeDetail.jsp?id=551,2026
工信部,新发证名单,《中华人民共和国增值电信业务经营许可证》发放名单-(2026)第24批,2026-07-10,北京智村科技有限公司,B2-20262355,国内呼叫中心业务,北京,B2-(全网),https://tsm.miit.gov.cn/dxxzsp/help/noticeDetail.jsp?id=551,2026
工信部,新发证名单,《中华人民共和国增值电信业务经营许可证》发放名单-(2026)第24批,2026-07-10,南方电网用户生态运营有限责任公司,B2-20262356,国内呼叫中心业务,未知,B2-(全网),https://tsm.miit.gov.cn/dxxzsp/help/noticeDetail.jsp?id=551,2026
工信部,新发证名单,《中华人民共和国增值电信业务经营许可证》发放名单-(2026)第24批,2026-07-10,半月谈新媒体科技有限公司,A2.B1.B2-20251828,国内呼叫中心业务,未知,混合-(全网),https://tsm.miit.gov.cn/dxxzsp/help/noticeDetail.jsp?id=551,2026
工信部,新发证名单,《中华人民共和国增值电信业务经营许可证》发放名单-(2026)第24批,2026-07-10,南京千呼百应信息技术有限公司,B2-20260108,国内呼叫中心业务,江苏,B2-(全网),https://tsm.miit.gov.cn/dxxzsp/help/noticeDetail.jsp?id=551,2026
工信部,新发证名单,《中华人民共和国增值电信业务经营许可证》发放名单-(2026)第18批,2026-05-29,广州维威科技有限公司,B2-20261747,国内呼叫中心业务,广东,B2-(全网),https://tsm.miit.gov.cn/dxxzsp/help/noticeDetail.jsp?id=539,2026
工信部,新发证名单,《中华人民共和国增值电信业务经营许可证》发放名单-(2026)第18批,2026-05-29,广州开心果云计算有限公司,B2-20261748,国内呼叫中心业务,广东,B2-(全网),https://tsm.miit.gov.cn/dxxzsp/help/noticeDetail.jsp?id=539,2026
工信部,新发证名单,《中华人民共和国增值电信业务经营许可证》发放名单-(2026)第18批,2026-05-29,上海嬴达科技有限公司,B2-20261749,国内呼叫中心业务,上海,B2-(全网),https://tsm.miit.gov.cn/dxxzsp/help/noticeDetail.jsp?id=539,2026
工信部,新发证名单,《中华人民共和国增值电信业务经营许可证》发放名单-(2026)第18批,2026-05-29,上海祥隆电子商务有限公司,B2-20230900,国内呼叫中心业务,上海,B2-(全网),https://tsm.miit.gov.cn/dxxzsp/help/noticeDetail.jsp?id=539,2026
工信部,新发证名单,《中华人民共和国增值电信业务经营许可证》发放名单-(2026)第19批,2026-06-05,云南盛略科技信息服务有限公司,B2-20261850,国内呼叫中心业务,云南,B2-(全网),https://tsm.miit.gov.cn/dxxzsp/help/noticeDetail.jsp?id=542,2026
工信部,新发证名单,《中华人民共和国增值电信业务经营许可证》发放名单-(2026)第19批,2026-06-05,北京鸿基大通文化有限公司,B2-20261851,国内呼叫中心业务,北京,B2-(全网),https://tsm.miit.gov.cn/dxxzsp/help/noticeDetail.jsp?id=542,2026
工信部,新发证名单,《中华人民共和国增值电信业务经营许可证》发放名单-(2026)第19批,2026-06-05,上海睿思智行科技有限公司,B2-20261852,国内呼叫中心业务,上海,B2-(全网),https://tsm.miit.gov.cn/dxxzsp/help/noticeDetail.jsp?id=542,2026
工信部,新发证名单,《中华人民共和国增值电信业务经营许可证》发放名单-(2026)第19批,2026-06-05,深圳市锦焱技术有限公司,B2-20220287,国内呼叫中心业务,广东,B2-(全网),https://tsm.miit.gov.cn/dxxzsp/help/noticeDetail.jsp?id=542,2026
工信部,新发证名单,《中华人民共和国增值电信业务经营许可证》发放名单-(2026)第19批,2026-06-05,深圳九思智联科技有限公司,B1.B2-20232673,国内呼叫中心业务,广东,混合-(全网),https://tsm.miit.gov.cn/dxxzsp/help/noticeDetail.jsp?id=542,2026
工信部,新发证名单,《中华人民共和国增值电信业务经营许可证》发放名单-(2026)第19批,2026-06-05,山东七信网络科技有限公司,B1.B2-20250842,国内呼叫中心业务,山东,混合-(全网),https://tsm.miit.gov.cn/dxxzsp/help/noticeDetail.jsp?id=542,2026
工信部,新发证名单,《中华人民共和国增值电信业务经营许可证》发放名单-(2026)第19批,2026-06-05,南京易米云通网络科技有限公司,B2-20260915,国内呼叫中心业务,江苏,B2-(全网),https://tsm.miit.gov.cn/dxxzsp/help/noticeDetail.jsp?id=542,2026
工信部,注销公示,关于拟注销上海啡联电信科技有限公司等 108家企业电信业务经营许可的公示,2026-07-09,南通锐帛信息科技有限公司,B2-20212571,国内多方通信服务业务、国内呼叫中心业务,江苏,B2-(全网),https://tsm.miit.gov.cn/dxxzsp/help/noticeDetail.jsp?id=550,2026
工信部,新发证名单,《中华人民共和国增值电信业务经营许可证》发放名单-(2026)第20批,2026-06-12,上海讯迦信息科技有限公司,B2-20261955,国内呼叫中心业务,上海,B2-(全网),https://tsm.miit.gov.cn/dxxzsp/help/noticeDetail.jsp?id=543,2026
工信部,新发证名单,《中华人民共和国增值电信业务经营许可证》发放名单-(2026)第20批,2026-06-12,北京南杭南山科技发展有限公司,B2-20261956,国内呼叫中心业务,北京,B2-(全网),https://tsm.miit.gov.cn/dxxzsp/help/noticeDetail.jsp?id=543,2026
工信部,新发证名单,《中华人民共和国增值电信业务经营许可证》发放名单-(2026)第20批,2026-06-12,天津市乐界信息技术有限公司,B2-20261957,国内呼叫中心业务,天津,B2-(全网),https://tsm.miit.gov.cn/dxxzsp/help/noticeDetail.jsp?id=543,2026
工信部,新发证名单,《中华人民共和国增值电信业务经营许可证》发放名单-(2026)第20批,2026-06-12,杭州环际云计算有限公司,合字B2-20260381,国内多方通信服务业务国内呼叫中心业务,浙江,B2-(全网),https://tsm.miit.gov.cn/dxxzsp/help/noticeDetail.jsp?id=543,2026
工信部,新发证名单,《中华人民共和国增值电信业务经营许可证》发放名单-(2026)第20批,2026-06-12,中数通信息有限公司,合字B1.B2-20130003,国内呼叫中心业务,未知,混合-(全网),https://tsm.miit.gov.cn/dxxzsp/help/noticeDetail.jsp?id=543,2026
工信部,新发证名单,《中华人民共和国增值电信业务经营许可证》发放名单-(2026)第20批,2026-06-12,深圳市量子数据科技有限公司,B2-20193405,国内呼叫中心业务,广东,B2-(全网),https://tsm.miit.gov.cn/dxxzsp/help/noticeDetail.jsp?id=543,2026
工信部,新发证名单,《中华人民共和国增值电信业务经营许可证》发放名单-(2026)第20批,2026-06-12,北京榕烁科技有限公司,B2-20253515,国内呼叫中心业务,北京,B2-(全网),https://tsm.miit.gov.cn/dxxzsp/help/noticeDetail.jsp?id=543,2026
工信部,新发证名单,《中华人民共和国增值电信业务经营许可证》发放名单-(2026)第17批,2026-05-26,杭州至兰科技有限公司,B2-20261626,国内呼叫中心业务,浙江,B2-(全网),https://tsm.miit.gov.cn/dxxzsp/help/noticeDetail.jsp?id=538,2026
工信部,新发证名单,《中华人民共和国增值电信业务经营许可证》发放名单-(2026)第17批,2026-05-26,湖南宁北泓鑫科技有限公司,B2-20261627,国内呼叫中心业务,湖南,B2-(全网),https://tsm.miit.gov.cn/dxxzsp/help/noticeDetail.jsp?id=538,2026
工信部,新发证名单,《中华人民共和国增值电信业务经营许可证》发放名单-(2026)第17批,2026-05-26,提达客思信息咨询（上海）有限公司,合字B2-20260302,国内呼叫中心业务,上海,B2-(全网),https://tsm.miit.gov.cn/dxxzsp/help/noticeDetail.jsp?id=538,2026
工信部,新发证名单,《中华人民共和国增值电信业务经营许可证》发放名单-(2026)第17批,2026-05-26,北京国信新网通讯技术有限公司,B1.B2-20180208,国内呼叫中心业务,北京,混合-(全网),https://tsm.miit.gov.cn/dxxzsp/help/noticeDetail.jsp?id=538,2026
工信部,新发证名单,《中华人民共和国增值电信业务经营许可证》发放名单-(2026)第17批,2026-05-26,杭州原上科技有限公司,B2-20221561,国内呼叫中心业务,浙江,B2-(全网),https://tsm.miit.gov.cn/dxxzsp/help/noticeDetail.jsp?id=538,2026
工信部,新发证名单,《中华人民共和国增值电信业务经营许可证》发放名单-(2026)第17批,2026-05-26,北京凌言科技有限公司,B2-20224455,国内呼叫中心业务,北京,B2-(全网),https://tsm.miit.gov.cn/dxxzsp/help/noticeDetail.jsp?id=538,2026
工信部,新发证名单,《中华人民共和国增值电信业务经营许可证》发放名单-(2026)第17批,2026-05-26,慧诚众信（重庆）科技发展有限公司,B2-20252689,国内呼叫中心业务,重庆,B2-(全网),https://tsm.miit.gov.cn/dxxzsp/help/noticeDetail.jsp?id=538,2026
工信部,注销公示,关于拟注销江苏泽尔绿生态园艺有限公司等264家企业电信业务经营许可的公示,2026-06-15,锋鋆文化传媒（北京）有限公司,B2-20160696,国内呼叫中心业务,北京,B2-(全网),https://tsm.miit.gov.cn/dxxzsp/help/noticeDetail.jsp?id=544,2026
工信部,注销公示,关于拟注销江苏泽尔绿生态园艺有限公司等264家企业电信业务经营许可的公示,2026-06-15,陕西省通信服务有限公司,B2-20212076,国内呼叫中心业务,陕西,B2-(全网),https://tsm.miit.gov.cn/dxxzsp/help/noticeDetail.jsp?id=544,2026
工信部,注销公示,关于拟注销天津新间网络科技有限公司等217家企业电信业务经营许可的公示,2026-05-29,陕西锦源信息科技有限公司,B2-20160596,国内呼叫中心业务,陕西,B2-(全网),https://tsm.miit.gov.cn/dxxzsp/help/noticeDetail.jsp?id=540,2026
工信部,注销公示,关于拟注销天津新间网络科技有限公司等217家企业电信业务经营许可的公示,2026-05-29,北京康特讯科技发展有限公司,B2-20160942,国内呼叫中心业务,北京,B2-(全网),https://tsm.miit.gov.cn/dxxzsp/help/noticeDetail.jsp?id=540,2026
工信部,注销公示,关于拟注销天津新间网络科技有限公司等217家企业电信业务经营许可的公示,2026-05-29,成都路行通信息技术有限公司,合字B2-20220109,在线数据处理与交易处理业务、国内呼叫中心业务、信息服务业务（仅限互联网信息服务）,四川,B2-(全网),https://tsm.miit.gov.cn/dxxzsp/help/noticeDetail.jsp?id=540,2026
工信部,注销公示,关于拟注销天津新间网络科技有限公司等217家企业电信业务经营许可的公示,2026-05-29,上海傲文网络技术有限公司,B2-20211824,国内呼叫中心业务、信息服务业务（不含互联网信息服务）,上海,B2-(全网),https://tsm.miit.gov.cn/dxxzsp/help/noticeDetail.jsp?id=540,2026
工信部,注销公示,关于拟注销山东华企通网络科技有限公司等 204家企业电信业务经营许可的公示,2026-05-20,烟台百卡通数据有限公司,B2-20171137,国内呼叫中心业务,未知,B2-(全网),https://tsm.miit.gov.cn/dxxzsp/help/noticeDetail.jsp?id=537,2026
工信部,注销公示,关于拟注销山东华企通网络科技有限公司等 204家企业电信业务经营许可的公示,2026-05-20,青岛鲁诺金融电子技术有限公司,B2-20160933,国内呼叫中心业务,山东,B2-(全网),https://tsm.miit.gov.cn/dxxzsp/help/noticeDetail.jsp?id=537,2026
工信部,注销公示,关于拟注销山东华企通网络科技有限公司等 204家企业电信业务经营许可的公示,2026-05-20,中赋海腾信息科技有限公司,B2-20211589,国内呼叫中心业务、信息服务业务（不含互联网信息服务）,未知,B2-(全网),https://tsm.miit.gov.cn/dxxzsp/help/noticeDetail.jsp?id=537,2026
工信部,注销公示,关于拟注销山东华企通网络科技有限公司等 204家企业电信业务经营许可的公示,2026-05-20,广东酷码信息科技有限公司,B2-20160492,国内呼叫中心业务,广东,B2-(全网),https://tsm.miit.gov.cn/dxxzsp/help/noticeDetail.jsp?id=537,2026
工信部,注销公示,关于拟注销山东华企通网络科技有限公司等 204家企业电信业务经营许可的公示,2026-05-20,长沙市医枢亚网络科技有限公司,B2-20161137,国内呼叫中心业务,湖南,B2-(全网),https://tsm.miit.gov.cn/dxxzsp/help/noticeDetail.jsp?id=537,2026
工信部,新发证名单,《中华人民共和国增值电信业务经营许可证》发放名单-(2026)第16批,2026-05-19,成都许创琪花信息技术有限公司,B2-20261547,国内呼叫中心业务,四川,B2-(全网),https://tsm.miit.gov.cn/dxxzsp/help/noticeDetail.jsp?id=536,2026
工信部,新发证名单,《中华人民共和国增值电信业务经营许可证》发放名单-(2026)第16批,2026-05-19,福建水易通科技有限公司,B2-20261548,国内呼叫中心业务,福建,B2-(全网),https://tsm.miit.gov.cn/dxxzsp/help/noticeDetail.jsp?id=536,2026
工信部,新发证名单,《中华人民共和国增值电信业务经营许可证》发放名单-(2026)第16批,2026-05-19,安徽云戟网络科技有限公司,B2-20261549,国内呼叫中心业务,安徽,B2-(全网),https://tsm.miit.gov.cn/dxxzsp/help/noticeDetail.jsp?id=536,2026
工信部,新发证名单,《中华人民共和国增值电信业务经营许可证》发放名单-(2026)第16批,2026-05-19,重庆川己通信工程有限公司,B2-20261550,国内呼叫中心业务,重庆,B2-(全网),https://tsm.miit.gov.cn/dxxzsp/help/noticeDetail.jsp?id=536,2026
工信部,新发证名单,《中华人民共和国增值电信业务经营许可证》发放名单-(2026)第16批,2026-05-19,上海数据宝数智科技有限公司,B2-20261551,国内呼叫中心业务,上海,B2-(全网),https://tsm.miit.gov.cn/dxxzsp/help/noticeDetail.jsp?id=536,2026
工信部,新发证名单,《中华人民共和国增值电信业务经营许可证》发放名单-(2026)第16批,2026-05-19,山东鲸络信息科技有限公司,B2-20261552,国内呼叫中心业务,山东,B2-(全网),https://tsm.miit.gov.cn/dxxzsp/help/noticeDetail.jsp?id=536,2026
工信部,新发证名单,《中华人民共和国增值电信业务经营许可证》发放名单-(2026)第16批,2026-05-19,上海驰丽科技有限公司,B2-20261553,国内呼叫中心业务,上海,B2-(全网),https://tsm.miit.gov.cn/dxxzsp/help/noticeDetail.jsp?id=536,2026
工信部,新发证名单,《中华人民共和国增值电信业务经营许可证》发放名单-(2026)第16批,2026-05-19,上海璟忱科技有限公司,B1.B2-20203416,国内呼叫中心业务,上海,混合-(全网),https://tsm.miit.gov.cn/dxxzsp/help/noticeDetail.jsp?id=536,2026
工信部,新发证名单,《中华人民共和国增值电信业务经营许可证》发放名单-(2026)第16批,2026-05-19,河南寻客宝通信科技有限公司,B2-20254206,国内呼叫中心业务,河南,B2-(全网),https://tsm.miit.gov.cn/dxxzsp/help/noticeDetail.jsp?id=536,2026
工信部,新发证名单,《中华人民共和国增值电信业务经营许可证》发放名单-(2026)第21批,2026-06-22,广西元鑫企业管理咨询有限公司,B2-20262051,国内呼叫中心业务,广西,B2-(全网),https://tsm.miit.gov.cn/dxxzsp/help/noticeDetail.jsp?id=545,2026
工信部,新发证名单,《中华人民共和国增值电信业务经营许可证》发放名单-(2026)第21批,2026-06-22,江苏钟吾大数据发展集团有限公司,B2-20262052,国内呼叫中心业务,江苏,B2-(全网),https://tsm.miit.gov.cn/dxxzsp/help/noticeDetail.jsp?id=545,2026
工信部,新发证名单,《中华人民共和国增值电信业务经营许可证》发放名单-(2026)第21批,2026-06-22,上海赛邮云计算有限公司,B2-20171775,国内呼叫中心业务,上海,B2-(全网),https://tsm.miit.gov.cn/dxxzsp/help/noticeDetail.jsp?id=545,2026
工信部,新发证名单,《中华人民共和国增值电信业务经营许可证》发放名单-(2026)第21批,2026-06-22,京投（山东）网络科技有限公司,B2-20195547,国内呼叫中心业务,山东,B2-(全网),https://tsm.miit.gov.cn/dxxzsp/help/noticeDetail.jsp?id=545,2026
工信部,新发证名单,《中华人民共和国增值电信业务经营许可证》发放名单-(2026)第21批,2026-06-22,深圳市中安通信科技有限公司,B2-20225515,国内呼叫中心业务,广东,B2-(全网),https://tsm.miit.gov.cn/dxxzsp/help/noticeDetail.jsp?id=545,2026
工信部,新发证名单,《中华人民共和国增值电信业务经营许可证》发放名单-(2026)第21批,2026-06-22,中讯邮电咨询设计院有限公司,B2-20261536,国内呼叫中心业务信息服务业务（不含互联网信息服务）,北京,B2-(全网),https://tsm.miit.gov.cn/dxxzsp/help/noticeDetail.jsp?id=545,2026
工信部,新发证名单,《中华人民共和国增值电信业务经营许可证》发放名单-(2026)第14批,2026-05-06,上海领智企业管理咨询有限公司,B2-20261387,国内呼叫中心业务,上海,B2-(全网),https://tsm.miit.gov.cn/dxxzsp/help/noticeDetail.jsp?id=532,2026
工信部,新发证名单,《中华人民共和国增值电信业务经营许可证》发放名单-(2026)第14批,2026-05-06,武汉众生缘人力资源有限公司,B2-20261388,国内呼叫中心业务,湖北,B2-(全网),https://tsm.miit.gov.cn/dxxzsp/help/noticeDetail.jsp?id=532,2026
工信部,新发证名单,《中华人民共和国增值电信业务经营许可证》发放名单-(2026)第14批,2026-05-06,广州速客网络科技有限公司,B2-20261389,国内呼叫中心业务,广东,B2-(全网),https://tsm.miit.gov.cn/dxxzsp/help/noticeDetail.jsp?id=532,2026
工信部,新发证名单,《中华人民共和国增值电信业务经营许可证》发放名单-(2026)第14批,2026-05-06,上海云信留客信息科技有限公司,B2-20150516,国内呼叫中心业务,上海,B2-(全网),https://tsm.miit.gov.cn/dxxzsp/help/noticeDetail.jsp?id=532,2026
工信部,新发证名单,《中华人民共和国增值电信业务经营许可证》发放名单-(2026)第14批,2026-05-06,河南亘旭通信科技有限公司,B2-20225330,国内呼叫中心业务,河南,B2-(全网),https://tsm.miit.gov.cn/dxxzsp/help/noticeDetail.jsp?id=532,2026
工信部,新发证名单,《中华人民共和国增值电信业务经营许可证》发放名单-(2026)第14批,2026-05-06,浙江阿达智慧物联科技有限公司,B2-20251517,国内呼叫中心业务,浙江,B2-(全网),https://tsm.miit.gov.cn/dxxzsp/help/noticeDetail.jsp?id=532,2026
工信部,新发证名单,《中华人民共和国增值电信业务经营许可证》发放名单-(2026)第12批,2026-04-15,成都金蚂银信息技术有限公司,B2-20261213,国内呼叫中心业务,四川,B2-(全网),https://tsm.miit.gov.cn/dxxzsp/help/noticeDetail.jsp?id=529,2026
工信部,新发证名单,《中华人民共和国增值电信业务经营许可证》发放名单-(2026)第12批,2026-04-15,重庆方程拓威科技有限公司,B2-20261214,国内呼叫中心业务,重庆,B2-(全网),https://tsm.miit.gov.cn/dxxzsp/help/noticeDetail.jsp?id=529,2026
工信部,新发证名单,《中华人民共和国增值电信业务经营许可证》发放名单-(2026)第12批,2026-04-15,浙江圣卿科技有限公司,B2-20261215,国内呼叫中心业务,浙江,B2-(全网),https://tsm.miit.gov.cn/dxxzsp/help/noticeDetail.jsp?id=529,2026
工信部,新发证名单,《中华人民共和国增值电信业务经营许可证》发放名单-(2026)第12批,2026-04-15,重庆理以信通信有限公司,B2-20261216,国内呼叫中心业务,重庆,B2-(全网),https://tsm.miit.gov.cn/dxxzsp/help/noticeDetail.jsp?id=529,2026
工信部,新发证名单,《中华人民共和国增值电信业务经营许可证》发放名单-(2026)第12批,2026-04-15,诗娅（广州）网络科技有限公司,B2-20261217,国内呼叫中心业务,广东,B2-(全网),https://tsm.miit.gov.cn/dxxzsp/help/noticeDetail.jsp?id=529,2026
工信部,新发证名单,《中华人民共和国增值电信业务经营许可证》发放名单-(2026)第12批,2026-04-15,郑州启瞰通信有限公司,B2-20261218,国内呼叫中心业务,河南,B2-(全网),https://tsm.miit.gov.cn/dxxzsp/help/noticeDetail.jsp?id=529,2026
工信部,新发证名单,《中华人民共和国增值电信业务经营许可证》发放名单-(2026)第12批,2026-04-15,声镜（上海）科技有限公司,B2-20261219,国内呼叫中心业务,上海,B2-(全网),https://tsm.miit.gov.cn/dxxzsp/help/noticeDetail.jsp?id=529,2026
工信部,新发证名单,《中华人民共和国增值电信业务经营许可证》发放名单-(2026)第12批,2026-04-15,武汉汇当科技有限公司,合字B2-20260248,国内呼叫中心业务,湖北,B2-(全网),https://tsm.miit.gov.cn/dxxzsp/help/noticeDetail.jsp?id=529,2026
工信部,新发证名单,《中华人民共和国增值电信业务经营许可证》发放名单-(2026)第12批,2026-04-15,北京翊云科技有限公司,B2-20210808,国内呼叫中心业务,北京,B2-(全网),https://tsm.miit.gov.cn/dxxzsp/help/noticeDetail.jsp?id=529,2026
工信部,新发证名单,《中华人民共和国增值电信业务经营许可证》发放名单-(2026)第12批,2026-04-15,郑州庭轩电子科技有限公司,B2-20223458,国内呼叫中心业务,河南,B2-(全网),https://tsm.miit.gov.cn/dxxzsp/help/noticeDetail.jsp?id=529,2026
工信部,新发证名单,《中华人民共和国增值电信业务经营许可证》发放名单-(2026)第12批,2026-04-15,灵知科技（湖州）有限公司,合字B2-20250679,国内呼叫中心业务,未知,B2-(全网),https://tsm.miit.gov.cn/dxxzsp/help/noticeDetail.jsp?id=529,2026
工信部,新发证名单,《中华人民共和国增值电信业务经营许可证》发放名单-(2026)第13批,2026-04-20,湖南贮梁信息科技有限公司,B2-20261301,国内呼叫中心业务,湖南,B2-(全网),https://tsm.miit.gov.cn/dxxzsp/help/noticeDetail.jsp?id=530,2026
工信部,新发证名单,《中华人民共和国增值电信业务经营许可证》发放名单-(2026)第13批,2026-04-20,厦门众合慧联网络科技有限公司,B2-20261302,国内呼叫中心业务,福建,B2-(全网),https://tsm.miit.gov.cn/dxxzsp/help/noticeDetail.jsp?id=530,2026
工信部,新发证名单,《中华人民共和国增值电信业务经营许可证》发放名单-(2026)第13批,2026-04-20,广东新佳通信息技术有限公司,B2-20261303,国内呼叫中心业务,广东,B2-(全网),https://tsm.miit.gov.cn/dxxzsp/help/noticeDetail.jsp?id=530,2026
工信部,新发证名单,《中华人民共和国增值电信业务经营许可证》发放名单-(2026)第13批,2026-04-20,南京欧泊睿信息技术有限公司,B2-20261304,国内呼叫中心业务,江苏,B2-(全网),https://tsm.miit.gov.cn/dxxzsp/help/noticeDetail.jsp?id=530,2026
工信部,新发证名单,《中华人民共和国增值电信业务经营许可证》发放名单-(2026)第13批,2026-04-20,北京寒影科技有限公司,B2-20261305,国内呼叫中心业务,北京,B2-(全网),https://tsm.miit.gov.cn/dxxzsp/help/noticeDetail.jsp?id=530,2026
工信部,新发证名单,《中华人民共和国增值电信业务经营许可证》发放名单-(2026)第13批,2026-04-20,安徽莱傲企业管理服务有限公司,B2-20261306,国内呼叫中心业务,安徽,B2-(全网),https://tsm.miit.gov.cn/dxxzsp/help/noticeDetail.jsp?id=530,2026
工信部,新发证名单,《中华人民共和国增值电信业务经营许可证》发放名单-(2026)第13批,2026-04-20,广东佰联寰宇科技有限公司,B2-20261307,国内呼叫中心业务,广东,B2-(全网),https://tsm.miit.gov.cn/dxxzsp/help/noticeDetail.jsp?id=530,2026
工信部,新发证名单,《中华人民共和国增值电信业务经营许可证》发放名单-(2026)第13批,2026-04-20,深圳中网讯通技术有限公司,B2-20211493,国内呼叫中心业务,广东,B2-(全网),https://tsm.miit.gov.cn/dxxzsp/help/noticeDetail.jsp?id=530,2026
工信部,新发证名单,《中华人民共和国增值电信业务经营许可证》发放名单-(2026)第13批,2026-04-20,杭州黑鲷科技有限公司,B1.B2-20250369,国内呼叫中心业务,浙江,混合-(全网),https://tsm.miit.gov.cn/dxxzsp/help/noticeDetail.jsp?id=530,2026
工信部,新发证名单,《中华人民共和国增值电信业务经营许可证》发放名单-(2026)第10批,2026-04-02,武汉云锦楚绣科技有限公司,B2-20261057,国内呼叫中心业务,湖北,B2-(全网),https://tsm.miit.gov.cn/dxxzsp/help/noticeDetail.jsp?id=526,2026
工信部,新发证名单,《中华人民共和国增值电信业务经营许可证》发放名单-(2026)第10批,2026-04-02,广州立星网络通信有限公司,B2-20261058,国内呼叫中心业务,广东,B2-(全网),https://tsm.miit.gov.cn/dxxzsp/help/noticeDetail.jsp?id=526,2026
工信部,新发证名单,《中华人民共和国增值电信业务经营许可证》发放名单-(2026)第10批,2026-04-02,北京韵盛明科技有限公司,B2-20261059,国内呼叫中心业务,北京,B2-(全网),https://tsm.miit.gov.cn/dxxzsp/help/noticeDetail.jsp?id=526,2026
工信部,新发证名单,《中华人民共和国增值电信业务经营许可证》发放名单-(2026)第10批,2026-04-02,北京外企德科人力资源服务上海有限公司,合字B2-20260215,国内呼叫中心业务,北京,B2-(全网),https://tsm.miit.gov.cn/dxxzsp/help/noticeDetail.jsp?id=526,2026
工信部,新发证名单,《中华人民共和国增值电信业务经营许可证》发放名单-(2026)第10批,2026-04-02,杭州讯展互联科技有限公司,B2-20252549,国内呼叫中心业务,浙江,B2-(全网),https://tsm.miit.gov.cn/dxxzsp/help/noticeDetail.jsp?id=526,2026
工信部,新发证名单,《中华人民共和国增值电信业务经营许可证》发放名单-(2026)第10批,2026-04-02,上海越凯网络科技有限公司,B1.B2-20252654,国内呼叫中心业务,上海,混合-(全网),https://tsm.miit.gov.cn/dxxzsp/help/noticeDetail.jsp?id=526,2026
工信部,新发证名单,《中华人民共和国增值电信业务经营许可证》发放名单-(2026)第11批,2026-04-08,北京波琪科技有限公司,B2-20261131,国内呼叫中心业务,北京,B2-(全网),https://tsm.miit.gov.cn/dxxzsp/help/noticeDetail.jsp?id=528,2026
工信部,新发证名单,《中华人民共和国增值电信业务经营许可证》发放名单-(2026)第11批,2026-04-08,深圳市明鑫企业服务咨询有限公司,B2-20261132,国内呼叫中心业务,广东,B2-(全网),https://tsm.miit.gov.cn/dxxzsp/help/noticeDetail.jsp?id=528,2026
工信部,新发证名单,《中华人民共和国增值电信业务经营许可证》发放名单-(2026)第11批,2026-04-08,南京云语智通咨询服务有限公司,B2-20261133,国内呼叫中心业务,江苏,B2-(全网),https://tsm.miit.gov.cn/dxxzsp/help/noticeDetail.jsp?id=528,2026
工信部,新发证名单,《中华人民共和国增值电信业务经营许可证》发放名单-(2026)第11批,2026-04-08,湖南映现传媒有限公司,B2-20261134,国内呼叫中心业务,湖南,B2-(全网),https://tsm.miit.gov.cn/dxxzsp/help/noticeDetail.jsp?id=528,2026
工信部,新发证名单,《中华人民共和国增值电信业务经营许可证》发放名单-(2026)第11批,2026-04-08,北京达融信科技集团有限公司,B2-20261135,国内呼叫中心业务,北京,B2-(全网),https://tsm.miit.gov.cn/dxxzsp/help/noticeDetail.jsp?id=528,2026
工信部,新发证名单,《中华人民共和国增值电信业务经营许可证》发放名单-(2026)第11批,2026-04-08,河南叁柒玖通信技术有限公司,B2-20261136,国内呼叫中心业务,河南,B2-(全网),https://tsm.miit.gov.cn/dxxzsp/help/noticeDetail.jsp?id=528,2026
工信部,新发证名单,《中华人民共和国增值电信业务经营许可证》发放名单-(2026)第11批,2026-04-08,四川蜀客电子商务有限公司,B2-20261137,国内呼叫中心业务,四川,B2-(全网),https://tsm.miit.gov.cn/dxxzsp/help/noticeDetail.jsp?id=528,2026
工信部,新发证名单,《中华人民共和国增值电信业务经营许可证》发放名单-(2026)第11批,2026-04-08,深圳市大众通信技术有限公司,B2-20261148,国内呼叫中心业务信息服务业务（不含互联网信息服务）,广东,B2-(全网),https://tsm.miit.gov.cn/dxxzsp/help/noticeDetail.jsp?id=528,2026
工信部,新发证名单,《中华人民共和国增值电信业务经营许可证》发放名单-(2026)第11批,2026-04-08,四川爱易惠网络科技有限公司,B2-20130330,国内呼叫中心业务,四川,B2-(全网),https://tsm.miit.gov.cn/dxxzsp/help/noticeDetail.jsp?id=528,2026
工信部,注销公示,关于拟注销南京睿宏无限网络技术有限公司等 236家企业电信业务经营许可的公示,2026-07-02,湖北纳杰人力资源有限公司,B2-20160750,国内呼叫中心业务,湖北,B2-(全网),https://tsm.miit.gov.cn/dxxzsp/help/noticeDetail.jsp?id=547,2026
工信部,注销公示,关于拟注销南京睿宏无限网络技术有限公司等 236家企业电信业务经营许可的公示,2026-07-02,河南宅乐送电子商务有限公司,B2-20160940,国内呼叫中心业务,河南,B2-(全网),https://tsm.miit.gov.cn/dxxzsp/help/noticeDetail.jsp?id=547,2026
工信部,注销公示,关于拟注销南京睿宏无限网络技术有限公司等 236家企业电信业务经营许可的公示,2026-07-02,贵州善阳商务咨询有限公司,B2-20212369,国内多方通信服务业务、国内呼叫中心业务,贵州,B2-(全网),https://tsm.miit.gov.cn/dxxzsp/help/noticeDetail.jsp?id=547,2026
工信部,注销公示,关于拟注销南京睿宏无限网络技术有限公司等 236家企业电信业务经营许可的公示,2026-07-02,大唐融合（盘锦）科技有限公司,B2-20212444,国内呼叫中心业务、信息服务业务（不含互联网信息服务）,未知,B2-(全网),https://tsm.miit.gov.cn/dxxzsp/help/noticeDetail.jsp?id=547,2026
工信部,注销公示,关于拟注销广州至云信息科技有限公司等 181家企业电信业务经营许可的公示,2026-04-21,快钱支付清算信息有限公司,B2-20060204,国内呼叫中心业务,未知,B2-(全网),https://tsm.miit.gov.cn/dxxzsp/help/noticeDetail.jsp?id=531,2026
工信部,注销公示,关于拟注销广州至云信息科技有限公司等 181家企业电信业务经营许可的公示,2026-04-21,海普信息技术服务有限公司,B2-20211259,国内呼叫中心业务,未知,B2-(全网),https://tsm.miit.gov.cn/dxxzsp/help/noticeDetail.jsp?id=531,2026
工信部,新发证名单,《中华人民共和国增值电信业务经营许可证》发放名单-(2026)第15批,2026-05-09,广州腾睿国际技术有限公司,B2-20261467,国内呼叫中心业务,广东,B2-(全网),https://tsm.miit.gov.cn/dxxzsp/help/noticeDetail.jsp?id=534,2026
工信部,新发证名单,《中华人民共和国增值电信业务经营许可证》发放名单-(2026)第15批,2026-05-09,广典赋能科技（上海）有限公司,B2-20261468,国内呼叫中心业务,上海,B2-(全网),https://tsm.miit.gov.cn/dxxzsp/help/noticeDetail.jsp?id=534,2026
工信部,新发证名单,《中华人民共和国增值电信业务经营许可证》发放名单-(2026)第15批,2026-05-09,杭州星汉通科技有限公司,B2-20261469,国内呼叫中心业务,浙江,B2-(全网),https://tsm.miit.gov.cn/dxxzsp/help/noticeDetail.jsp?id=534,2026
工信部,新发证名单,《中华人民共和国增值电信业务经营许可证》发放名单-(2026)第15批,2026-05-09,苏州哪都通科技有限公司,B2-20261470,国内呼叫中心业务,江苏,B2-(全网),https://tsm.miit.gov.cn/dxxzsp/help/noticeDetail.jsp?id=534,2026
工信部,新发证名单,《中华人民共和国增值电信业务经营许可证》发放名单-(2026)第15批,2026-05-09,北京域丰年科技有限公司,B2-20261471,国内呼叫中心业务,北京,B2-(全网),https://tsm.miit.gov.cn/dxxzsp/help/noticeDetail.jsp?id=534,2026
工信部,新发证名单,《中华人民共和国增值电信业务经营许可证》发放名单-(2026)第15批,2026-05-09,北京朗宇信息技术有限公司,B2-20160771,国内呼叫中心业务,北京,B2-(全网),https://tsm.miit.gov.cn/dxxzsp/help/noticeDetail.jsp?id=534,2026
工信部,新发证名单,《中华人民共和国增值电信业务经营许可证》发放名单-(2026)第15批,2026-05-09,绍兴通泽网络科技有限公司,B2-20221568,国内呼叫中心业务,未知,B2-(全网),https://tsm.miit.gov.cn/dxxzsp/help/noticeDetail.jsp?id=534,2026
工信部,新发证名单,《中华人民共和国增值电信业务经营许可证》发放名单-(2026)第8批,2026-03-17,启伟杰（上海）信息科技有限公司,B2-20260810,国内呼叫中心业务,上海,B2-(全网),https://tsm.miit.gov.cn/dxxzsp/help/noticeDetail.jsp?id=523,2026
工信部,新发证名单,《中华人民共和国增值电信业务经营许可证》发放名单-(2026)第8批,2026-03-17,北京远甄科技有限公司,B2-20260811,国内呼叫中心业务,北京,B2-(全网),https://tsm.miit.gov.cn/dxxzsp/help/noticeDetail.jsp?id=523,2026
工信部,新发证名单,《中华人民共和国增值电信业务经营许可证》发放名单-(2026)第8批,2026-03-17,辽宁天识科技有限公司,B2-20260812,国内呼叫中心业务,辽宁,B2-(全网),https://tsm.miit.gov.cn/dxxzsp/help/noticeDetail.jsp?id=523,2026
工信部,新发证名单,《中华人民共和国增值电信业务经营许可证》发放名单-(2026)第8批,2026-03-17,杭州图例科技有限公司,B2-20260813,国内呼叫中心业务,浙江,B2-(全网),https://tsm.miit.gov.cn/dxxzsp/help/noticeDetail.jsp?id=523,2026
工信部,新发证名单,《中华人民共和国增值电信业务经营许可证》发放名单-(2026)第8批,2026-03-17,星辰通信（北京）有限公司,B2-20260814,国内呼叫中心业务,北京,B2-(全网),https://tsm.miit.gov.cn/dxxzsp/help/noticeDetail.jsp?id=523,2026
工信部,新发证名单,《中华人民共和国增值电信业务经营许可证》发放名单-(2026)第8批,2026-03-17,中消在线有限公司,合字B2-20260172,国内多方通信服务业务国内呼叫中心业务,未知,B2-(全网),https://tsm.miit.gov.cn/dxxzsp/help/noticeDetail.jsp?id=523,2026
工信部,新发证名单,《中华人民共和国增值电信业务经营许可证》发放名单-(2026)第7批,2026-03-05,武汉市恒佳茂科技有限公司,B2-20260735,国内呼叫中心业务,湖北,B2-(全网),https://tsm.miit.gov.cn/dxxzsp/help/noticeDetail.jsp?id=521,2026
工信部,新发证名单,《中华人民共和国增值电信业务经营许可证》发放名单-(2026)第7批,2026-03-05,阅识科技（北京）有限公司,B2-20260755,国内呼叫中心业务信息服务业务（不含互联网信息服务）,北京,B2-(全网),https://tsm.miit.gov.cn/dxxzsp/help/noticeDetail.jsp?id=521,2026
工信部,新发证名单,《中华人民共和国增值电信业务经营许可证》发放名单-(2026)第7批,2026-03-05,武汉毅米信息科技有限公司,B2-20232517,国内呼叫中心业务,湖北,B2-(全网),https://tsm.miit.gov.cn/dxxzsp/help/noticeDetail.jsp?id=521,2026
工信部,新发证名单,《中华人民共和国增值电信业务经营许可证》发放名单-(2026)第7批,2026-03-05,上海算模算样科技有限公司,B1.B2-20253388,国内呼叫中心业务,上海,混合-(全网),https://tsm.miit.gov.cn/dxxzsp/help/noticeDetail.jsp?id=521,2026
工信部,注销公示,关于拟注销北京纳诺天地科技有限公司等 190家企业电信业务经营许可的公示,2026-03-27,广东云之禹通信有限公司,B2-20194189,信息服务业务（不含互联网信息服务）（2）继续经营：国内呼叫中心业务,广东,B2-(全网),https://tsm.miit.gov.cn/dxxzsp/help/noticeDetail.jsp?id=525,2026
工信部,新发证名单,《中华人民共和国增值电信业务经营许可证》发放名单-(2026)第9批,2026-03-25,北京中科智普科技有限公司,B2-20260927,国内呼叫中心业务,北京,B2-(全网),https://tsm.miit.gov.cn/dxxzsp/help/noticeDetail.jsp?id=524,2026
工信部,新发证名单,《中华人民共和国增值电信业务经营许可证》发放名单-(2026)第9批,2026-03-25,大连创升科技有限公司,B2-20260928,国内呼叫中心业务,辽宁,B2-(全网),https://tsm.miit.gov.cn/dxxzsp/help/noticeDetail.jsp?id=524,2026
工信部,新发证名单,《中华人民共和国增值电信业务经营许可证》发放名单-(2026)第9批,2026-03-25,中国广电山东网络有限公司,B2-20260929,国内呼叫中心业务,山东,B2-(全网),https://tsm.miit.gov.cn/dxxzsp/help/noticeDetail.jsp?id=524,2026
工信部,新发证名单,《中华人民共和国增值电信业务经营许可证》发放名单-(2026)第9批,2026-03-25,北京意米通信有限公司,B2-20260930,国内呼叫中心业务,北京,B2-(全网),https://tsm.miit.gov.cn/dxxzsp/help/noticeDetail.jsp?id=524,2026
工信部,新发证名单,《中华人民共和国增值电信业务经营许可证》发放名单-(2026)第9批,2026-03-25,上海泉速信息技术有限公司,B2-20260931,国内呼叫中心业务,上海,B2-(全网),https://tsm.miit.gov.cn/dxxzsp/help/noticeDetail.jsp?id=524,2026
工信部,新发证名单,《中华人民共和国增值电信业务经营许可证》发放名单-(2026)第9批,2026-03-25,南京棋方通信科技有限公司,B2-20260932,国内呼叫中心业务,江苏,B2-(全网),https://tsm.miit.gov.cn/dxxzsp/help/noticeDetail.jsp?id=524,2026
工信部,新发证名单,《中华人民共和国增值电信业务经营许可证》发放名单-(2026)第9批,2026-03-25,北京环天三九国际航空救援有限公司,B2-20260933,国内呼叫中心业务,北京,B2-(全网),https://tsm.miit.gov.cn/dxxzsp/help/noticeDetail.jsp?id=524,2026
工信部,新发证名单,《中华人民共和国增值电信业务经营许可证》发放名单-(2026)第9批,2026-03-25,河南玖顺通信服务有限公司,B2-20260934,国内呼叫中心业务,河南,B2-(全网),https://tsm.miit.gov.cn/dxxzsp/help/noticeDetail.jsp?id=524,2026
工信部,新发证名单,《中华人民共和国增值电信业务经营许可证》发放名单-(2026)第9批,2026-03-25,广东巨网信息技术有限公司,B2-20260935,国内呼叫中心业务,广东,B2-(全网),https://tsm.miit.gov.cn/dxxzsp/help/noticeDetail.jsp?id=524,2026
工信部,新发证名单,《中华人民共和国增值电信业务经营许可证》发放名单-(2026)第9批,2026-03-25,创翼元数人工智能科技（上海）有限公司,B2-20260936,国内呼叫中心业务,上海,B2-(全网),https://tsm.miit.gov.cn/dxxzsp/help/noticeDetail.jsp?id=524,2026
工信部,新发证名单,《中华人民共和国增值电信业务经营许可证》发放名单-(2026)第9批,2026-03-25,胜通和科技有限公司,B2-20260937,国内呼叫中心业务,未知,B2-(全网),https://tsm.miit.gov.cn/dxxzsp/help/noticeDetail.jsp?id=524,2026
工信部,新发证名单,《中华人民共和国增值电信业务经营许可证》发放名单-(2026)第9批,2026-03-25,陕西数讯信息技术有限公司,B2-20260938,国内呼叫中心业务,陕西,B2-(全网),https://tsm.miit.gov.cn/dxxzsp/help/noticeDetail.jsp?id=524,2026
工信部,新发证名单,《中华人民共和国增值电信业务经营许可证》发放名单-(2026)第9批,2026-03-25,北京德茗科技有限公司,B2-20260939,国内呼叫中心业务,北京,B2-(全网),https://tsm.miit.gov.cn/dxxzsp/help/noticeDetail.jsp?id=524,2026
工信部,新发证名单,《中华人民共和国增值电信业务经营许可证》发放名单-(2026)第9批,2026-03-25,北京象智源科贸有限公司,B2-20260940,国内呼叫中心业务,北京,B2-(全网),https://tsm.miit.gov.cn/dxxzsp/help/noticeDetail.jsp?id=524,2026
工信部,新发证名单,《中华人民共和国增值电信业务经营许可证》发放名单-(2026)第9批,2026-03-25,浙江灵犀创想网络有限公司,B2-20260941,国内呼叫中心业务,浙江,B2-(全网),https://tsm.miit.gov.cn/dxxzsp/help/noticeDetail.jsp?id=524,2026
工信部,新发证名单,《中华人民共和国增值电信业务经营许可证》发放名单-(2026)第9批,2026-03-25,河南泰途企业服务有限公司,B2-20260942,国内呼叫中心业务,河南,B2-(全网),https://tsm.miit.gov.cn/dxxzsp/help/noticeDetail.jsp?id=524,2026
工信部,新发证名单,《中华人民共和国增值电信业务经营许可证》发放名单-(2026)第9批,2026-03-25,沈汽华制（沈阳）汽车产业服务有限公司,B2-20260943,国内呼叫中心业务,辽宁,B2-(全网),https://tsm.miit.gov.cn/dxxzsp/help/noticeDetail.jsp?id=524,2026
工信部,新发证名单,《中华人民共和国增值电信业务经营许可证》发放名单-(2026)第9批,2026-03-25,中微华盛（北京）科技有限公司,A2.B2-20260944,固定网国内数据传送业务国内呼叫中心业务,北京,混合-(全网),https://tsm.miit.gov.cn/dxxzsp/help/noticeDetail.jsp?id=524,2026
工信部,新发证名单,《中华人民共和国增值电信业务经营许可证》发放名单-(2026)第9批,2026-03-25,上海益盟科技有限公司,B2-20215429,国内呼叫中心业务,上海,B2-(全网),https://tsm.miit.gov.cn/dxxzsp/help/noticeDetail.jsp?id=524,2026
工信部,新发证名单,《中华人民共和国增值电信业务经营许可证》发放名单-(2026)第9批,2026-03-25,上海哈啰普惠科技有限公司,合字B2-20250622,国内呼叫中心业务,上海,B2-(全网),https://tsm.miit.gov.cn/dxxzsp/help/noticeDetail.jsp?id=524,2026
工信部,新发证名单,《中华人民共和国增值电信业务经营许可证》发放名单-(2026)第9批,2026-03-25,北京烽云智信技术服务有限公司,B2-20254294,国内呼叫中心业务,北京,B2-(全网),https://tsm.miit.gov.cn/dxxzsp/help/noticeDetail.jsp?id=524,2026
工信部,新发证名单,《中华人民共和国增值电信业务经营许可证》发放名单-(2026)第6批（上）,2026-02-13,云语者通讯科技（江苏）有限公司,B2-20260568,国内呼叫中心业务,江苏,B2-(全网),https://tsm.miit.gov.cn/dxxzsp/help/noticeDetail.jsp?id=517,2026
工信部,新发证名单,《中华人民共和国增值电信业务经营许可证》发放名单-(2026)第6批（上）,2026-02-13,广州冠梓科技有限公司,B2-20260569,国内呼叫中心业务,广东,B2-(全网),https://tsm.miit.gov.cn/dxxzsp/help/noticeDetail.jsp?id=517,2026
工信部,新发证名单,《中华人民共和国增值电信业务经营许可证》发放名单-(2026)第6批（上）,2026-02-13,申朴信息技术（上海）股份有限公司,B2-20260570,国内呼叫中心业务,上海,B2-(全网),https://tsm.miit.gov.cn/dxxzsp/help/noticeDetail.jsp?id=517,2026
工信部,新发证名单,《中华人民共和国增值电信业务经营许可证》发放名单-(2026)第6批（上）,2026-02-13,数呼（广州）科技有限公司,B2-20260571,国内呼叫中心业务,广东,B2-(全网),https://tsm.miit.gov.cn/dxxzsp/help/noticeDetail.jsp?id=517,2026
工信部,新发证名单,《中华人民共和国增值电信业务经营许可证》发放名单-(2026)第6批（上）,2026-02-13,苏扬科技集团股份有限公司,B2-20260572,国内呼叫中心业务,未知,B2-(全网),https://tsm.miit.gov.cn/dxxzsp/help/noticeDetail.jsp?id=517,2026
工信部,新发证名单,《中华人民共和国增值电信业务经营许可证》发放名单-(2026)第6批（上）,2026-02-13,广州商投科技有限公司,B2-20260573,国内呼叫中心业务,广东,B2-(全网),https://tsm.miit.gov.cn/dxxzsp/help/noticeDetail.jsp?id=517,2026
工信部,新发证名单,《中华人民共和国增值电信业务经营许可证》发放名单-(2026)第6批（上）,2026-02-13,河北洺禹通讯科技有限公司,B2-20260574,国内呼叫中心业务,河北,B2-(全网),https://tsm.miit.gov.cn/dxxzsp/help/noticeDetail.jsp?id=517,2026
工信部,新发证名单,《中华人民共和国增值电信业务经营许可证》发放名单-(2026)第6批（上）,2026-02-13,湖北速驰通讯有限公司,B2-20260575,国内呼叫中心业务,湖北,B2-(全网),https://tsm.miit.gov.cn/dxxzsp/help/noticeDetail.jsp?id=517,2026
工信部,新发证名单,《中华人民共和国增值电信业务经营许可证》发放名单-(2026)第6批（上）,2026-02-13,河南唯帕通信技术有限公司,B2-20260576,国内呼叫中心业务,河南,B2-(全网),https://tsm.miit.gov.cn/dxxzsp/help/noticeDetail.jsp?id=517,2026
工信部,新发证名单,《中华人民共和国增值电信业务经营许可证》发放名单-(2026)第6批（上）,2026-02-13,山东信达德创网络科技有限公司,B2-20260577,国内呼叫中心业务,山东,B2-(全网),https://tsm.miit.gov.cn/dxxzsp/help/noticeDetail.jsp?id=517,2026
工信部,新发证名单,《中华人民共和国增值电信业务经营许可证》发放名单-(2026)第6批（上）,2026-02-13,上海大智慧信息科技有限公司,B2-20260578,国内呼叫中心业务,上海,B2-(全网),https://tsm.miit.gov.cn/dxxzsp/help/noticeDetail.jsp?id=517,2026
工信部,新发证名单,《中华人民共和国增值电信业务经营许可证》发放名单-(2026)第6批（上）,2026-02-13,艾捷特信息技术（大连）有限公司,合字B2-20260099,国内呼叫中心业务,辽宁,B2-(全网),https://tsm.miit.gov.cn/dxxzsp/help/noticeDetail.jsp?id=517,2026
工信部,新发证名单,《中华人民共和国增值电信业务经营许可证》发放名单-(2026)第6批（上）,2026-02-13,爱邦保险经纪有限公司,合字B2-20260100,国内呼叫中心业务,未知,B2-(全网),https://tsm.miit.gov.cn/dxxzsp/help/noticeDetail.jsp?id=517,2026
工信部,新发证名单,《中华人民共和国增值电信业务经营许可证》发放名单-(2026)第6批（上）,2026-02-13,北京天朗金诺科技有限公司,B2-20172917,国内呼叫中心业务,北京,B2-(全网),https://tsm.miit.gov.cn/dxxzsp/help/noticeDetail.jsp?id=517,2026
工信部,新发证名单,《中华人民共和国增值电信业务经营许可证》发放名单-(2026)第6批（上）,2026-02-13,杭州可承通信服务有限公司,B2-20201827,国内呼叫中心业务,浙江,B2-(全网),https://tsm.miit.gov.cn/dxxzsp/help/noticeDetail.jsp?id=517,2026
工信部,新发证名单,《中华人民共和国增值电信业务经营许可证》发放名单-(2026)第6批（上）,2026-02-13,福建讯禾华翎信息科技有限公司,B1.B2-20202565,国内呼叫中心业务,福建,混合-(全网),https://tsm.miit.gov.cn/dxxzsp/help/noticeDetail.jsp?id=517,2026
工信部,新发证名单,《中华人民共和国增值电信业务经营许可证》发放名单-(2026)第6批（上）,2026-02-13,深圳市智来水科技有限公司,B2-20225053,国内呼叫中心业务,广东,B2-(全网),https://tsm.miit.gov.cn/dxxzsp/help/noticeDetail.jsp?id=517,2026
工信部,新发证名单,《中华人民共和国增值电信业务经营许可证》发放名单-(2026)第6批（上）,2026-02-13,苏州三冬信息科技有限公司,B1.B2-20232676,国内呼叫中心业务,江苏,混合-(全网),https://tsm.miit.gov.cn/dxxzsp/help/noticeDetail.jsp?id=517,2026
工信部,新发证名单,《中华人民共和国增值电信业务经营许可证》发放名单-(2026)第6批（上）,2026-02-13,广州信顺智联信息科技有限公司,B2-20233989,国内呼叫中心业务,广东,B2-(全网),https://tsm.miit.gov.cn/dxxzsp/help/noticeDetail.jsp?id=517,2026
工信部,新发证名单,《中华人民共和国增值电信业务经营许可证》发放名单-(2026)第6批（上）,2026-02-13,万宝盛华信息科技（上海）有限公司,合字B2-20260053,国内呼叫中心业务,上海,B2-(全网),https://tsm.miit.gov.cn/dxxzsp/help/noticeDetail.jsp?id=517,2026
工信部,新发证名单,《中华人民共和国增值电信业务经营许可证》发放名单-(2026)第5批,2026-02-12,浙江杰苑科技有限公司,B2-20260425,国内呼叫中心业务,浙江,B2-(全网),https://tsm.miit.gov.cn/dxxzsp/help/noticeDetail.jsp?id=516,2026
工信部,新发证名单,《中华人民共和国增值电信业务经营许可证》发放名单-(2026)第5批,2026-02-12,广州聚呗科技有限公司,B2-20260426,国内呼叫中心业务,广东,B2-(全网),https://tsm.miit.gov.cn/dxxzsp/help/noticeDetail.jsp?id=516,2026
工信部,新发证名单,《中华人民共和国增值电信业务经营许可证》发放名单-(2026)第5批,2026-02-12,广州新格企业管理咨询有限公司,B2-20260427,国内呼叫中心业务,广东,B2-(全网),https://tsm.miit.gov.cn/dxxzsp/help/noticeDetail.jsp?id=516,2026
工信部,新发证名单,《中华人民共和国增值电信业务经营许可证》发放名单-(2026)第5批,2026-02-12,深圳市凌渡联信科技有限公司,B2-20260428,国内呼叫中心业务,广东,B2-(全网),https://tsm.miit.gov.cn/dxxzsp/help/noticeDetail.jsp?id=516,2026
工信部,新发证名单,《中华人民共和国增值电信业务经营许可证》发放名单-(2026)第5批,2026-02-12,北京中嘉业联科技有限公司,B2-20260429,国内呼叫中心业务,北京,B2-(全网),https://tsm.miit.gov.cn/dxxzsp/help/noticeDetail.jsp?id=516,2026
工信部,新发证名单,《中华人民共和国增值电信业务经营许可证》发放名单-(2026)第5批,2026-02-12,星光通信（北京）有限公司,B2-20260431,国内多方通信服务业务国内呼叫中心业务,北京,B2-(全网),https://tsm.miit.gov.cn/dxxzsp/help/noticeDetail.jsp?id=516,2026
工信部,新发证名单,《中华人民共和国增值电信业务经营许可证》发放名单-(2026)第5批,2026-02-12,江苏和讯达信息科技有限公司,B2-20221718,国内呼叫中心业务,江苏,B2-(全网),https://tsm.miit.gov.cn/dxxzsp/help/noticeDetail.jsp?id=516,2026
工信部,新发证名单,《中华人民共和国增值电信业务经营许可证》发放名单-(2026)第5批,2026-02-12,江苏惠芙科技有限公司,B1.B2-20242591,国内呼叫中心业务,江苏,混合-(全网),https://tsm.miit.gov.cn/dxxzsp/help/noticeDetail.jsp?id=516,2026
工信部,注销公示,关于拟注销武汉长煜信息科技有限公司等 171家企业电信业务经营许可的公示,2026-03-13,大唐朝阳科技有限公司,B2-20210811,国内多方通信服务业务、国内呼叫中心业务,未知,B2-(全网),https://tsm.miit.gov.cn/dxxzsp/help/noticeDetail.jsp?id=522,2026
工信部,新发证名单,《中华人民共和国增值电信业务经营许可证》发放名单-(2026)第4批,2026-02-09,河南磐宇网络科技有限公司,B2-20260319,国内呼叫中心业务,河南,B2-(全网),https://tsm.miit.gov.cn/dxxzsp/help/noticeDetail.jsp?id=513,2026
工信部,新发证名单,《中华人民共和国增值电信业务经营许可证》发放名单-(2026)第4批,2026-02-09,邢台经纬在线信息技术有限公司,B2-20260320,国内呼叫中心业务,未知,B2-(全网),https://tsm.miit.gov.cn/dxxzsp/help/noticeDetail.jsp?id=513,2026
工信部,新发证名单,《中华人民共和国增值电信业务经营许可证》发放名单-(2026)第4批,2026-02-09,北京寻呼科技有限公司,B2-20260321,国内呼叫中心业务,北京,B2-(全网),https://tsm.miit.gov.cn/dxxzsp/help/noticeDetail.jsp?id=513,2026
工信部,新发证名单,《中华人民共和国增值电信业务经营许可证》发放名单-(2026)第4批,2026-02-09,北京拍趣电子商务有限公司,B2-20201723,国内呼叫中心业务,北京,B2-(全网),https://tsm.miit.gov.cn/dxxzsp/help/noticeDetail.jsp?id=513,2026
工信部,新发证名单,《中华人民共和国增值电信业务经营许可证》发放名单-(2026)第4批,2026-02-09,北京字信科技有限公司,B2-20250547,国内呼叫中心业务,北京,B2-(全网),https://tsm.miit.gov.cn/dxxzsp/help/noticeDetail.jsp?id=513,2026
工信部,新发证名单,《中华人民共和国增值电信业务经营许可证》发放名单-(2026)第3批,2026-01-28,智海星河（浙江）科技有限公司,B2-20260215,国内呼叫中心业务,浙江,B2-(全网),https://tsm.miit.gov.cn/dxxzsp/help/noticeDetail.jsp?id=511,2026
工信部,新发证名单,《中华人民共和国增值电信业务经营许可证》发放名单-(2026)第3批,2026-01-28,天津旺鑫信息技术有限公司,B2-20260216,国内呼叫中心业务,天津,B2-(全网),https://tsm.miit.gov.cn/dxxzsp/help/noticeDetail.jsp?id=511,2026
工信部,新发证名单,《中华人民共和国增值电信业务经营许可证》发放名单-(2026)第3批,2026-01-28,山东智畅云科技有限公司,B2-20260217,国内呼叫中心业务,山东,B2-(全网),https://tsm.miit.gov.cn/dxxzsp/help/noticeDetail.jsp?id=511,2026
工信部,新发证名单,《中华人民共和国增值电信业务经营许可证》发放名单-(2026)第3批,2026-01-28,江苏万维枢轴通讯科技有限公司,B2-20260218,国内呼叫中心业务,江苏,B2-(全网),https://tsm.miit.gov.cn/dxxzsp/help/noticeDetail.jsp?id=511,2026
工信部,新发证名单,《中华人民共和国增值电信业务经营许可证》发放名单-(2026)第3批,2026-01-28,宿迁万服云联通讯有限公司,B2-20260219,国内呼叫中心业务,未知,B2-(全网),https://tsm.miit.gov.cn/dxxzsp/help/noticeDetail.jsp?id=511,2026
工信部,新发证名单,《中华人民共和国增值电信业务经营许可证》发放名单-(2026)第3批,2026-01-28,北京新帆金霖科技有限公司,B2-20260220,国内呼叫中心业务,北京,B2-(全网),https://tsm.miit.gov.cn/dxxzsp/help/noticeDetail.jsp?id=511,2026
工信部,新发证名单,《中华人民共和国增值电信业务经营许可证》发放名单-(2026)第3批,2026-01-28,北京云科数智科技有限公司,B2-20260221,国内呼叫中心业务,北京,B2-(全网),https://tsm.miit.gov.cn/dxxzsp/help/noticeDetail.jsp?id=511,2026
工信部,新发证名单,《中华人民共和国增值电信业务经营许可证》发放名单-(2026)第3批,2026-01-28,福建罗德数字科技有限公司,B2-20260222,国内呼叫中心业务,福建,B2-(全网),https://tsm.miit.gov.cn/dxxzsp/help/noticeDetail.jsp?id=511,2026
工信部,新发证名单,《中华人民共和国增值电信业务经营许可证》发放名单-(2026)第3批,2026-01-28,安徽利全金融信息服务有限公司,B2-20260223,国内呼叫中心业务,安徽,B2-(全网),https://tsm.miit.gov.cn/dxxzsp/help/noticeDetail.jsp?id=511,2026
工信部,新发证名单,《中华人民共和国增值电信业务经营许可证》发放名单-(2026)第3批,2026-01-28,南京稳信特科技有限公司,B2-20260224,国内呼叫中心业务,江苏,B2-(全网),https://tsm.miit.gov.cn/dxxzsp/help/noticeDetail.jsp?id=511,2026
工信部,新发证名单,《中华人民共和国增值电信业务经营许可证》发放名单-(2026)第3批,2026-01-28,北京凤晓传媒文化有限公司,B2-20260225,国内呼叫中心业务,北京,B2-(全网),https://tsm.miit.gov.cn/dxxzsp/help/noticeDetail.jsp?id=511,2026
工信部,新发证名单,《中华人民共和国增值电信业务经营许可证》发放名单-(2026)第3批,2026-01-28,新乡出到通信科技有限公司,B2-20260226,国内呼叫中心业务,未知,B2-(全网),https://tsm.miit.gov.cn/dxxzsp/help/noticeDetail.jsp?id=511,2026
工信部,新发证名单,《中华人民共和国增值电信业务经营许可证》发放名单-(2026)第3批,2026-01-28,北京巨滔科技有限公司,B2-20260227,国内呼叫中心业务,北京,B2-(全网),https://tsm.miit.gov.cn/dxxzsp/help/noticeDetail.jsp?id=511,2026
工信部,新发证名单,《中华人民共和国增值电信业务经营许可证》发放名单-(2026)第3批,2026-01-28,厦门信卡达通信有限公司,B2-20211975,国内呼叫中心业务,福建,B2-(全网),https://tsm.miit.gov.cn/dxxzsp/help/noticeDetail.jsp?id=511,2026
工信部,新发证名单,《中华人民共和国增值电信业务经营许可证》发放名单-(2026)第3批,2026-01-28,沈阳欧米智能科技有限公司,B2-20242926,国内呼叫中心业务,辽宁,B2-(全网),https://tsm.miit.gov.cn/dxxzsp/help/noticeDetail.jsp?id=511,2026
工信部,新发证名单,《中华人民共和国增值电信业务经营许可证》发放名单-(2026)第2批,2026-01-19,河北客小满信息技术服务有限公司,B2-20260125,国内呼叫中心业务,河北,B2-(全网),https://tsm.miit.gov.cn/dxxzsp/help/noticeDetail.jsp?id=510,2026
工信部,新发证名单,《中华人民共和国增值电信业务经营许可证》发放名单-(2026)第2批,2026-01-19,北京瀛润网络科技有限责任公司,B2-20260126,国内呼叫中心业务,北京,B2-(全网),https://tsm.miit.gov.cn/dxxzsp/help/noticeDetail.jsp?id=510,2026
工信部,新发证名单,《中华人民共和国增值电信业务经营许可证》发放名单-(2026)第2批,2026-01-19,北京通途星耀科技有限公司,B2-20260127,国内呼叫中心业务,北京,B2-(全网),https://tsm.miit.gov.cn/dxxzsp/help/noticeDetail.jsp?id=510,2026
工信部,新发证名单,《中华人民共和国增值电信业务经营许可证》发放名单-(2026)第2批,2026-01-19,湖北呈菁科技有限公司,B2-20260128,国内呼叫中心业务,湖北,B2-(全网),https://tsm.miit.gov.cn/dxxzsp/help/noticeDetail.jsp?id=510,2026
工信部,新发证名单,《中华人民共和国增值电信业务经营许可证》发放名单-(2026)第2批,2026-01-19,江苏星元数科软件科技有限公司,B2-20260130,国内多方通信服务业务国内呼叫中心业务,江苏,B2-(全网),https://tsm.miit.gov.cn/dxxzsp/help/noticeDetail.jsp?id=510,2026
工信部,新发证名单,《中华人民共和国增值电信业务经营许可证》发放名单-(2026)第2批,2026-01-19,贵州五云网络有限公司,B1.B2-20221409,国内呼叫中心业务,贵州,混合-(全网),https://tsm.miit.gov.cn/dxxzsp/help/noticeDetail.jsp?id=510,2026
工信部,新发证名单,《中华人民共和国增值电信业务经营许可证》发放名单-(2026)第2批,2026-01-19,郑州恒道信息技术有限公司,B1.B2-20251287,国内呼叫中心业务,河南,混合-(全网),https://tsm.miit.gov.cn/dxxzsp/help/noticeDetail.jsp?id=510,2026
工信部,新发证名单,《中华人民共和国增值电信业务经营许可证》发放名单-(2026)第2批,2026-01-19,论数科技（厦门）有限公司,B2-20253644,国内呼叫中心业务,福建,B2-(全网),https://tsm.miit.gov.cn/dxxzsp/help/noticeDetail.jsp?id=510,2026
工信部,新发证名单,《中华人民共和国增值电信业务经营许可证》发放名单-(2026)第1批,2026-01-13,山东聚贵教育咨询有限公司,B2-20260038,国内呼叫中心业务,山东,B2-(全网),https://tsm.miit.gov.cn/dxxzsp/help/noticeDetail.jsp?id=508,2026
工信部,新发证名单,《中华人民共和国增值电信业务经营许可证》发放名单-(2026)第1批,2026-01-13,杭州云岳网络科技有限公司,B2-20260039,国内呼叫中心业务,浙江,B2-(全网),https://tsm.miit.gov.cn/dxxzsp/help/noticeDetail.jsp?id=508,2026
工信部,新发证名单,《中华人民共和国增值电信业务经营许可证》发放名单-(2026)第1批,2026-01-13,成都天润金铠甲科技有限公司,B2-20260040,国内呼叫中心业务,四川,B2-(全网),https://tsm.miit.gov.cn/dxxzsp/help/noticeDetail.jsp?id=508,2026
工信部,新发证名单,《中华人民共和国增值电信业务经营许可证》发放名单-(2026)第1批,2026-01-13,河南语语通信服务有限公司,B2-20260041,国内呼叫中心业务,河南,B2-(全网),https://tsm.miit.gov.cn/dxxzsp/help/noticeDetail.jsp?id=508,2026
工信部,新发证名单,《中华人民共和国增值电信业务经营许可证》发放名单-(2026)第1批,2026-01-13,北京浩云长盛科技有限公司,B2-20260043,国内多方通信服务业务国内呼叫中心业务,北京,B2-(全网),https://tsm.miit.gov.cn/dxxzsp/help/noticeDetail.jsp?id=508,2026
工信部,新发证名单,《中华人民共和国增值电信业务经营许可证》发放名单-(2026)第1批,2026-01-13,北京星语互联科技有限公司,B2-20202900,国内呼叫中心业务,北京,B2-(全网),https://tsm.miit.gov.cn/dxxzsp/help/noticeDetail.jsp?id=508,2026
工信部,新发证名单,《中华人民共和国增值电信业务经营许可证》发放名单-(2026)第1批,2026-01-13,北京壹讯科技有限公司,B2-20230156,国内呼叫中心业务,北京,B2-(全网),https://tsm.miit.gov.cn/dxxzsp/help/noticeDetail.jsp?id=508,2026
工信部,新发证名单,《中华人民共和国增值电信业务经营许可证》发放名单-(2026)第1批,2026-01-13,江苏云客通信息科技有限公司,B2-20252918,国内呼叫中心业务,江苏,B2-(全网),https://tsm.miit.gov.cn/dxxzsp/help/noticeDetail.jsp?id=508,2026
工信部,注销公示,关于拟注销四川爱易惠网络科技有限公司等152家企业电信业务经营许可的公示,2026-03-02,苏州保泰信息科技有限公司,合字B2-20230468,（1）注销：信息服务业务（不含互联网信息服务）、信息服务业务（仅限互联网信息服务）（2）继续经营：国内呼叫中心业务,江苏,B2-(全网),https://tsm.miit.gov.cn/dxxzsp/help/noticeDetail.jsp?id=519,2026
工信部,注销公示,关于拟注销四川爱易惠网络科技有限公司等152家企业电信业务经营许可的公示,2026-03-02,南京易米云通网络科技有限公司,B2-20210534,国内多方通信服务业务、国内呼叫中心业务、信息服务业务（不含互联网信息服务）,江苏,B2-(全网),https://tsm.miit.gov.cn/dxxzsp/help/noticeDetail.jsp?id=519,2026
工信部,注销公示,关于拟注销北京智通讯联科技有限公司等161家企业电信业务经营许可的公示,2026-02-10,南京云声信息技术有限公司,B2-20232436,国内呼叫中心业务,江苏,B2-(全网),https://tsm.miit.gov.cn/dxxzsp/help/noticeDetail.jsp?id=515,2026
工信部,注销公示,关于拟注销北京智通讯联科技有限公司等161家企业电信业务经营许可的公示,2026-02-10,西安广天电子科技有限公司,B2-20160248,国内呼叫中心业务,陕西,B2-(全网),https://tsm.miit.gov.cn/dxxzsp/help/noticeDetail.jsp?id=515,2026
工信部,新发证名单,《中华人民共和国增值电信业务经营许可证》发放名单-(2025)第47批,2026-01-04,上海优讯达通信服务有限公司,B2-20254776,国内呼叫中心业务,上海,B2-(全网),https://tsm.miit.gov.cn/dxxzsp/help/noticeDetail.jsp?id=505,2026
工信部,新发证名单,《中华人民共和国增值电信业务经营许可证》发放名单-(2025)第47批,2026-01-04,南通信达银科信息科技有限公司,B2-20254777,国内呼叫中心业务,江苏,B2-(全网),https://tsm.miit.gov.cn/dxxzsp/help/noticeDetail.jsp?id=505,2026
工信部,新发证名单,《中华人民共和国增值电信业务经营许可证》发放名单-(2025)第47批,2026-01-04,杭州形龙科技有限公司,B2-20254778,国内呼叫中心业务,浙江,B2-(全网),https://tsm.miit.gov.cn/dxxzsp/help/noticeDetail.jsp?id=505,2026
工信部,新发证名单,《中华人民共和国增值电信业务经营许可证》发放名单-(2025)第47批,2026-01-04,广州晧宇科技有限公司,B2-20254779,国内呼叫中心业务,广东,B2-(全网),https://tsm.miit.gov.cn/dxxzsp/help/noticeDetail.jsp?id=505,2026
工信部,新发证名单,《中华人民共和国增值电信业务经营许可证》发放名单-(2025)第47批,2026-01-04,惠州市大象普惠互联网信息服务有限公司,B2-20254780,国内呼叫中心业务,未知,B2-(全网),https://tsm.miit.gov.cn/dxxzsp/help/noticeDetail.jsp?id=505,2026
工信部,新发证名单,《中华人民共和国增值电信业务经营许可证》发放名单-(2025)第47批,2026-01-04,北京颐信通科技有限公司,B2-20254781,国内呼叫中心业务,北京,B2-(全网),https://tsm.miit.gov.cn/dxxzsp/help/noticeDetail.jsp?id=505,2026
工信部,新发证名单,《中华人民共和国增值电信业务经营许可证》发放名单-(2025)第47批,2026-01-04,银河通信有限公司,B2-20254782,国内呼叫中心业务,未知,B2-(全网),https://tsm.miit.gov.cn/dxxzsp/help/noticeDetail.jsp?id=505,2026
工信部,新发证名单,《中华人民共和国增值电信业务经营许可证》发放名单-(2025)第47批,2026-01-04,新疆万鸿信息科技有限公司,合字B2-20250783,国内呼叫中心业务,新疆,B2-(全网),https://tsm.miit.gov.cn/dxxzsp/help/noticeDetail.jsp?id=505,2026
工信部,新发证名单,《中华人民共和国增值电信业务经营许可证》发放名单-(2025)第47批,2026-01-04,北京歌华有线电视网络股份有限公司,B1.B2-20193553,国内呼叫中心业务,北京,混合-(全网),https://tsm.miit.gov.cn/dxxzsp/help/noticeDetail.jsp?id=505,2026
工信部,新发证名单,《中华人民共和国增值电信业务经营许可证》发放名单-(2025)第47批,2026-01-04,远见信息产业有限公司,B1.B2-20253238,国内呼叫中心业务,未知,混合-(全网),https://tsm.miit.gov.cn/dxxzsp/help/noticeDetail.jsp?id=505,2026
工信部,新发证名单,《中华人民共和国增值电信业务经营许可证》发放名单-(2025)第46批,2025-12-25,北京中扬越达科技有限公司,B2-20254685,国内呼叫中心业务,北京,B2-(全网),https://tsm.miit.gov.cn/dxxzsp/help/noticeDetail.jsp?id=502,2025
工信部,新发证名单,《中华人民共和国增值电信业务经营许可证》发放名单-(2025)第46批,2025-12-25,广东祺卓集团有限公司,B2-20254686,国内呼叫中心业务,广东,B2-(全网),https://tsm.miit.gov.cn/dxxzsp/help/noticeDetail.jsp?id=502,2025
工信部,新发证名单,《中华人民共和国增值电信业务经营许可证》发放名单-(2025)第46批,2025-12-25,广州小智语联信息技术有限公司,B2-20254687,国内呼叫中心业务,广东,B2-(全网),https://tsm.miit.gov.cn/dxxzsp/help/noticeDetail.jsp?id=502,2025
工信部,新发证名单,《中华人民共和国增值电信业务经营许可证》发放名单-(2025)第46批,2025-12-25,广州世宏信息科技有限公司,B2-20254688,国内呼叫中心业务,广东,B2-(全网),https://tsm.miit.gov.cn/dxxzsp/help/noticeDetail.jsp?id=502,2025
工信部,新发证名单,《中华人民共和国增值电信业务经营许可证》发放名单-(2025)第46批,2025-12-25,湖北中邮通信息产业有限公司,B2-20254689,国内呼叫中心业务,湖北,B2-(全网),https://tsm.miit.gov.cn/dxxzsp/help/noticeDetail.jsp?id=502,2025
工信部,新发证名单,《中华人民共和国增值电信业务经营许可证》发放名单-(2025)第46批,2025-12-25,深圳市新信路科技有限公司,B2-20254690,国内呼叫中心业务,广东,B2-(全网),https://tsm.miit.gov.cn/dxxzsp/help/noticeDetail.jsp?id=502,2025
工信部,新发证名单,《中华人民共和国增值电信业务经营许可证》发放名单-(2025)第46批,2025-12-25,亚一明昊（深圳）人力资源有限公司,B2-20254691,国内呼叫中心业务,广东,B2-(全网),https://tsm.miit.gov.cn/dxxzsp/help/noticeDetail.jsp?id=502,2025
工信部,新发证名单,《中华人民共和国增值电信业务经营许可证》发放名单-(2025)第46批,2025-12-25,广州市宝融科技有限公司,B2-20254692,国内呼叫中心业务,广东,B2-(全网),https://tsm.miit.gov.cn/dxxzsp/help/noticeDetail.jsp?id=502,2025
工信部,新发证名单,《中华人民共和国增值电信业务经营许可证》发放名单-(2025)第46批,2025-12-25,上海金橙班可信息科技有限公司,B2-20254693,国内呼叫中心业务,上海,B2-(全网),https://tsm.miit.gov.cn/dxxzsp/help/noticeDetail.jsp?id=502,2025
工信部,新发证名单,《中华人民共和国增值电信业务经营许可证》发放名单-(2025)第46批,2025-12-25,杭州云动能量科技有限公司,B2-20250187,国内呼叫中心业务,浙江,B2-(全网),https://tsm.miit.gov.cn/dxxzsp/help/noticeDetail.jsp?id=502,2025
工信部,新发证名单,《中华人民共和国增值电信业务经营许可证》发放名单-(2025)第46批,2025-12-25,北京华数企服科技有限公司,B1.B2-20252111,国内呼叫中心业务,北京,混合-(全网),https://tsm.miit.gov.cn/dxxzsp/help/noticeDetail.jsp?id=502,2025
工信部,注销公示,关于拟注销天津亿信网讯网络科技有限公司等 189家企业跨地区增值电信业务经营许可的公示,2026-01-16,北京天怡明泽科技有限公司,B2-20160253,国内呼叫中心业务,北京,B2-(全网),https://tsm.miit.gov.cn/dxxzsp/help/noticeDetail.jsp?id=509,2026
工信部,注销公示,关于拟注销天津亿信网讯网络科技有限公司等 189家企业跨地区增值电信业务经营许可的公示,2026-01-16,专心保险经纪有限公司,B2-20160239,国内呼叫中心业务,未知,B2-(全网),https://tsm.miit.gov.cn/dxxzsp/help/noticeDetail.jsp?id=509,2026
工信部,注销公示,关于拟注销天津亿信网讯网络科技有限公司等 189家企业跨地区增值电信业务经营许可的公示,2026-01-16,太平洋保险在线服务科技有限公司,合字B2-20210011,国内呼叫中心业务,未知,B2-(全网),https://tsm.miit.gov.cn/dxxzsp/help/noticeDetail.jsp?id=509,2026
工信部,注销公示,关于拟注销琏升科技股份有限公司等 173家企业跨地区增值电信业务经营许可的公示,2026-01-28,承启通网络科技有限公司,B1.B2-20160014,互联网数据中心业务、内容分发网络业务、互联网接入服务业务、国内呼叫中心业务,未知,混合-(全网),https://tsm.miit.gov.cn/dxxzsp/help/noticeDetail.jsp?id=512,2026
工信部,注销公示,关于拟注销琏升科技股份有限公司等 173家企业跨地区增值电信业务经营许可的公示,2026-01-28,深圳市大众通信技术有限公司,B1.B2-20160182,互联网接入服务业务、国内呼叫中心业务、信息服务业务（不含互联网信息服务）,广东,混合-(全网),https://tsm.miit.gov.cn/dxxzsp/help/noticeDetail.jsp?id=512,2026
工信部,新发证名单,《中华人民共和国增值电信业务经营许可证》发放名单-(2025)第45批,2025-12-17,浙江云呼智算科技有限公司,B2-20254588,国内呼叫中心业务,浙江,B2-(全网),https://tsm.miit.gov.cn/dxxzsp/help/noticeDetail.jsp?id=499,2025
工信部,新发证名单,《中华人民共和国增值电信业务经营许可证》发放名单-(2025)第45批,2025-12-17,深圳市亿昇廷科技有限公司,B2-20254589,国内呼叫中心业务,广东,B2-(全网),https://tsm.miit.gov.cn/dxxzsp/help/noticeDetail.jsp?id=499,2025
工信部,新发证名单,《中华人民共和国增值电信业务经营许可证》发放名单-(2025)第45批,2025-12-17,北京义欣科技有限公司,B2-20254590,国内呼叫中心业务,北京,B2-(全网),https://tsm.miit.gov.cn/dxxzsp/help/noticeDetail.jsp?id=499,2025
工信部,新发证名单,《中华人民共和国增值电信业务经营许可证》发放名单-(2025)第45批,2025-12-17,浙江世企人力资源有限责任公司,B2-20254591,国内呼叫中心业务,浙江,B2-(全网),https://tsm.miit.gov.cn/dxxzsp/help/noticeDetail.jsp?id=499,2025
工信部,新发证名单,《中华人民共和国增值电信业务经营许可证》发放名单-(2025)第45批,2025-12-17,浙江辉驿网络科技有限公司,B1.B2-20183724,国内呼叫中心业务,浙江,混合-(全网),https://tsm.miit.gov.cn/dxxzsp/help/noticeDetail.jsp?id=499,2025
工信部,新发证名单,《中华人民共和国增值电信业务经营许可证》发放名单-(2025)第45批,2025-12-17,河南人和通讯科技有限公司,B2-20195511,国内呼叫中心业务,河南,B2-(全网),https://tsm.miit.gov.cn/dxxzsp/help/noticeDetail.jsp?id=499,2025
工信部,新发证名单,《中华人民共和国增值电信业务经营许可证》发放名单-(2025)第45批,2025-12-17,广东智慧广电物联网科技有限公司,B2-20236190,国内呼叫中心业务,广东,B2-(全网),https://tsm.miit.gov.cn/dxxzsp/help/noticeDetail.jsp?id=499,2025
工信部,新发证名单,《中华人民共和国增值电信业务经营许可证》发放名单-(2025)第45批,2025-12-17,全通网络科技（广州）有限公司,B1.B2-20243280,国内呼叫中心业务,广东,混合-(全网),https://tsm.miit.gov.cn/dxxzsp/help/noticeDetail.jsp?id=499,2025
工信部,新发证名单,《中华人民共和国增值电信业务经营许可证》发放名单-(2025)第44批,2025-12-17,重庆优邻家科技有限公司,B2-20254498,国内呼叫中心业务,重庆,B2-(全网),https://tsm.miit.gov.cn/dxxzsp/help/noticeDetail.jsp?id=500,2025
工信部,新发证名单,《中华人民共和国增值电信业务经营许可证》发放名单-(2025)第44批,2025-12-17,陕西易眼看荐网络科技有限公司,B2-20254499,国内呼叫中心业务,陕西,B2-(全网),https://tsm.miit.gov.cn/dxxzsp/help/noticeDetail.jsp?id=500,2025
工信部,新发证名单,《中华人民共和国增值电信业务经营许可证》发放名单-(2025)第44批,2025-12-17,长安保险销售有限公司,B2-20254500,国内呼叫中心业务,未知,B2-(全网),https://tsm.miit.gov.cn/dxxzsp/help/noticeDetail.jsp?id=500,2025
工信部,新发证名单,《中华人民共和国增值电信业务经营许可证》发放名单-(2025)第44批,2025-12-17,广州思亿信息科技有限公司,B2-20254501,国内呼叫中心业务,广东,B2-(全网),https://tsm.miit.gov.cn/dxxzsp/help/noticeDetail.jsp?id=500,2025
工信部,新发证名单,《中华人民共和国增值电信业务经营许可证》发放名单-(2025)第44批,2025-12-17,上海耘瓴端网络科技有限公司,B2-20254502,国内呼叫中心业务,上海,B2-(全网),https://tsm.miit.gov.cn/dxxzsp/help/noticeDetail.jsp?id=500,2025
工信部,新发证名单,《中华人民共和国增值电信业务经营许可证》发放名单-(2025)第44批,2025-12-17,杭州荣莹科技有限公司,B2-20254503,国内呼叫中心业务,浙江,B2-(全网),https://tsm.miit.gov.cn/dxxzsp/help/noticeDetail.jsp?id=500,2025
工信部,新发证名单,《中华人民共和国增值电信业务经营许可证》发放名单-(2025)第44批,2025-12-17,八维（杭州）科技有限公司,B2-20214809,国内呼叫中心业务,浙江,B2-(全网),https://tsm.miit.gov.cn/dxxzsp/help/noticeDetail.jsp?id=500,2025
工信部,新发证名单,《中华人民共和国增值电信业务经营许可证》发放名单-(2025)第44批,2025-12-17,安徽博北技术服务有限公司,B2-20240383,国内呼叫中心业务,安徽,B2-(全网),https://tsm.miit.gov.cn/dxxzsp/help/noticeDetail.jsp?id=500,2025
工信部,新发证名单,《中华人民共和国增值电信业务经营许可证》发放名单-(2025)第44批,2025-12-17,海南龙龟数字科技有限公司,B2-20242517,国内呼叫中心业务,海南,B2-(全网),https://tsm.miit.gov.cn/dxxzsp/help/noticeDetail.jsp?id=500,2025
工信部,新发证名单,《中华人民共和国增值电信业务经营许可证》发放名单-(2025)第43批,2025-12-03,杭州弈麟科技有限公司,B2-20254404,国内呼叫中心业务,浙江,B2-(全网),https://tsm.miit.gov.cn/dxxzsp/help/noticeDetail.jsp?id=497,2025
工信部,新发证名单,《中华人民共和国增值电信业务经营许可证》发放名单-(2025)第43批,2025-12-03,广州客诺网络科技有限公司,B2-20254405,国内呼叫中心业务,广东,B2-(全网),https://tsm.miit.gov.cn/dxxzsp/help/noticeDetail.jsp?id=497,2025
工信部,新发证名单,《中华人民共和国增值电信业务经营许可证》发放名单-(2025)第43批,2025-12-03,北京诚石文化传播有限公司,B2-20213994,国内呼叫中心业务,北京,B2-(全网),https://tsm.miit.gov.cn/dxxzsp/help/noticeDetail.jsp?id=497,2025
工信部,新发证名单,《中华人民共和国增值电信业务经营许可证》发放名单-(2025)第43批,2025-12-03,成都元多多网络科技有限公司,B2-20225365,国内呼叫中心业务,四川,B2-(全网),https://tsm.miit.gov.cn/dxxzsp/help/noticeDetail.jsp?id=497,2025
工信部,新发证名单,《中华人民共和国增值电信业务经营许可证》发放名单-(2025)第43批,2025-12-03,广东兆利商业管理有限公司,B2-20233233,国内呼叫中心业务,广东,B2-(全网),https://tsm.miit.gov.cn/dxxzsp/help/noticeDetail.jsp?id=497,2025
工信部,新发证名单,《中华人民共和国增值电信业务经营许可证》发放名单-(2025)第43批,2025-12-03,广州轻轻智能科技有限公司（原名称：广州庆亚物流有限公司）,B2-20235177,国内呼叫中心业务,广东,B2-(全网),https://tsm.miit.gov.cn/dxxzsp/help/noticeDetail.jsp?id=497,2025
工信部,新发证名单,《中华人民共和国增值电信业务经营许可证》发放名单-(2025)第41批,2025-11-18,邢台讯音信息技术服务有限公司,B2-20254219,国内呼叫中心业务,未知,B2-(全网),https://tsm.miit.gov.cn/dxxzsp/help/noticeDetail.jsp?id=493,2025
工信部,新发证名单,《中华人民共和国增值电信业务经营许可证》发放名单-(2025)第41批,2025-11-18,大连安鑫泰达网络科技有限公司,B2-20254220,国内呼叫中心业务,辽宁,B2-(全网),https://tsm.miit.gov.cn/dxxzsp/help/noticeDetail.jsp?id=493,2025
工信部,新发证名单,《中华人民共和国增值电信业务经营许可证》发放名单-(2025)第41批,2025-11-18,北京数讯云网科技有限公司,B2-20254221,国内呼叫中心业务,北京,B2-(全网),https://tsm.miit.gov.cn/dxxzsp/help/noticeDetail.jsp?id=493,2025
工信部,新发证名单,《中华人民共和国增值电信业务经营许可证》发放名单-(2025)第41批,2025-11-18,辽宁省鑫安信商务信息咨询有限公司,B2-20254222,国内呼叫中心业务,辽宁,B2-(全网),https://tsm.miit.gov.cn/dxxzsp/help/noticeDetail.jsp?id=493,2025
工信部,新发证名单,《中华人民共和国增值电信业务经营许可证》发放名单-(2025)第41批,2025-11-18,天津启隆信息科技有限公司,B2-20254223,国内呼叫中心业务,天津,B2-(全网),https://tsm.miit.gov.cn/dxxzsp/help/noticeDetail.jsp?id=493,2025
工信部,新发证名单,《中华人民共和国增值电信业务经营许可证》发放名单-(2025)第41批,2025-11-18,北京烽火万家科技有限公司,B1.B2-20130227,国内呼叫中心业务,北京,混合-(全网),https://tsm.miit.gov.cn/dxxzsp/help/noticeDetail.jsp?id=493,2025
工信部,新发证名单,《中华人民共和国增值电信业务经营许可证》发放名单-(2025)第42批,2025-11-26,四川宏成供电有限公司,B2-20254303,国内呼叫中心业务,四川,B2-(全网),https://tsm.miit.gov.cn/dxxzsp/help/noticeDetail.jsp?id=494,2025
工信部,新发证名单,《中华人民共和国增值电信业务经营许可证》发放名单-(2025)第42批,2025-11-26,上海吾客互联科技有限公司,B2-20254304,国内呼叫中心业务,上海,B2-(全网),https://tsm.miit.gov.cn/dxxzsp/help/noticeDetail.jsp?id=494,2025
工信部,新发证名单,《中华人民共和国增值电信业务经营许可证》发放名单-(2025)第42批,2025-11-26,北京锐核技术有限公司,B2-20254306,国内呼叫中心业务,北京,B2-(全网),https://tsm.miit.gov.cn/dxxzsp/help/noticeDetail.jsp?id=494,2025
工信部,新发证名单,《中华人民共和国增值电信业务经营许可证》发放名单-(2025)第42批,2025-11-26,广州奕智科技有限公司,B2-20254307,国内呼叫中心业务,广东,B2-(全网),https://tsm.miit.gov.cn/dxxzsp/help/noticeDetail.jsp?id=494,2025
工信部,新发证名单,《中华人民共和国增值电信业务经营许可证》发放名单-(2025)第42批,2025-11-26,成都中联达通信器材有限公司,B2-20254308,国内呼叫中心业务,四川,B2-(全网),https://tsm.miit.gov.cn/dxxzsp/help/noticeDetail.jsp?id=494,2025
工信部,新发证名单,《中华人民共和国增值电信业务经营许可证》发放名单-(2025)第42批,2025-11-26,成都晓多科技有限公司,合字B2-20250653,国内呼叫中心业务,四川,B2-(全网),https://tsm.miit.gov.cn/dxxzsp/help/noticeDetail.jsp?id=494,2025
工信部,新发证名单,《中华人民共和国增值电信业务经营许可证》发放名单-(2025)第42批,2025-11-26,众安信息技术服务有限公司,合字B2-20250654,国内呼叫中心业务,未知,B2-(全网),https://tsm.miit.gov.cn/dxxzsp/help/noticeDetail.jsp?id=494,2025
工信部,新发证名单,《中华人民共和国增值电信业务经营许可证》发放名单-(2025)第42批,2025-11-26,成都维音信息技术有限公司,合字B2-20250655,国内呼叫中心业务,四川,B2-(全网),https://tsm.miit.gov.cn/dxxzsp/help/noticeDetail.jsp?id=494,2025
工信部,新发证名单,《中华人民共和国增值电信业务经营许可证》发放名单-(2025)第42批,2025-11-26,四川蔚耀鑫科技有限公司,B1.B2-20234620,国内呼叫中心业务,四川,混合-(全网),https://tsm.miit.gov.cn/dxxzsp/help/noticeDetail.jsp?id=494,2025
工信部,新发证名单,《中华人民共和国增值电信业务经营许可证》发放名单-(2025)第42批,2025-11-26,东方有线网络有限公司,A2.B1.B2-20251081,国内呼叫中心业务信息服务业务（不含互联网信息服务）,未知,混合-(全网),https://tsm.miit.gov.cn/dxxzsp/help/noticeDetail.jsp?id=494,2025
工信部,注销公示,关于拟注销北京畅鼎无限科技有限公司等 234家企业跨地区增值电信业务经营许可的公示,2025-12-19,成都优益达科技有限公司,B2-20193081,国内呼叫中心业务,四川,B2-(全网),https://tsm.miit.gov.cn/dxxzsp/help/noticeDetail.jsp?id=501,2025
工信部,注销公示,关于拟注销北京畅鼎无限科技有限公司等 234家企业跨地区增值电信业务经营许可的公示,2025-12-19,重庆壹立通网络科技有限公司,B2-20193499,国内呼叫中心业务,重庆,B2-(全网),https://tsm.miit.gov.cn/dxxzsp/help/noticeDetail.jsp?id=501,2025
工信部,注销公示,关于拟注销北京畅鼎无限科技有限公司等 234家企业跨地区增值电信业务经营许可的公示,2025-12-19,重庆泛易科技有限公司,B2-20232269,国内呼叫中心业务,重庆,B2-(全网),https://tsm.miit.gov.cn/dxxzsp/help/noticeDetail.jsp?id=501,2025
工信部,注销公示,关于拟注销北京畅鼎无限科技有限公司等 234家企业跨地区增值电信业务经营许可的公示,2025-12-19,北京维那多信息技术有限公司,B2-20110018,国内多方通信服务业务、国内呼叫中心业务、信息服务业务（不含互联网信息服务）,北京,B2-(全网),https://tsm.miit.gov.cn/dxxzsp/help/noticeDetail.jsp?id=501,2025
工信部,注销公示,关于拟注销北京畅鼎无限科技有限公司等 234家企业跨地区增值电信业务经营许可的公示,2025-12-19,北京客世科技有限公司,B2-20150998,国内呼叫中心业务,北京,B2-(全网),https://tsm.miit.gov.cn/dxxzsp/help/noticeDetail.jsp?id=501,2025
工信部,注销公示,关于拟注销北京畅鼎无限科技有限公司等 234家企业跨地区增值电信业务经营许可的公示,2025-12-19,贵阳华云服务外包产业有限公司,B2-20151178,国内呼叫中心业务,贵州,B2-(全网),https://tsm.miit.gov.cn/dxxzsp/help/noticeDetail.jsp?id=501,2025
工信部,注销公示,关于拟注销北京彩卉达技术有限公司等 172家企业跨地区增值电信业务经营许可的公示,2025-12-30,内蒙古立人人才顾问有限责任公司,B2-20151184,国内呼叫中心业务,内蒙古,B2-(全网),https://tsm.miit.gov.cn/dxxzsp/help/noticeDetail.jsp?id=503,2025
工信部,注销公示,关于拟注销北京彩卉达技术有限公司等 172家企业跨地区增值电信业务经营许可的公示,2025-12-30,上海东藏文化传播有限公司,B2-20160125,国内呼叫中心业务,上海,B2-(全网),https://tsm.miit.gov.cn/dxxzsp/help/noticeDetail.jsp?id=503,2025
工信部,新发证名单,《中华人民共和国增值电信业务经营许可证》发放名单-(2025)第39批,2025-11-04,安徽期奇信息科技有限公司,B2-20254028,国内呼叫中心业务,安徽,B2-(全网),https://tsm.miit.gov.cn/dxxzsp/help/noticeDetail.jsp?id=489,2025
工信部,新发证名单,《中华人民共和国增值电信业务经营许可证》发放名单-(2025)第39批,2025-11-04,阳光雨露信息技术服务（北京）有限公司,合字B2-20250600,国内呼叫中心业务,北京,B2-(全网),https://tsm.miit.gov.cn/dxxzsp/help/noticeDetail.jsp?id=489,2025
工信部,新发证名单,《中华人民共和国增值电信业务经营许可证》发放名单-(2025)第39批,2025-11-04,深圳市三三得玖商业智能有限责任公司,B2-20195830,国内呼叫中心业务,广东,B2-(全网),https://tsm.miit.gov.cn/dxxzsp/help/noticeDetail.jsp?id=489,2025
工信部,新发证名单,《中华人民共和国增值电信业务经营许可证》发放名单-(2025)第39批,2025-11-04,中鑫科蓝（北京）信息技术有限公司,B2-20201932,国内呼叫中心业务,北京,B2-(全网),https://tsm.miit.gov.cn/dxxzsp/help/noticeDetail.jsp?id=489,2025
工信部,新发证名单,《中华人民共和国增值电信业务经营许可证》发放名单-(2025)第39批,2025-11-04,中移铁通有限公司,B1.B2-20250566,国内呼叫中心业务,未知,混合-(全网),https://tsm.miit.gov.cn/dxxzsp/help/noticeDetail.jsp?id=489,2025
工信部,新发证名单,《中华人民共和国增值电信业务经营许可证》发放名单-(2025)第39批,2025-11-04,号百信息服务有限公司,B2-20253734,国内呼叫中心业务,未知,B2-(全网),https://tsm.miit.gov.cn/dxxzsp/help/noticeDetail.jsp?id=489,2025
工信部,新发证名单,《中华人民共和国增值电信业务经营许可证》发放名单-(2025)第40批,2025-11-10,深圳云客德互联科技有限公司,B2-20254117,国内呼叫中心业务,广东,B2-(全网),https://tsm.miit.gov.cn/dxxzsp/help/noticeDetail.jsp?id=492,2025
工信部,新发证名单,《中华人民共和国增值电信业务经营许可证》发放名单-(2025)第40批,2025-11-10,重庆军工产业集团股份有限公司,B2-20254118,国内呼叫中心业务,重庆,B2-(全网),https://tsm.miit.gov.cn/dxxzsp/help/noticeDetail.jsp?id=492,2025
工信部,新发证名单,《中华人民共和国增值电信业务经营许可证》发放名单-(2025)第40批,2025-11-10,郑州慧卓信息技术有限公司,B2-20254119,国内呼叫中心业务,河南,B2-(全网),https://tsm.miit.gov.cn/dxxzsp/help/noticeDetail.jsp?id=492,2025
工信部,新发证名单,《中华人民共和国增值电信业务经营许可证》发放名单-(2025)第40批,2025-11-10,上海灵硅网络科技有限公司,B2-20254120,国内呼叫中心业务,上海,B2-(全网),https://tsm.miit.gov.cn/dxxzsp/help/noticeDetail.jsp?id=492,2025
工信部,新发证名单,《中华人民共和国增值电信业务经营许可证》发放名单-(2025)第40批,2025-11-10,北京朗泰万华信息科技有限公司,B2-20184647,国内呼叫中心业务,北京,B2-(全网),https://tsm.miit.gov.cn/dxxzsp/help/noticeDetail.jsp?id=492,2025
工信部,新发证名单,《中华人民共和国增值电信业务经营许可证》发放名单-(2025)第40批,2025-11-10,杭州微聊网络科技有限公司,B2-20201667,国内呼叫中心业务,浙江,B2-(全网),https://tsm.miit.gov.cn/dxxzsp/help/noticeDetail.jsp?id=492,2025
工信部,新发证名单,《中华人民共和国增值电信业务经营许可证》发放名单-(2025)第40批,2025-11-10,广州真还科技有限公司,B2-20212435,国内呼叫中心业务,广东,B2-(全网),https://tsm.miit.gov.cn/dxxzsp/help/noticeDetail.jsp?id=492,2025
工信部,新发证名单,《中华人民共和国增值电信业务经营许可证》发放名单-(2025)第40批,2025-11-10,南通锐帛信息科技有限公司,B2-20212571,国内呼叫中心业务,江苏,B2-(全网),https://tsm.miit.gov.cn/dxxzsp/help/noticeDetail.jsp?id=492,2025
工信部,新发证名单,《中华人民共和国增值电信业务经营许可证》发放名单-(2025)第40批,2025-11-10,山东龙升绘宏网络科技有限公司,B2-20215308,国内呼叫中心业务,山东,B2-(全网),https://tsm.miit.gov.cn/dxxzsp/help/noticeDetail.jsp?id=492,2025
工信部,新发证名单,《中华人民共和国增值电信业务经营许可证》发放名单-(2025)第40批,2025-11-10,海东平安区蚂蚁云彩科技服务有限公司,合字B2-20240327,国内呼叫中心业务,未知,B2-(全网),https://tsm.miit.gov.cn/dxxzsp/help/noticeDetail.jsp?id=492,2025
工信部,注销公示,关于拟注销北京闪信科技有限公司等194家企业跨地区增值电信业务经营许可的公示,2025-12-01,北京闪信科技有限公司,B2-20183117,国内呼叫中心业务,北京,B2-(全网),https://tsm.miit.gov.cn/dxxzsp/help/noticeDetail.jsp?id=495,2025
工信部,注销公示,关于拟注销北京闪信科技有限公司等194家企业跨地区增值电信业务经营许可的公示,2025-12-01,安徽信士网络科技有限公司,B2-20192485,国内呼叫中心业务,安徽,B2-(全网),https://tsm.miit.gov.cn/dxxzsp/help/noticeDetail.jsp?id=495,2025
工信部,新发证名单,《中华人民共和国增值电信业务经营许可证》发放名单-(2025)第37批,2025-10-20,福州阳光十月科技有限公司,B2-20253851,国内呼叫中心业务,福建,B2-(全网),https://tsm.miit.gov.cn/dxxzsp/help/noticeDetail.jsp?id=486,2025
工信部,新发证名单,《中华人民共和国增值电信业务经营许可证》发放名单-(2025)第37批,2025-10-20,山东红袖电子商务集团有限公司,B2-20253852,国内呼叫中心业务,山东,B2-(全网),https://tsm.miit.gov.cn/dxxzsp/help/noticeDetail.jsp?id=486,2025
工信部,新发证名单,《中华人民共和国增值电信业务经营许可证》发放名单-(2025)第37批,2025-10-20,陕西致诚致信信息科技有限公司,B2-20253853,国内呼叫中心业务,陕西,B2-(全网),https://tsm.miit.gov.cn/dxxzsp/help/noticeDetail.jsp?id=486,2025
工信部,新发证名单,《中华人民共和国增值电信业务经营许可证》发放名单-(2025)第37批,2025-10-20,广西玉柴机器集团有限公司,B2-20253854,国内呼叫中心业务,广西,B2-(全网),https://tsm.miit.gov.cn/dxxzsp/help/noticeDetail.jsp?id=486,2025
工信部,新发证名单,《中华人民共和国增值电信业务经营许可证》发放名单-(2025)第37批,2025-10-20,北京奇迹多多科技有限公司,B2-20194793,国内呼叫中心业务,北京,B2-(全网),https://tsm.miit.gov.cn/dxxzsp/help/noticeDetail.jsp?id=486,2025
工信部,新发证名单,《中华人民共和国增值电信业务经营许可证》发放名单-(2025)第37批,2025-10-20,浙江钜基科技有限公司,B2-20200746,国内呼叫中心业务,浙江,B2-(全网),https://tsm.miit.gov.cn/dxxzsp/help/noticeDetail.jsp?id=486,2025
工信部,新发证名单,《中华人民共和国增值电信业务经营许可证》发放名单-(2025)第37批,2025-10-20,上海青尾智能科技有限公司,B2-20221148,国内呼叫中心业务,上海,B2-(全网),https://tsm.miit.gov.cn/dxxzsp/help/noticeDetail.jsp?id=486,2025
工信部,新发证名单,《中华人民共和国增值电信业务经营许可证》发放名单-(2025)第35批,2025-09-29,西安杰诺音讯通信有限公司,B2-20253645,国内呼叫中心业务,陕西,B2-(全网),https://tsm.miit.gov.cn/dxxzsp/help/noticeDetail.jsp?id=482,2025
工信部,新发证名单,《中华人民共和国增值电信业务经营许可证》发放名单-(2025)第35批,2025-09-29,重庆开林企业管理有限公司,B2-20253646,国内呼叫中心业务,重庆,B2-(全网),https://tsm.miit.gov.cn/dxxzsp/help/noticeDetail.jsp?id=482,2025
工信部,新发证名单,《中华人民共和国增值电信业务经营许可证》发放名单-(2025)第35批,2025-09-29,南昌蚂答信息服务有限公司,合字B2-20250536,国内呼叫中心业务,未知,B2-(全网),https://tsm.miit.gov.cn/dxxzsp/help/noticeDetail.jsp?id=482,2025
工信部,新发证名单,《中华人民共和国增值电信业务经营许可证》发放名单-(2025)第35批,2025-09-29,芜湖辛巴网络科技有限公司,合字B2-20250537,国内呼叫中心业务,安徽,B2-(全网),https://tsm.miit.gov.cn/dxxzsp/help/noticeDetail.jsp?id=482,2025
工信部,新发证名单,《中华人民共和国增值电信业务经营许可证》发放名单-(2025)第35批,2025-09-29,北京丰泰智联科技有限公司,B2-20172919,国内呼叫中心业务,北京,B2-(全网),https://tsm.miit.gov.cn/dxxzsp/help/noticeDetail.jsp?id=482,2025
工信部,新发证名单,《中华人民共和国增值电信业务经营许可证》发放名单-(2025)第35批,2025-09-29,深圳市安胜信息科技有限公司,B2-20214647,国内呼叫中心业务,广东,B2-(全网),https://tsm.miit.gov.cn/dxxzsp/help/noticeDetail.jsp?id=482,2025
工信部,新发证名单,《中华人民共和国增值电信业务经营许可证》发放名单-(2025)第35批,2025-09-29,北京云傲智能科技有限公司,B2-20243604,国内呼叫中心业务,北京,B2-(全网),https://tsm.miit.gov.cn/dxxzsp/help/noticeDetail.jsp?id=482,2025
工信部,新发证名单,《中华人民共和国增值电信业务经营许可证》发放名单-(2025)第36批,2025-10-10,重庆云联音符网络技术有限公司,B2-20253763,国内呼叫中心业务,重庆,B2-(全网),https://tsm.miit.gov.cn/dxxzsp/help/noticeDetail.jsp?id=484,2025
工信部,新发证名单,《中华人民共和国增值电信业务经营许可证》发放名单-(2025)第36批,2025-10-10,深圳柏成科技有限公司,B2-20253764,国内呼叫中心业务,广东,B2-(全网),https://tsm.miit.gov.cn/dxxzsp/help/noticeDetail.jsp?id=484,2025
工信部,新发证名单,《中华人民共和国增值电信业务经营许可证》发放名单-(2025)第36批,2025-10-10,重庆秀声信息科技有限公司,B2-20253765,国内呼叫中心业务,重庆,B2-(全网),https://tsm.miit.gov.cn/dxxzsp/help/noticeDetail.jsp?id=484,2025
工信部,新发证名单,《中华人民共和国增值电信业务经营许可证》发放名单-(2025)第36批,2025-10-10,北京国之朗科技有限公司,B2-20253766,国内呼叫中心业务,北京,B2-(全网),https://tsm.miit.gov.cn/dxxzsp/help/noticeDetail.jsp?id=484,2025
工信部,新发证名单,《中华人民共和国增值电信业务经营许可证》发放名单-(2025)第36批,2025-10-10,上海金融云服务集团数据服务有限公司,B2-20253768,国内呼叫中心业务信息服务业务（不含互联网信息服务）,上海,B2-(全网),https://tsm.miit.gov.cn/dxxzsp/help/noticeDetail.jsp?id=484,2025
工信部,新发证名单,《中华人民共和国增值电信业务经营许可证》发放名单-(2025)第36批,2025-10-10,河南泓进数字科技有限公司,B2-20210696,国内呼叫中心业务,河南,B2-(全网),https://tsm.miit.gov.cn/dxxzsp/help/noticeDetail.jsp?id=484,2025
工信部,新发证名单,《中华人民共和国增值电信业务经营许可证》发放名单-(2025)第36批,2025-10-10,河北印丽通信科技有限公司,B2-20235167,国内呼叫中心业务,河北,B2-(全网),https://tsm.miit.gov.cn/dxxzsp/help/noticeDetail.jsp?id=484,2025
工信部,新发证名单,《中华人民共和国增值电信业务经营许可证》发放名单-(2025)第36批,2025-10-10,极简互联（北京）信息科技有限公司,B2-20243775,国内呼叫中心业务,北京,B2-(全网),https://tsm.miit.gov.cn/dxxzsp/help/noticeDetail.jsp?id=484,2025
工信部,新发证名单,《中华人民共和国增值电信业务经营许可证》发放名单-(2025)第36批,2025-10-10,北京浩然五洲软件技术有限公司,B1.B2-20251667,国内呼叫中心业务,北京,混合-(全网),https://tsm.miit.gov.cn/dxxzsp/help/noticeDetail.jsp?id=484,2025
工信部,新发证名单,《中华人民共和国增值电信业务经营许可证》发放名单-(2025)第34批,2025-09-19,浙江中通文博服务有限公司,B2-20253525,国内呼叫中心业务,浙江,B2-(全网),https://tsm.miit.gov.cn/dxxzsp/help/noticeDetail.jsp?id=480,2025
工信部,新发证名单,《中华人民共和国增值电信业务经营许可证》发放名单-(2025)第34批,2025-09-19,河北诺米信息科技有限公司,B2-20253526,国内呼叫中心业务,河北,B2-(全网),https://tsm.miit.gov.cn/dxxzsp/help/noticeDetail.jsp?id=480,2025
工信部,新发证名单,《中华人民共和国增值电信业务经营许可证》发放名单-(2025)第34批,2025-09-19,北京沐逍科技有限公司,B2-20253527,国内呼叫中心业务,北京,B2-(全网),https://tsm.miit.gov.cn/dxxzsp/help/noticeDetail.jsp?id=480,2025
工信部,新发证名单,《中华人民共和国增值电信业务经营许可证》发放名单-(2025)第34批,2025-09-19,浙江奇基云创大数据科技有限公司,B2-20253528,国内呼叫中心业务,浙江,B2-(全网),https://tsm.miit.gov.cn/dxxzsp/help/noticeDetail.jsp?id=480,2025
工信部,新发证名单,《中华人民共和国增值电信业务经营许可证》发放名单-(2025)第34批,2025-09-19,陕西省大数据集团有限公司,B2-20253529,国内呼叫中心业务,陕西,B2-(全网),https://tsm.miit.gov.cn/dxxzsp/help/noticeDetail.jsp?id=480,2025
工信部,新发证名单,《中华人民共和国增值电信业务经营许可证》发放名单-(2025)第34批,2025-09-19,上海赛可出行科技服务有限公司,合字B2-20240596,国内呼叫中心业务,上海,B2-(全网),https://tsm.miit.gov.cn/dxxzsp/help/noticeDetail.jsp?id=480,2025
工信部,新发证名单,《中华人民共和国增值电信业务经营许可证》发放名单-(2025)第33批,2025-09-15,新疆网兴智能科技有限公司,B2-20253411,国内呼叫中心业务,新疆,B2-(全网),https://tsm.miit.gov.cn/dxxzsp/help/noticeDetail.jsp?id=477,2025
工信部,新发证名单,《中华人民共和国增值电信业务经营许可证》发放名单-(2025)第33批,2025-09-15,安徽徽盾信息技术有限公司,B2-20253412,国内呼叫中心业务,安徽,B2-(全网),https://tsm.miit.gov.cn/dxxzsp/help/noticeDetail.jsp?id=477,2025
工信部,新发证名单,《中华人民共和国增值电信业务经营许可证》发放名单-(2025)第33批,2025-09-15,马鞍山市泽旭科技有限公司,B2-20253413,国内呼叫中心业务,安徽,B2-(全网),https://tsm.miit.gov.cn/dxxzsp/help/noticeDetail.jsp?id=477,2025
工信部,新发证名单,《中华人民共和国增值电信业务经营许可证》发放名单-(2025)第33批,2025-09-15,北京晶凌沄科技有限公司,B2-20253414,国内呼叫中心业务,北京,B2-(全网),https://tsm.miit.gov.cn/dxxzsp/help/noticeDetail.jsp?id=477,2025
工信部,新发证名单,《中华人民共和国增值电信业务经营许可证》发放名单-(2025)第33批,2025-09-15,山东昌信信息技术有限公司,B2-20253415,国内呼叫中心业务,山东,B2-(全网),https://tsm.miit.gov.cn/dxxzsp/help/noticeDetail.jsp?id=477,2025
工信部,新发证名单,《中华人民共和国增值电信业务经营许可证》发放名单-(2025)第33批,2025-09-15,北京韶霆科技有限公司,B2-20253416,国内呼叫中心业务,北京,B2-(全网),https://tsm.miit.gov.cn/dxxzsp/help/noticeDetail.jsp?id=477,2025
工信部,新发证名单,《中华人民共和国增值电信业务经营许可证》发放名单-(2025)第33批,2025-09-15,北京起非网络科技有限公司,B2-20253417,国内呼叫中心业务信息服务业务（不含互联网信息服务）,北京,B2-(全网),https://tsm.miit.gov.cn/dxxzsp/help/noticeDetail.jsp?id=477,2025
工信部,新发证名单,《中华人民共和国增值电信业务经营许可证》发放名单-(2025)第33批,2025-09-15,天津市辰欣通信科技有限公司,B1.B2-20253454,互联网数据中心业务国内互联网虚拟专用网业务互联网接入服务业务国内呼叫中心业务,天津,混合-(全网),https://tsm.miit.gov.cn/dxxzsp/help/noticeDetail.jsp?id=477,2025
工信部,新发证名单,《中华人民共和国增值电信业务经营许可证》发放名单-(2025)第33批,2025-09-15,杭州君隆科技有限公司,B2-20150101,国内呼叫中心业务,浙江,B2-(全网),https://tsm.miit.gov.cn/dxxzsp/help/noticeDetail.jsp?id=477,2025
工信部,新发证名单,《中华人民共和国增值电信业务经营许可证》发放名单-(2025)第33批,2025-09-15,北京领航开拓者网络科技有限公司,B2-20182845,国内呼叫中心业务,北京,B2-(全网),https://tsm.miit.gov.cn/dxxzsp/help/noticeDetail.jsp?id=477,2025
工信部,新发证名单,《中华人民共和国增值电信业务经营许可证》发放名单-(2025)第33批,2025-09-15,云上广西网络科技有限公司,B1.B2-20202088,国内呼叫中心业务,广西,混合-(全网),https://tsm.miit.gov.cn/dxxzsp/help/noticeDetail.jsp?id=477,2025
工信部,新发证名单,《中华人民共和国增值电信业务经营许可证》发放名单-(2025)第33批,2025-09-15,江苏吉线讯畅网络科技有限公司,B2-20243935,国内呼叫中心业务,江苏,B2-(全网),https://tsm.miit.gov.cn/dxxzsp/help/noticeDetail.jsp?id=477,2025
工信部,新发证名单,《中华人民共和国增值电信业务经营许可证》发放名单-(2025)第31批,2025-08-29,人人普信法律服务有限公司,B2-20253233,国内呼叫中心业务,未知,B2-(全网),https://tsm.miit.gov.cn/dxxzsp/help/noticeDetail.jsp?id=474,2025
工信部,新发证名单,《中华人民共和国增值电信业务经营许可证》发放名单-(2025)第31批,2025-08-29,山东青春在线信息服务有限公司,B2-20253234,国内呼叫中心业务,山东,B2-(全网),https://tsm.miit.gov.cn/dxxzsp/help/noticeDetail.jsp?id=474,2025
工信部,新发证名单,《中华人民共和国增值电信业务经营许可证》发放名单-(2025)第31批,2025-08-29,深圳盈姿实业发展有限公司,B2-20253235,国内呼叫中心业务,广东,B2-(全网),https://tsm.miit.gov.cn/dxxzsp/help/noticeDetail.jsp?id=474,2025
工信部,新发证名单,《中华人民共和国增值电信业务经营许可证》发放名单-(2025)第31批,2025-08-29,广东卓翼教育投资有限公司,B2-20253236,国内呼叫中心业务,广东,B2-(全网),https://tsm.miit.gov.cn/dxxzsp/help/noticeDetail.jsp?id=474,2025
工信部,新发证名单,《中华人民共和国增值电信业务经营许可证》发放名单-(2025)第31批,2025-08-29,北京神州集数科技有限公司,B2-20253237,国内呼叫中心业务,北京,B2-(全网),https://tsm.miit.gov.cn/dxxzsp/help/noticeDetail.jsp?id=474,2025
工信部,新发证名单,《中华人民共和国增值电信业务经营许可证》发放名单-(2025)第31批,2025-08-29,北京惠捷宇通科技有限公司,B2-20110011,国内呼叫中心业务,北京,B2-(全网),https://tsm.miit.gov.cn/dxxzsp/help/noticeDetail.jsp?id=474,2025
工信部,新发证名单,《中华人民共和国增值电信业务经营许可证》发放名单-(2025)第32批,2025-09-02,福建省闽安企业管理服务有限公司,B2-20253331,国内呼叫中心业务,福建,B2-(全网),https://tsm.miit.gov.cn/dxxzsp/help/noticeDetail.jsp?id=476,2025
工信部,新发证名单,《中华人民共和国增值电信业务经营许可证》发放名单-(2025)第32批,2025-09-02,浙江小善大爱科技有限公司,B2-20253332,国内呼叫中心业务,浙江,B2-(全网),https://tsm.miit.gov.cn/dxxzsp/help/noticeDetail.jsp?id=476,2025
工信部,新发证名单,《中华人民共和国增值电信业务经营许可证》发放名单-(2025)第32批,2025-09-02,河北杉与参科技有限公司,B2-20253333,国内呼叫中心业务,河北,B2-(全网),https://tsm.miit.gov.cn/dxxzsp/help/noticeDetail.jsp?id=476,2025
工信部,新发证名单,《中华人民共和国增值电信业务经营许可证》发放名单-(2025)第32批,2025-09-02,杭州闪应科技有限公司,合字B2-20250461,国内呼叫中心业务,浙江,B2-(全网),https://tsm.miit.gov.cn/dxxzsp/help/noticeDetail.jsp?id=476,2025
工信部,新发证名单,《中华人民共和国增值电信业务经营许可证》发放名单-(2025)第32批,2025-09-02,名气家信息服务有限公司,合字B2-20200102,国内呼叫中心业务,未知,B2-(全网),https://tsm.miit.gov.cn/dxxzsp/help/noticeDetail.jsp?id=476,2025
工信部,新发证名单,《中华人民共和国增值电信业务经营许可证》发放名单-(2025)第32批,2025-09-02,河北桦畅信息科技有限公司,B2-20250644,国内呼叫中心业务,河北,B2-(全网),https://tsm.miit.gov.cn/dxxzsp/help/noticeDetail.jsp?id=476,2025
工信部,新发证名单,《中华人民共和国增值电信业务经营许可证》发放名单-(2025)第38批,2025-10-27,神州在线（广东）网络通信技术有限公司,B2-20253927,国内呼叫中心业务,广东,B2-(全网),https://tsm.miit.gov.cn/dxxzsp/help/noticeDetail.jsp?id=487,2025
工信部,新发证名单,《中华人民共和国增值电信业务经营许可证》发放名单-(2025)第38批,2025-10-27,浙江晨希广告有限责任公司,B2-20253928,国内呼叫中心业务,浙江,B2-(全网),https://tsm.miit.gov.cn/dxxzsp/help/noticeDetail.jsp?id=487,2025
工信部,新发证名单,《中华人民共和国增值电信业务经营许可证》发放名单-(2025)第38批,2025-10-27,上海海昌计算机有限公司,B2-20253929,国内呼叫中心业务,上海,B2-(全网),https://tsm.miit.gov.cn/dxxzsp/help/noticeDetail.jsp?id=487,2025
工信部,新发证名单,《中华人民共和国增值电信业务经营许可证》发放名单-(2025)第38批,2025-10-27,京东云计算有限公司,A2.B1.B2-20191819,国内呼叫中心业务,未知,混合-(全网),https://tsm.miit.gov.cn/dxxzsp/help/noticeDetail.jsp?id=487,2025
工信部,新发证名单,《中华人民共和国增值电信业务经营许可证》发放名单-(2025)第38批,2025-10-27,众和运汇（北京）科技有限公司,B1.B2-20241750,国内呼叫中心业务,北京,混合-(全网),https://tsm.miit.gov.cn/dxxzsp/help/noticeDetail.jsp?id=487,2025
工信部,新发证名单,《中华人民共和国增值电信业务经营许可证》发放名单-(2025)第29批,2025-08-08,重庆星慧通科技有限公司,B2-20252936,国内呼叫中心业务,重庆,B2-(全网),https://tsm.miit.gov.cn/dxxzsp/help/noticeDetail.jsp?id=471,2025
工信部,新发证名单,《中华人民共和国增值电信业务经营许可证》发放名单-(2025)第29批,2025-08-08,深圳市渤创科技有限公司,B2-20252937,国内呼叫中心业务,广东,B2-(全网),https://tsm.miit.gov.cn/dxxzsp/help/noticeDetail.jsp?id=471,2025
工信部,新发证名单,《中华人民共和国增值电信业务经营许可证》发放名单-(2025)第29批,2025-08-08,重庆广涪新科技有限公司,B2-20252938,国内呼叫中心业务,重庆,B2-(全网),https://tsm.miit.gov.cn/dxxzsp/help/noticeDetail.jsp?id=471,2025
工信部,新发证名单,《中华人民共和国增值电信业务经营许可证》发放名单-(2025)第29批,2025-08-08,北京君加科技有限公司,B2-20252939,国内呼叫中心业务,北京,B2-(全网),https://tsm.miit.gov.cn/dxxzsp/help/noticeDetail.jsp?id=471,2025
工信部,新发证名单,《中华人民共和国增值电信业务经营许可证》发放名单-(2025)第29批,2025-08-08,河南奥帆科技有限公司,B2-20252940,国内呼叫中心业务,河南,B2-(全网),https://tsm.miit.gov.cn/dxxzsp/help/noticeDetail.jsp?id=471,2025
工信部,新发证名单,《中华人民共和国增值电信业务经营许可证》发放名单-(2025)第29批,2025-08-08,浙江美连科技有限公司,B2-20252941,国内呼叫中心业务,浙江,B2-(全网),https://tsm.miit.gov.cn/dxxzsp/help/noticeDetail.jsp?id=471,2025
工信部,新发证名单,《中华人民共和国增值电信业务经营许可证》发放名单-(2025)第29批,2025-08-08,深圳市普鸿邦民科技有限公司,B2-20252942,国内呼叫中心业务,广东,B2-(全网),https://tsm.miit.gov.cn/dxxzsp/help/noticeDetail.jsp?id=471,2025
工信部,新发证名单,《中华人民共和国增值电信业务经营许可证》发放名单-(2025)第29批,2025-08-08,江苏凌卓科技服务有限公司,B2-20252943,国内呼叫中心业务,江苏,B2-(全网),https://tsm.miit.gov.cn/dxxzsp/help/noticeDetail.jsp?id=471,2025
工信部,新发证名单,《中华人民共和国增值电信业务经营许可证》发放名单-(2025)第29批,2025-08-08,上海图用信息科技有限公司,B2-20252944,国内呼叫中心业务,上海,B2-(全网),https://tsm.miit.gov.cn/dxxzsp/help/noticeDetail.jsp?id=471,2025
工信部,新发证名单,《中华人民共和国增值电信业务经营许可证》发放名单-(2025)第29批,2025-08-08,江苏华泽数字科技有限公司,B2-20252946,国内多方通信服务业务国内呼叫中心业务,江苏,B2-(全网),https://tsm.miit.gov.cn/dxxzsp/help/noticeDetail.jsp?id=471,2025
工信部,新发证名单,《中华人民共和国增值电信业务经营许可证》发放名单-(2025)第29批,2025-08-08,点惠信息技术（上海）有限公司,B2-20193181,国内呼叫中心业务,上海,B2-(全网),https://tsm.miit.gov.cn/dxxzsp/help/noticeDetail.jsp?id=471,2025
工信部,新发证名单,《中华人民共和国增值电信业务经营许可证》发放名单-(2025)第29批,2025-08-08,北京天下盛世科技有限公司,B2-20200077,国内呼叫中心业务,北京,B2-(全网),https://tsm.miit.gov.cn/dxxzsp/help/noticeDetail.jsp?id=471,2025
工信部,新发证名单,《中华人民共和国增值电信业务经营许可证》发放名单-(2025)第29批,2025-08-08,山东创之明信息技术有限公司,B2-20220030,国内呼叫中心业务,山东,B2-(全网),https://tsm.miit.gov.cn/dxxzsp/help/noticeDetail.jsp?id=471,2025
工信部,新发证名单,《中华人民共和国增值电信业务经营许可证》发放名单-(2025)第29批,2025-08-08,郑州荣千通信科技有限公司,B1.B2-20221649,国内呼叫中心业务,河南,混合-(全网),https://tsm.miit.gov.cn/dxxzsp/help/noticeDetail.jsp?id=471,2025
工信部,新发证名单,《中华人民共和国增值电信业务经营许可证》发放名单-(2025)第29批,2025-08-08,山东信网大数据有限公司,B2-20224646,国内呼叫中心业务,山东,B2-(全网),https://tsm.miit.gov.cn/dxxzsp/help/noticeDetail.jsp?id=471,2025
工信部,新发证名单,《中华人民共和国增值电信业务经营许可证》发放名单-(2025)第29批,2025-08-08,北京熹晨互联科技有限公司,B1.B2-20241077,国内呼叫中心业务,北京,混合-(全网),https://tsm.miit.gov.cn/dxxzsp/help/noticeDetail.jsp?id=471,2025
工信部,新发证名单,《中华人民共和国增值电信业务经营许可证》发放名单-(2025)第29批,2025-08-08,江苏新视云科技股份有限公司,B1.B2-20243596,国内呼叫中心业务,江苏,混合-(全网),https://tsm.miit.gov.cn/dxxzsp/help/noticeDetail.jsp?id=471,2025
工信部,新发证名单,《中华人民共和国增值电信业务经营许可证》发放名单-(2025)第29批,2025-08-08,君汇（湖北）信息科技有限公司,B2-20251391,国内呼叫中心业务,湖北,B2-(全网),https://tsm.miit.gov.cn/dxxzsp/help/noticeDetail.jsp?id=471,2025
工信部,注销公示,关于拟注销福建东泰安信息科技有限公司等 150家企业跨地区增值电信业务经营许可的公示,2025-09-24,广州风致信息科技有限公司,B2-20192155,国内呼叫中心业务,广东,B2-(全网),https://tsm.miit.gov.cn/dxxzsp/help/noticeDetail.jsp?id=481,2025
工信部,注销公示,关于拟注销福建东泰安信息科技有限公司等 150家企业跨地区增值电信业务经营许可的公示,2025-09-24,浙江同花顺智能科技有限公司,B2-20202794,国内呼叫中心业务、信息服务业务（不含互联网信息服务）,浙江,B2-(全网),https://tsm.miit.gov.cn/dxxzsp/help/noticeDetail.jsp?id=481,2025
工信部,注销公示,关于拟注销福建东泰安信息科技有限公司等 150家企业跨地区增值电信业务经营许可的公示,2025-09-24,合肥旗御信息科技有限公司,B2-20150852,国内呼叫中心业务,安徽,B2-(全网),https://tsm.miit.gov.cn/dxxzsp/help/noticeDetail.jsp?id=481,2025
工信部,注销公示,关于拟注销河南上方通信技术有限公司等 176家企业跨地区增值电信业务经营许可的公示,2025-08-01,广州时利合科技有限公司,B2-20183364,国内呼叫中心业务、信息服务业务（不含互联网信息服务）,广东,B2-(全网),https://tsm.miit.gov.cn/dxxzsp/help/noticeDetail.jsp?id=468,2025
工信部,注销公示,关于拟注销河南上方通信技术有限公司等 176家企业跨地区增值电信业务经营许可的公示,2025-08-01,北京航标智享科技有限公司,B2-20195019,国内呼叫中心业务,北京,B2-(全网),https://tsm.miit.gov.cn/dxxzsp/help/noticeDetail.jsp?id=468,2025
工信部,新发证名单,《中华人民共和国增值电信业务经营许可证》发放名单-(2025)第28批,2025-08-01,北京中泰信邦通信技术有限公司,B2-20252825,国内呼叫中心业务,北京,B2-(全网),https://tsm.miit.gov.cn/dxxzsp/help/noticeDetail.jsp?id=467,2025
工信部,新发证名单,《中华人民共和国增值电信业务经营许可证》发放名单-(2025)第28批,2025-08-01,杭州数木智能有限公司,B2-20252861,国内呼叫中心业务,浙江,B2-(全网),https://tsm.miit.gov.cn/dxxzsp/help/noticeDetail.jsp?id=467,2025
工信部,新发证名单,《中华人民共和国增值电信业务经营许可证》发放名单-(2025)第28批,2025-08-01,湖南为度软件科技有限公司,B2-20252862,国内呼叫中心业务,湖南,B2-(全网),https://tsm.miit.gov.cn/dxxzsp/help/noticeDetail.jsp?id=467,2025
工信部,新发证名单,《中华人民共和国增值电信业务经营许可证》发放名单-(2025)第28批,2025-08-01,湖南将素网络科技有限公司,B2-20252863,国内呼叫中心业务,湖南,B2-(全网),https://tsm.miit.gov.cn/dxxzsp/help/noticeDetail.jsp?id=467,2025
工信部,新发证名单,《中华人民共和国增值电信业务经营许可证》发放名单-(2025)第28批,2025-08-01,北京希乡科技有限公司,B2-20252864,国内呼叫中心业务,北京,B2-(全网),https://tsm.miit.gov.cn/dxxzsp/help/noticeDetail.jsp?id=467,2025
工信部,新发证名单,《中华人民共和国增值电信业务经营许可证》发放名单-(2025)第28批,2025-08-01,中电信人工智能科技（北京）有限公司,B2-20252865,国内呼叫中心业务,北京,B2-(全网),https://tsm.miit.gov.cn/dxxzsp/help/noticeDetail.jsp?id=467,2025
工信部,新发证名单,《中华人民共和国增值电信业务经营许可证》发放名单-(2025)第28批,2025-08-01,上海嘉银科技股份有限公司,B2-20252866,国内呼叫中心业务,上海,B2-(全网),https://tsm.miit.gov.cn/dxxzsp/help/noticeDetail.jsp?id=467,2025
工信部,新发证名单,《中华人民共和国增值电信业务经营许可证》发放名单-(2025)第28批,2025-08-01,新余开物金服科技有限公司,B2-20252867,国内呼叫中心业务,未知,B2-(全网),https://tsm.miit.gov.cn/dxxzsp/help/noticeDetail.jsp?id=467,2025
工信部,新发证名单,《中华人民共和国增值电信业务经营许可证》发放名单-(2025)第28批,2025-08-01,深圳市星联卫通科技有限公司,B2-20252868,国内呼叫中心业务,广东,B2-(全网),https://tsm.miit.gov.cn/dxxzsp/help/noticeDetail.jsp?id=467,2025
工信部,新发证名单,《中华人民共和国增值电信业务经营许可证》发放名单-(2025)第28批,2025-08-01,安徽旌众科技有限公司,B2-20252869,国内呼叫中心业务,安徽,B2-(全网),https://tsm.miit.gov.cn/dxxzsp/help/noticeDetail.jsp?id=467,2025
工信部,新发证名单,《中华人民共和国增值电信业务经营许可证》发放名单-(2025)第28批,2025-08-01,北京中如若科技有限公司,B2-20252870,国内呼叫中心业务,北京,B2-(全网),https://tsm.miit.gov.cn/dxxzsp/help/noticeDetail.jsp?id=467,2025
工信部,新发证名单,《中华人民共和国增值电信业务经营许可证》发放名单-(2025)第28批,2025-08-01,北京中辰智能科技有限公司,B2-20252871,国内呼叫中心业务,北京,B2-(全网),https://tsm.miit.gov.cn/dxxzsp/help/noticeDetail.jsp?id=467,2025
工信部,新发证名单,《中华人民共和国增值电信业务经营许可证》发放名单-(2025)第28批,2025-08-01,武汉鸿罗科技有限公司,B2-20252872,国内呼叫中心业务,湖北,B2-(全网),https://tsm.miit.gov.cn/dxxzsp/help/noticeDetail.jsp?id=467,2025
工信部,新发证名单,《中华人民共和国增值电信业务经营许可证》发放名单-(2025)第28批,2025-08-01,广东仕旺信息科技有限公司,B2-20252873,国内呼叫中心业务,广东,B2-(全网),https://tsm.miit.gov.cn/dxxzsp/help/noticeDetail.jsp?id=467,2025
工信部,新发证名单,《中华人民共和国增值电信业务经营许可证》发放名单-(2025)第28批,2025-08-01,重庆爱买特数字科技有限公司,合字B2-20250400,国内呼叫中心业务,重庆,B2-(全网),https://tsm.miit.gov.cn/dxxzsp/help/noticeDetail.jsp?id=467,2025
工信部,新发证名单,《中华人民共和国增值电信业务经营许可证》发放名单-(2025)第28批,2025-08-01,江苏户传科技有限公司,B2-20161230,国内呼叫中心业务,江苏,B2-(全网),https://tsm.miit.gov.cn/dxxzsp/help/noticeDetail.jsp?id=467,2025
工信部,新发证名单,《中华人民共和国增值电信业务经营许可证》发放名单-(2025)第28批,2025-08-01,深圳市施尔德信息咨询服务有限公司,B2-20210449,国内呼叫中心业务,广东,B2-(全网),https://tsm.miit.gov.cn/dxxzsp/help/noticeDetail.jsp?id=467,2025
工信部,新发证名单,《中华人民共和国增值电信业务经营许可证》发放名单-(2025)第28批,2025-08-01,北京悦途出行科技（集团）股份有限公司,合字B2-20250356,国内呼叫中心业务,北京,B2-(全网),https://tsm.miit.gov.cn/dxxzsp/help/noticeDetail.jsp?id=467,2025
工信部,注销公示,关于拟注销天津安得网络科技有限公司等 136家企业跨地区增值电信业务经营许可的公示,2025-07-29,广西玉柴机器集团有限公司,B2-20050280,国内呼叫中心业务,广西,B2-(全网),https://tsm.miit.gov.cn/dxxzsp/help/noticeDetail.jsp?id=466,2025
工信部,注销公示,关于拟注销天津安得网络科技有限公司等 136家企业跨地区增值电信业务经营许可的公示,2025-07-29,大连聚盟科技发展有限公司,B2-20150555,国内呼叫中心业务,辽宁,B2-(全网),https://tsm.miit.gov.cn/dxxzsp/help/noticeDetail.jsp?id=466,2025
工信部,新发证名单,《中华人民共和国增值电信业务经营许可证》发放名单-(2025)第26批,2025-07-16,河南千里网络科技有限公司,B2-20252631,国内呼叫中心业务信息服务业务（不含互联网信息服务）,河南,B2-(全网),https://tsm.miit.gov.cn/dxxzsp/help/noticeDetail.jsp?id=463,2025
工信部,新发证名单,《中华人民共和国增值电信业务经营许可证》发放名单-(2025)第26批,2025-07-16,成都冠彩锦华科技有限公司,B2-20252632,国内呼叫中心业务,四川,B2-(全网),https://tsm.miit.gov.cn/dxxzsp/help/noticeDetail.jsp?id=463,2025
工信部,新发证名单,《中华人民共和国增值电信业务经营许可证》发放名单-(2025)第26批,2025-07-16,北京雨维科技有限公司,B2-20252633,国内呼叫中心业务,北京,B2-(全网),https://tsm.miit.gov.cn/dxxzsp/help/noticeDetail.jsp?id=463,2025
工信部,新发证名单,《中华人民共和国增值电信业务经营许可证》发放名单-(2025)第26批,2025-07-16,东莞市高地人才资源开发有限公司,B2-20252634,国内呼叫中心业务,广东,B2-(全网),https://tsm.miit.gov.cn/dxxzsp/help/noticeDetail.jsp?id=463,2025
工信部,新发证名单,《中华人民共和国增值电信业务经营许可证》发放名单-(2025)第26批,2025-07-16,河南渝诚科技有限公司,B2-20252635,国内呼叫中心业务,河南,B2-(全网),https://tsm.miit.gov.cn/dxxzsp/help/noticeDetail.jsp?id=463,2025
工信部,新发证名单,《中华人民共和国增值电信业务经营许可证》发放名单-(2025)第26批,2025-07-16,宁波菊风系统软件有限公司,B2-20252636,国内呼叫中心业务,浙江,B2-(全网),https://tsm.miit.gov.cn/dxxzsp/help/noticeDetail.jsp?id=463,2025
工信部,新发证名单,《中华人民共和国增值电信业务经营许可证》发放名单-(2025)第26批,2025-07-16,广西壮族自治区通信产业服务有限公司,B2-20252637,国内呼叫中心业务,广西,B2-(全网),https://tsm.miit.gov.cn/dxxzsp/help/noticeDetail.jsp?id=463,2025
工信部,新发证名单,《中华人民共和国增值电信业务经营许可证》发放名单-(2025)第26批,2025-07-16,安徽垂创信息技术有限公司,B2-20252638,国内呼叫中心业务,安徽,B2-(全网),https://tsm.miit.gov.cn/dxxzsp/help/noticeDetail.jsp?id=463,2025
工信部,新发证名单,《中华人民共和国增值电信业务经营许可证》发放名单-(2025)第26批,2025-07-16,北京闪电智联科技有限公司,B2-20252639,国内呼叫中心业务,北京,B2-(全网),https://tsm.miit.gov.cn/dxxzsp/help/noticeDetail.jsp?id=463,2025
工信部,新发证名单,《中华人民共和国增值电信业务经营许可证》发放名单-(2025)第26批,2025-07-16,杭州真御安科技有限公司,B2-20252640,国内呼叫中心业务,浙江,B2-(全网),https://tsm.miit.gov.cn/dxxzsp/help/noticeDetail.jsp?id=463,2025
工信部,新发证名单,《中华人民共和国增值电信业务经营许可证》发放名单-(2025)第26批,2025-07-16,河北迦蜜通讯科技有限公司,B2-20252641,国内呼叫中心业务,河北,B2-(全网),https://tsm.miit.gov.cn/dxxzsp/help/noticeDetail.jsp?id=463,2025
工信部,新发证名单,《中华人民共和国增值电信业务经营许可证》发放名单-(2025)第26批,2025-07-16,深圳市顺丰同城物流有限公司,合字B2-20250381,国内呼叫中心业务,广东,B2-(全网),https://tsm.miit.gov.cn/dxxzsp/help/noticeDetail.jsp?id=463,2025
工信部,新发证名单,《中华人民共和国增值电信业务经营许可证》发放名单-(2025)第26批,2025-07-16,北京鼎力天启科技有限公司,B2-20170110,国内呼叫中心业务,北京,B2-(全网),https://tsm.miit.gov.cn/dxxzsp/help/noticeDetail.jsp?id=463,2025
工信部,新发证名单,《中华人民共和国增值电信业务经营许可证》发放名单-(2025)第26批,2025-07-16,青云政通科技有限公司,B2-20191898,国内呼叫中心业务,未知,B2-(全网),https://tsm.miit.gov.cn/dxxzsp/help/noticeDetail.jsp?id=463,2025
工信部,新发证名单,《中华人民共和国增值电信业务经营许可证》发放名单-(2025)第26批,2025-07-16,北京畅云数据科技有限公司,B2-20201356,国内呼叫中心业务,北京,B2-(全网),https://tsm.miit.gov.cn/dxxzsp/help/noticeDetail.jsp?id=463,2025
工信部,新发证名单,《中华人民共和国增值电信业务经营许可证》发放名单-(2025)第26批,2025-07-16,辽宁国运通达通信集团有限公司,B1.B2-20234038,国内呼叫中心业务,辽宁,混合-(全网),https://tsm.miit.gov.cn/dxxzsp/help/noticeDetail.jsp?id=463,2025
工信部,新发证名单,《中华人民共和国增值电信业务经营许可证》发放名单-(2025)第26批,2025-07-16,泉州市速腾网络科技有限公司,B2-20251636,国内呼叫中心业务,未知,B2-(全网),https://tsm.miit.gov.cn/dxxzsp/help/noticeDetail.jsp?id=463,2025
工信部,新发证名单,《中华人民共和国增值电信业务经营许可证》发放名单-(2025)第30批,2025-08-19,上海策玥信息技术有限公司,B2-20253099,国内呼叫中心业务,上海,B2-(全网),https://tsm.miit.gov.cn/dxxzsp/help/noticeDetail.jsp?id=472,2025
工信部,新发证名单,《中华人民共和国增值电信业务经营许可证》发放名单-(2025)第30批,2025-08-19,河南叩蒙通信技术有限公司,B2-20253100,国内呼叫中心业务,河南,B2-(全网),https://tsm.miit.gov.cn/dxxzsp/help/noticeDetail.jsp?id=472,2025
工信部,新发证名单,《中华人民共和国增值电信业务经营许可证》发放名单-(2025)第30批,2025-08-19,众甫供应链（广东）有限公司,B2-20253101,国内呼叫中心业务,广东,B2-(全网),https://tsm.miit.gov.cn/dxxzsp/help/noticeDetail.jsp?id=472,2025
工信部,新发证名单,《中华人民共和国增值电信业务经营许可证》发放名单-(2025)第30批,2025-08-19,杭州灵狐未来网络科技有限公司,B2-20253102,国内呼叫中心业务,浙江,B2-(全网),https://tsm.miit.gov.cn/dxxzsp/help/noticeDetail.jsp?id=472,2025
工信部,新发证名单,《中华人民共和国增值电信业务经营许可证》发放名单-(2025)第30批,2025-08-19,沈阳铭澜科技有限公司,B2-20253103,国内呼叫中心业务,辽宁,B2-(全网),https://tsm.miit.gov.cn/dxxzsp/help/noticeDetail.jsp?id=472,2025
工信部,新发证名单,《中华人民共和国增值电信业务经营许可证》发放名单-(2025)第30批,2025-08-19,湖南衍舒科技有限公司,B2-20253104,国内呼叫中心业务,湖南,B2-(全网),https://tsm.miit.gov.cn/dxxzsp/help/noticeDetail.jsp?id=472,2025
工信部,新发证名单,《中华人民共和国增值电信业务经营许可证》发放名单-(2025)第30批,2025-08-19,国能易购（北京）科技有限公司,B2-20253105,国内呼叫中心业务,北京,B2-(全网),https://tsm.miit.gov.cn/dxxzsp/help/noticeDetail.jsp?id=472,2025
工信部,新发证名单,《中华人民共和国增值电信业务经营许可证》发放名单-(2025)第30批,2025-08-19,腾讯云科技有限公司,B2-20195984,国内呼叫中心业务,未知,B2-(全网),https://tsm.miit.gov.cn/dxxzsp/help/noticeDetail.jsp?id=472,2025
工信部,新发证名单,《中华人民共和国增值电信业务经营许可证》发放名单-(2025)第30批,2025-08-19,北京中科盈泰科技发展有限公司,B2-20201483,国内呼叫中心业务,北京,B2-(全网),https://tsm.miit.gov.cn/dxxzsp/help/noticeDetail.jsp?id=472,2025
工信部,新发证名单,《中华人民共和国增值电信业务经营许可证》发放名单-(2025)第30批,2025-08-19,北京八通亿达科技有限公司,B2-20221612,国内呼叫中心业务,北京,B2-(全网),https://tsm.miit.gov.cn/dxxzsp/help/noticeDetail.jsp?id=472,2025
工信部,新发证名单,《中华人民共和国增值电信业务经营许可证》发放名单-(2025)第30批,2025-08-19,苏州医朵云健康股份有限公司,合字B2-20230098,国内呼叫中心业务,江苏,B2-(全网),https://tsm.miit.gov.cn/dxxzsp/help/noticeDetail.jsp?id=472,2025
工信部,新发证名单,《中华人民共和国增值电信业务经营许可证》发放名单-(2025)第30批,2025-08-19,深圳市联一通科技有限公司,B2-20230368,国内呼叫中心业务,广东,B2-(全网),https://tsm.miit.gov.cn/dxxzsp/help/noticeDetail.jsp?id=472,2025
工信部,新发证名单,《中华人民共和国增值电信业务经营许可证》发放名单-(2025)第30批,2025-08-19,瓴羊智能科技有限公司,合字B2-20240367,国内呼叫中心业务,未知,B2-(全网),https://tsm.miit.gov.cn/dxxzsp/help/noticeDetail.jsp?id=472,2025
工信部,新发证名单,《中华人民共和国增值电信业务经营许可证》发放名单-(2025)第30批,2025-08-19,深圳市奇道科技有限公司,B2-20240395,国内呼叫中心业务,广东,B2-(全网),https://tsm.miit.gov.cn/dxxzsp/help/noticeDetail.jsp?id=472,2025
工信部,新发证名单,《中华人民共和国增值电信业务经营许可证》发放名单-(2025)第30批,2025-08-19,深圳市风吹麦浪信息技术有限公司,B2-20241394,国内呼叫中心业务,广东,B2-(全网),https://tsm.miit.gov.cn/dxxzsp/help/noticeDetail.jsp?id=472,2025
工信部,新发证名单,《中华人民共和国增值电信业务经营许可证》发放名单-(2025)第30批,2025-08-19,广州易企呼网络有限公司,B2-20243872,国内呼叫中心业务,广东,B2-(全网),https://tsm.miit.gov.cn/dxxzsp/help/noticeDetail.jsp?id=472,2025
工信部,新发证名单,《中华人民共和国增值电信业务经营许可证》发放名单-(2025)第30批,2025-08-19,深圳市天光子科技有限公司,B2-20251524,国内呼叫中心业务,广东,B2-(全网),https://tsm.miit.gov.cn/dxxzsp/help/noticeDetail.jsp?id=472,2025
工信部,新发证名单,《中华人民共和国增值电信业务经营许可证》发放名单-(2025)第25批,2025-07-14,北京清亚科技有限公司,B2-20252488,国内呼叫中心业务信息服务业务（不含互联网信息服务）,北京,B2-(全网),https://tsm.miit.gov.cn/dxxzsp/help/noticeDetail.jsp?id=462,2025
工信部,新发证名单,《中华人民共和国增值电信业务经营许可证》发放名单-(2025)第25批,2025-07-14,上海长玖信信息科技有限公司,B2-20252489,国内呼叫中心业务信息服务业务（不含互联网信息服务）,上海,B2-(全网),https://tsm.miit.gov.cn/dxxzsp/help/noticeDetail.jsp?id=462,2025
工信部,新发证名单,《中华人民共和国增值电信业务经营许可证》发放名单-(2025)第25批,2025-07-14,山西建军商贸有限公司,B2-20252490,国内呼叫中心业务,山西,B2-(全网),https://tsm.miit.gov.cn/dxxzsp/help/noticeDetail.jsp?id=462,2025
工信部,新发证名单,《中华人民共和国增值电信业务经营许可证》发放名单-(2025)第25批,2025-07-14,合肥众创信息技术有限公司,B2-20252491,国内呼叫中心业务,安徽,B2-(全网),https://tsm.miit.gov.cn/dxxzsp/help/noticeDetail.jsp?id=462,2025
工信部,新发证名单,《中华人民共和国增值电信业务经营许可证》发放名单-(2025)第25批,2025-07-14,深圳市摩恩通讯科技有限公司,B2-20252492,国内呼叫中心业务,广东,B2-(全网),https://tsm.miit.gov.cn/dxxzsp/help/noticeDetail.jsp?id=462,2025
工信部,新发证名单,《中华人民共和国增值电信业务经营许可证》发放名单-(2025)第25批,2025-07-14,江苏泊霖信息技术有限公司,B2-20252493,国内呼叫中心业务,江苏,B2-(全网),https://tsm.miit.gov.cn/dxxzsp/help/noticeDetail.jsp?id=462,2025
工信部,新发证名单,《中华人民共和国增值电信业务经营许可证》发放名单-(2025)第25批,2025-07-14,山东恒泰济富互联科技有限公司,B2-20252494,国内呼叫中心业务,山东,B2-(全网),https://tsm.miit.gov.cn/dxxzsp/help/noticeDetail.jsp?id=462,2025
工信部,新发证名单,《中华人民共和国增值电信业务经营许可证》发放名单-(2025)第25批,2025-07-14,厦门帮零信息科技有限公司,B2-20252495,国内呼叫中心业务,福建,B2-(全网),https://tsm.miit.gov.cn/dxxzsp/help/noticeDetail.jsp?id=462,2025
工信部,新发证名单,《中华人民共和国增值电信业务经营许可证》发放名单-(2025)第25批,2025-07-14,深圳众投互连软件技术服务有限公司,B2-20252496,国内呼叫中心业务,广东,B2-(全网),https://tsm.miit.gov.cn/dxxzsp/help/noticeDetail.jsp?id=462,2025
工信部,新发证名单,《中华人民共和国增值电信业务经营许可证》发放名单-(2025)第25批,2025-07-14,北京誉慈科技有限公司,B2-20171149,国内呼叫中心业务,北京,B2-(全网),https://tsm.miit.gov.cn/dxxzsp/help/noticeDetail.jsp?id=462,2025
工信部,新发证名单,《中华人民共和国增值电信业务经营许可证》发放名单-(2025)第25批,2025-07-14,武汉众博天际信息技术有限公司,B2-20211807,国内呼叫中心业务,湖北,B2-(全网),https://tsm.miit.gov.cn/dxxzsp/help/noticeDetail.jsp?id=462,2025
工信部,新发证名单,《中华人民共和国增值电信业务经营许可证》发放名单-(2025)第25批,2025-07-14,安徽展星信息技术有限公司,B2-20222273,国内呼叫中心业务,安徽,B2-(全网),https://tsm.miit.gov.cn/dxxzsp/help/noticeDetail.jsp?id=462,2025
工信部,新发证名单,《中华人民共和国增值电信业务经营许可证》发放名单-(2025)第25批,2025-07-14,杭州远率科技有限公司,B2-20225373,国内呼叫中心业务,浙江,B2-(全网),https://tsm.miit.gov.cn/dxxzsp/help/noticeDetail.jsp?id=462,2025
工信部,新发证名单,《中华人民共和国增值电信业务经营许可证》发放名单-(2025)第25批,2025-07-14,深圳市久扬科技有限公司,B2-20225681,国内呼叫中心业务,广东,B2-(全网),https://tsm.miit.gov.cn/dxxzsp/help/noticeDetail.jsp?id=462,2025
工信部,新发证名单,《中华人民共和国增值电信业务经营许可证》发放名单-(2025)第25批,2025-07-14,山东浩丰信息科技有限公司,B2-20233919,国内呼叫中心业务,山东,B2-(全网),https://tsm.miit.gov.cn/dxxzsp/help/noticeDetail.jsp?id=462,2025
工信部,新发证名单,《中华人民共和国增值电信业务经营许可证》发放名单-(2025)第25批,2025-07-14,广东信于通科技有限公司,B2-20234864,国内呼叫中心业务,广东,B2-(全网),https://tsm.miit.gov.cn/dxxzsp/help/noticeDetail.jsp?id=462,2025
工信部,新发证名单,《中华人民共和国增值电信业务经营许可证》发放名单-(2025)第25批,2025-07-14,众行智能技术（广东）有限公司,B2-20235415,国内呼叫中心业务,广东,B2-(全网),https://tsm.miit.gov.cn/dxxzsp/help/noticeDetail.jsp?id=462,2025
工信部,新发证名单,《中华人民共和国增值电信业务经营许可证》发放名单-(2025)第25批,2025-07-14,安徽优锦信息科技有限公司,B1.B2-20251321,国内呼叫中心业务,安徽,混合-(全网),https://tsm.miit.gov.cn/dxxzsp/help/noticeDetail.jsp?id=462,2025
工信部,注销公示,关于拟注销福建行超新材料科技有限公司等 150家企业跨地区增值电信业务经营许可的公示,2025-07-16,东莞市帕马智能停车服务有限公司,B2-20100192,国内呼叫中心业务,广东,B2-(全网),https://tsm.miit.gov.cn/dxxzsp/help/noticeDetail.jsp?id=464,2025
工信部,注销公示,关于拟注销福建行超新材料科技有限公司等 150家企业跨地区增值电信业务经营许可的公示,2025-07-16,广东红海联动信息科技有限公司,B2-20150496,国内呼叫中心业务,广东,B2-(全网),https://tsm.miit.gov.cn/dxxzsp/help/noticeDetail.jsp?id=464,2025
工信部,注销公示,关于拟注销福建行超新材料科技有限公司等 150家企业跨地区增值电信业务经营许可的公示,2025-07-16,安徽淘礼网科技有限公司,合字B2-20200072,在线数据处理与交易处理业务、国内呼叫中心业务,安徽,B2-(全网),https://tsm.miit.gov.cn/dxxzsp/help/noticeDetail.jsp?id=464,2025
工信部,新发证名单,《中华人民共和国增值电信业务经营许可证》发放名单-(2025)第23批,2025-06-30,北京霖杰科技有限公司,B2-20252252,国内呼叫中心业务,北京,B2-(全网),https://tsm.miit.gov.cn/dxxzsp/help/noticeDetail.jsp?id=458,2025
工信部,新发证名单,《中华人民共和国增值电信业务经营许可证》发放名单-(2025)第23批,2025-06-30,澜起数字科技（甘肃）有限公司,B2-20252253,国内呼叫中心业务信息服务业务（不含互联网信息服务）,甘肃,B2-(全网),https://tsm.miit.gov.cn/dxxzsp/help/noticeDetail.jsp?id=458,2025
工信部,新发证名单,《中华人民共和国增值电信业务经营许可证》发放名单-(2025)第24批,2025-07-07,安徽快智乐服信息科技有限公司,B2-20252363,国内呼叫中心业务,安徽,B2-(全网),https://tsm.miit.gov.cn/dxxzsp/help/noticeDetail.jsp?id=461,2025
工信部,新发证名单,《中华人民共和国增值电信业务经营许可证》发放名单-(2025)第24批,2025-07-07,广州汇祎科技有限公司,B2-20252364,国内呼叫中心业务,广东,B2-(全网),https://tsm.miit.gov.cn/dxxzsp/help/noticeDetail.jsp?id=461,2025
工信部,新发证名单,《中华人民共和国增值电信业务经营许可证》发放名单-(2025)第24批,2025-07-07,北京烽火通信有限公司,B2-20252365,国内呼叫中心业务,北京,B2-(全网),https://tsm.miit.gov.cn/dxxzsp/help/noticeDetail.jsp?id=461,2025
工信部,新发证名单,《中华人民共和国增值电信业务经营许可证》发放名单-(2025)第24批,2025-07-07,北京新海天驰科技有限公司,B2-20252366,国内呼叫中心业务,北京,B2-(全网),https://tsm.miit.gov.cn/dxxzsp/help/noticeDetail.jsp?id=461,2025
工信部,新发证名单,《中华人民共和国增值电信业务经营许可证》发放名单-(2025)第24批,2025-07-07,北京智方伟业通信有限公司,B2-20252367,国内呼叫中心业务,北京,B2-(全网),https://tsm.miit.gov.cn/dxxzsp/help/noticeDetail.jsp?id=461,2025
工信部,新发证名单,《中华人民共和国增值电信业务经营许可证》发放名单-(2025)第24批,2025-07-07,北京永盛通信有限责任公司,B2-20252368,国内呼叫中心业务,北京,B2-(全网),https://tsm.miit.gov.cn/dxxzsp/help/noticeDetail.jsp?id=461,2025
工信部,新发证名单,《中华人民共和国增值电信业务经营许可证》发放名单-(2025)第24批,2025-07-07,河北言诺讯通科技有限公司,B2-20252369,国内呼叫中心业务,河北,B2-(全网),https://tsm.miit.gov.cn/dxxzsp/help/noticeDetail.jsp?id=461,2025
工信部,新发证名单,《中华人民共和国增值电信业务经营许可证》发放名单-(2025)第24批,2025-07-07,苏州嘉上网络科技有限公司,B2-20252370,国内呼叫中心业务,江苏,B2-(全网),https://tsm.miit.gov.cn/dxxzsp/help/noticeDetail.jsp?id=461,2025
工信部,新发证名单,《中华人民共和国增值电信业务经营许可证》发放名单-(2025)第24批,2025-07-07,陕西扬帆商务信息咨询有限公司,B2-20252371,国内呼叫中心业务,陕西,B2-(全网),https://tsm.miit.gov.cn/dxxzsp/help/noticeDetail.jsp?id=461,2025
工信部,新发证名单,《中华人民共和国增值电信业务经营许可证》发放名单-(2025)第24批,2025-07-07,广州市商域无线科技有限公司,B2-20150308,国内呼叫中心业务,广东,B2-(全网),https://tsm.miit.gov.cn/dxxzsp/help/noticeDetail.jsp?id=461,2025
工信部,新发证名单,《中华人民共和国增值电信业务经营许可证》发放名单-(2025)第24批,2025-07-07,北京数米科技有限公司,B2-20150793,国内呼叫中心业务,北京,B2-(全网),https://tsm.miit.gov.cn/dxxzsp/help/noticeDetail.jsp?id=461,2025
工信部,新发证名单,《中华人民共和国增值电信业务经营许可证》发放名单-(2025)第24批,2025-07-07,苏州斯伯纳网络科技有限公司,B2-20196113,国内呼叫中心业务,江苏,B2-(全网),https://tsm.miit.gov.cn/dxxzsp/help/noticeDetail.jsp?id=461,2025
工信部,新发证名单,《中华人民共和国增值电信业务经营许可证》发放名单-(2025)第24批,2025-07-07,北京讯音科技有限公司,B2-20196233,国内呼叫中心业务,北京,B2-(全网),https://tsm.miit.gov.cn/dxxzsp/help/noticeDetail.jsp?id=461,2025
工信部,新发证名单,《中华人民共和国增值电信业务经营许可证》发放名单-(2025)第24批,2025-07-07,深圳市锦囊互动技术有限公司,B2-20213307,国内呼叫中心业务,广东,B2-(全网),https://tsm.miit.gov.cn/dxxzsp/help/noticeDetail.jsp?id=461,2025
工信部,新发证名单,《中华人民共和国增值电信业务经营许可证》发放名单-(2025)第24批,2025-07-07,安徽非羽网络科技股份有限公司,B2-20214656,国内呼叫中心业务,安徽,B2-(全网),https://tsm.miit.gov.cn/dxxzsp/help/noticeDetail.jsp?id=461,2025
工信部,新发证名单,《中华人民共和国增值电信业务经营许可证》发放名单-(2025)第24批,2025-07-07,北京瀚智睿诚科技有限公司,B1.B2-20222776,国内呼叫中心业务,北京,混合-(全网),https://tsm.miit.gov.cn/dxxzsp/help/noticeDetail.jsp?id=461,2025
工信部,新发证名单,《中华人民共和国增值电信业务经营许可证》发放名单-(2025)第24批,2025-07-07,北京万佳语科技有限公司,B2-20223452,国内呼叫中心业务,北京,B2-(全网),https://tsm.miit.gov.cn/dxxzsp/help/noticeDetail.jsp?id=461,2025
工信部,新发证名单,《中华人民共和国增值电信业务经营许可证》发放名单-(2025)第24批,2025-07-07,北京讯啸科技有限公司,A2.B1.B2-20230190,国内呼叫中心业务,北京,混合-(全网),https://tsm.miit.gov.cn/dxxzsp/help/noticeDetail.jsp?id=461,2025
工信部,新发证名单,《中华人民共和国增值电信业务经营许可证》发放名单-(2025)第24批,2025-07-07,河北探花信息科技有限公司,B2-20240731,国内呼叫中心业务,河北,B2-(全网),https://tsm.miit.gov.cn/dxxzsp/help/noticeDetail.jsp?id=461,2025
工信部,新发证名单,《中华人民共和国增值电信业务经营许可证》发放名单-(2025)第24批,2025-07-07,南京星蝠科技有限公司,B1.B2-20241393,国内呼叫中心业务信息服务业务（不含互联网信息服务）,江苏,混合-(全网),https://tsm.miit.gov.cn/dxxzsp/help/noticeDetail.jsp?id=461,2025
工信部,新发证名单,《中华人民共和国增值电信业务经营许可证》发放名单-(2025)第24批,2025-07-07,安通联讯（北京）通信技术有限公司,B2-20242847,国内呼叫中心业务,北京,B2-(全网),https://tsm.miit.gov.cn/dxxzsp/help/noticeDetail.jsp?id=461,2025
工信部,新发证名单,《中华人民共和国增值电信业务经营许可证》发放名单-(2025)第24批,2025-07-07,福建盛晖通讯有限公司,B2-20250363,国内呼叫中心业务,福建,B2-(全网),https://tsm.miit.gov.cn/dxxzsp/help/noticeDetail.jsp?id=461,2025
工信部,新发证名单,《中华人民共和国增值电信业务经营许可证》发放名单-(2025)第24批,2025-07-07,深圳市潮盛展实业有限公司,B2-20251302,国内呼叫中心业务,广东,B2-(全网),https://tsm.miit.gov.cn/dxxzsp/help/noticeDetail.jsp?id=461,2025
工信部,新发证名单,《中华人民共和国增值电信业务经营许可证》发放名单-(2025)第27批,2025-07-24,山东云客语通信息科技有限公司,B2-20252770,国内呼叫中心业务,山东,B2-(全网),https://tsm.miit.gov.cn/dxxzsp/help/noticeDetail.jsp?id=465,2025
工信部,新发证名单,《中华人民共和国增值电信业务经营许可证》发放名单-(2025)第27批,2025-07-24,武汉昆克科技有限公司,B2-20252771,国内呼叫中心业务,湖北,B2-(全网),https://tsm.miit.gov.cn/dxxzsp/help/noticeDetail.jsp?id=465,2025
工信部,新发证名单,《中华人民共和国增值电信业务经营许可证》发放名单-(2025)第27批,2025-07-24,三艾（江苏）控股集团有限公司,B2-20252772,国内呼叫中心业务,江苏,B2-(全网),https://tsm.miit.gov.cn/dxxzsp/help/noticeDetail.jsp?id=465,2025
工信部,新发证名单,《中华人民共和国增值电信业务经营许可证》发放名单-(2025)第27批,2025-07-24,北京互联星汉传媒科技有限公司,B2-20252773,国内呼叫中心业务,北京,B2-(全网),https://tsm.miit.gov.cn/dxxzsp/help/noticeDetail.jsp?id=465,2025
工信部,新发证名单,《中华人民共和国增值电信业务经营许可证》发放名单-(2025)第27批,2025-07-24,广州制阮科技有限公司,B2-20252774,国内呼叫中心业务,广东,B2-(全网),https://tsm.miit.gov.cn/dxxzsp/help/noticeDetail.jsp?id=465,2025
工信部,新发证名单,《中华人民共和国增值电信业务经营许可证》发放名单-(2025)第27批,2025-07-24,江苏派正科技有限公司,B2-20252775,国内呼叫中心业务,江苏,B2-(全网),https://tsm.miit.gov.cn/dxxzsp/help/noticeDetail.jsp?id=465,2025
工信部,新发证名单,《中华人民共和国增值电信业务经营许可证》发放名单-(2025)第27批,2025-07-24,深圳壹柒干企业服务有限公司,B2-20252776,国内呼叫中心业务,广东,B2-(全网),https://tsm.miit.gov.cn/dxxzsp/help/noticeDetail.jsp?id=465,2025
工信部,新发证名单,《中华人民共和国增值电信业务经营许可证》发放名单-(2025)第27批,2025-07-24,昆明华秀科技有限公司,B2-20252777,国内呼叫中心业务,云南,B2-(全网),https://tsm.miit.gov.cn/dxxzsp/help/noticeDetail.jsp?id=465,2025
工信部,新发证名单,《中华人民共和国增值电信业务经营许可证》发放名单-(2025)第27批,2025-07-24,贵州漫长当下科技有限公司,B2-20252778,国内呼叫中心业务,贵州,B2-(全网),https://tsm.miit.gov.cn/dxxzsp/help/noticeDetail.jsp?id=465,2025
工信部,新发证名单,《中华人民共和国增值电信业务经营许可证》发放名单-(2025)第27批,2025-07-24,湖南萨摩通讯有限公司,B2-20252779,国内呼叫中心业务,湖南,B2-(全网),https://tsm.miit.gov.cn/dxxzsp/help/noticeDetail.jsp?id=465,2025
工信部,新发证名单,《中华人民共和国增值电信业务经营许可证》发放名单-(2025)第27批,2025-07-24,博睿赋能（上海）信息技术服务有限公司,合字B2-20250382,国内呼叫中心业务,上海,B2-(全网),https://tsm.miit.gov.cn/dxxzsp/help/noticeDetail.jsp?id=465,2025
工信部,新发证名单,《中华人民共和国增值电信业务经营许可证》发放名单-(2025)第27批,2025-07-24,上海天畅信息技术有限公司,B2-20140229,国内呼叫中心业务,上海,B2-(全网),https://tsm.miit.gov.cn/dxxzsp/help/noticeDetail.jsp?id=465,2025
工信部,新发证名单,《中华人民共和国增值电信业务经营许可证》发放名单-(2025)第27批,2025-07-24,深圳市欣易辰信息科技有限公司,B2-20140292,国内呼叫中心业务,广东,B2-(全网),https://tsm.miit.gov.cn/dxxzsp/help/noticeDetail.jsp?id=465,2025
工信部,新发证名单,《中华人民共和国增值电信业务经营许可证》发放名单-(2025)第27批,2025-07-24,深圳市芊语科技有限公司,B2-20171362,国内呼叫中心业务,广东,B2-(全网),https://tsm.miit.gov.cn/dxxzsp/help/noticeDetail.jsp?id=465,2025
工信部,新发证名单,《中华人民共和国增值电信业务经营许可证》发放名单-(2025)第27批,2025-07-24,上海蘑谷信息科技有限公司,B2-20211023,国内呼叫中心业务,上海,B2-(全网),https://tsm.miit.gov.cn/dxxzsp/help/noticeDetail.jsp?id=465,2025
工信部,新发证名单,《中华人民共和国增值电信业务经营许可证》发放名单-(2025)第27批,2025-07-24,河南领丽奥网络科技有限公司,B2-20225253,国内呼叫中心业务,河南,B2-(全网),https://tsm.miit.gov.cn/dxxzsp/help/noticeDetail.jsp?id=465,2025
工信部,新发证名单,《中华人民共和国增值电信业务经营许可证》发放名单-(2025)第27批,2025-07-24,合肥宏鎏通信技术有限公司,B2-20241008,国内呼叫中心业务,安徽,B2-(全网),https://tsm.miit.gov.cn/dxxzsp/help/noticeDetail.jsp?id=465,2025
工信部,新发证名单,《中华人民共和国增值电信业务经营许可证》发放名单-(2025)第27批,2025-07-24,上海物际网络技术有限公司,B1.B2-20250855,国内呼叫中心业务,上海,混合-(全网),https://tsm.miit.gov.cn/dxxzsp/help/noticeDetail.jsp?id=465,2025
工信部,新发证名单,《中华人民共和国增值电信业务经营许可证》发放名单-(2025)第27批,2025-07-24,木栈智能科技（上海）有限公司,B2-20251020,国内呼叫中心业务,上海,B2-(全网),https://tsm.miit.gov.cn/dxxzsp/help/noticeDetail.jsp?id=465,2025
工信部,新发证名单,《中华人民共和国增值电信业务经营许可证》发放名单-(2025)第20批,2025-06-06,上海永怡信息科技有限公司,B2-20251927,国内呼叫中心业务,上海,B2-(全网),https://tsm.miit.gov.cn/dxxzsp/help/noticeDetail.jsp?id=452,2025
工信部,新发证名单,《中华人民共和国增值电信业务经营许可证》发放名单-(2025)第20批,2025-06-06,上海尚测行数字技术有限公司,B2-20251928,国内呼叫中心业务,上海,B2-(全网),https://tsm.miit.gov.cn/dxxzsp/help/noticeDetail.jsp?id=452,2025
工信部,新发证名单,《中华人民共和国增值电信业务经营许可证》发放名单-(2025)第20批,2025-06-06,重庆远见信息产业集团股份有限公司,B2-20251929,国内呼叫中心业务,重庆,B2-(全网),https://tsm.miit.gov.cn/dxxzsp/help/noticeDetail.jsp?id=452,2025
工信部,新发证名单,《中华人民共和国增值电信业务经营许可证》发放名单-(2025)第20批,2025-06-06,北京海沄霆科技有限公司,B2-20251930,国内呼叫中心业务,北京,B2-(全网),https://tsm.miit.gov.cn/dxxzsp/help/noticeDetail.jsp?id=452,2025
工信部,新发证名单,《中华人民共和国增值电信业务经营许可证》发放名单-(2025)第20批,2025-06-06,北京曦臣科技有限公司,B2-20251931,国内呼叫中心业务,北京,B2-(全网),https://tsm.miit.gov.cn/dxxzsp/help/noticeDetail.jsp?id=452,2025
工信部,新发证名单,《中华人民共和国增值电信业务经营许可证》发放名单-(2025)第20批,2025-06-06,北京无限字节通信有限公司,B2-20251932,国内呼叫中心业务,北京,B2-(全网),https://tsm.miit.gov.cn/dxxzsp/help/noticeDetail.jsp?id=452,2025
工信部,新发证名单,《中华人民共和国增值电信业务经营许可证》发放名单-(2025)第20批,2025-06-06,江苏省广电有线信息网络股份有限公司,B2-20251933,国内呼叫中心业务,江苏,B2-(全网),https://tsm.miit.gov.cn/dxxzsp/help/noticeDetail.jsp?id=452,2025
工信部,新发证名单,《中华人民共和国增值电信业务经营许可证》发放名单-(2025)第20批,2025-06-06,北京思友汇科技有限公司,B2-20200144,国内呼叫中心业务,北京,B2-(全网),https://tsm.miit.gov.cn/dxxzsp/help/noticeDetail.jsp?id=452,2025
工信部,新发证名单,《中华人民共和国增值电信业务经营许可证》发放名单-(2025)第20批,2025-06-06,璟滔信息科技（昆山）有限公司,B2-20224923,国内呼叫中心业务,未知,B2-(全网),https://tsm.miit.gov.cn/dxxzsp/help/noticeDetail.jsp?id=452,2025
工信部,新发证名单,《中华人民共和国增值电信业务经营许可证》发放名单-(2025)第20批,2025-06-06,上海勋厚人力资源有限公司,合字B2-20230232,国内呼叫中心业务,上海,B2-(全网),https://tsm.miit.gov.cn/dxxzsp/help/noticeDetail.jsp?id=452,2025
工信部,新发证名单,《中华人民共和国增值电信业务经营许可证》发放名单-(2025)第20批,2025-06-06,浙江融冠科技有限公司,B1.B2-20232519,内容分发网络业务国内呼叫中心业务,浙江,混合-(全网),https://tsm.miit.gov.cn/dxxzsp/help/noticeDetail.jsp?id=452,2025
工信部,注销公示,关于拟注销青岛文达通科技股份有限公司等 123家企业跨地区增值电信业务经营许可的公示,2025-07-03,北京嗨学卓奥教育科技有限公司,B2-20173113,国内呼叫中心业务,北京,B2-(全网),https://tsm.miit.gov.cn/dxxzsp/help/noticeDetail.jsp?id=460,2025
工信部,新发证名单,《中华人民共和国增值电信业务经营许可证》发放名单-(2025)第19批,2025-06-03,合肥和君纵达数据信息技术有限公司,B2-20251830,国内呼叫中心业务,安徽,B2-(全网),https://tsm.miit.gov.cn/dxxzsp/help/noticeDetail.jsp?id=451,2025
工信部,新发证名单,《中华人民共和国增值电信业务经营许可证》发放名单-(2025)第19批,2025-06-03,北京中玑信拓科技有限公司,B2-20251831,国内呼叫中心业务,北京,B2-(全网),https://tsm.miit.gov.cn/dxxzsp/help/noticeDetail.jsp?id=451,2025
工信部,新发证名单,《中华人民共和国增值电信业务经营许可证》发放名单-(2025)第19批,2025-06-03,山东华软金科信息技术有限公司,B2-20251832,国内呼叫中心业务,山东,B2-(全网),https://tsm.miit.gov.cn/dxxzsp/help/noticeDetail.jsp?id=451,2025
工信部,新发证名单,《中华人民共和国增值电信业务经营许可证》发放名单-(2025)第19批,2025-06-03,厦门云财聚合科技有限公司,B2-20251833,国内呼叫中心业务,福建,B2-(全网),https://tsm.miit.gov.cn/dxxzsp/help/noticeDetail.jsp?id=451,2025
工信部,新发证名单,《中华人民共和国增值电信业务经营许可证》发放名单-(2025)第19批,2025-06-03,安普诺克科技集团有限公司,B2-20251834,国内呼叫中心业务,未知,B2-(全网),https://tsm.miit.gov.cn/dxxzsp/help/noticeDetail.jsp?id=451,2025
工信部,新发证名单,《中华人民共和国增值电信业务经营许可证》发放名单-(2025)第19批,2025-06-03,安徽新创悦信息科技有限公司,B2-20251835,国内呼叫中心业务,安徽,B2-(全网),https://tsm.miit.gov.cn/dxxzsp/help/noticeDetail.jsp?id=451,2025
工信部,新发证名单,《中华人民共和国增值电信业务经营许可证》发放名单-(2025)第19批,2025-06-03,河南掌众信息科技有限公司,B2-20182246,国内呼叫中心业务,河南,B2-(全网),https://tsm.miit.gov.cn/dxxzsp/help/noticeDetail.jsp?id=451,2025
工信部,新发证名单,《中华人民共和国增值电信业务经营许可证》发放名单-(2025)第19批,2025-06-03,长沙壹合网络科技有限公司,B2-20230705,国内呼叫中心业务,湖南,B2-(全网),https://tsm.miit.gov.cn/dxxzsp/help/noticeDetail.jsp?id=451,2025
工信部,新发证名单,《中华人民共和国增值电信业务经营许可证》发放名单-(2025)第19批,2025-06-03,北京易呼天下信息技术有限公司,B2-20230830,国内呼叫中心业务,北京,B2-(全网),https://tsm.miit.gov.cn/dxxzsp/help/noticeDetail.jsp?id=451,2025
工信部,注销公示,关于拟注销深圳市九曲网科技有限公司等 152家企业跨地区增值电信业务经营许可的公示,2025-06-11,中国广播电视网络集团有限公司,B1.B2-20150408,网络托管业务、国内互联网虚拟专用网业务、互联网数据中心业务、互联网接入服务业务、国内多方通信服务业务、国内呼叫中心业务、信息服务业务（不含互联网信息服务）,未知,混合-(全网),https://tsm.miit.gov.cn/dxxzsp/help/noticeDetail.jsp?id=454,2025
工信部,注销公示,关于拟注销深圳市九曲网科技有限公司等 152家企业跨地区增值电信业务经营许可的公示,2025-06-11,北京赛奥图科技发展有限公司,B2-20100142,国内呼叫中心业务、信息服务业务（不含互联网信息服务）,北京,B2-(全网),https://tsm.miit.gov.cn/dxxzsp/help/noticeDetail.jsp?id=454,2025
工信部,新发证名单,《中华人民共和国增值电信业务经营许可证》发放名单-(2025)第16批,2025-05-12,广东时代阳光数据营销有限公司,B2-20251528,国内呼叫中心业务,广东,B2-(全网),https://tsm.miit.gov.cn/dxxzsp/help/noticeDetail.jsp?id=445,2025
工信部,新发证名单,《中华人民共和国增值电信业务经营许可证》发放名单-(2025)第16批,2025-05-12,上海淀洋信息科技有限公司,B1.B2-20220854,国内呼叫中心业务,上海,混合-(全网),https://tsm.miit.gov.cn/dxxzsp/help/noticeDetail.jsp?id=445,2025
工信部,新发证名单,《中华人民共和国增值电信业务经营许可证》发放名单-(2025)第16批,2025-05-12,合肥松品网络科技有限公司,B2-20231513,国内呼叫中心业务,安徽,B2-(全网),https://tsm.miit.gov.cn/dxxzsp/help/noticeDetail.jsp?id=445,2025
工信部,新发证名单,《中华人民共和国增值电信业务经营许可证》发放名单-(2025)第16批,2025-05-12,石家庄玟桦网络科技有限公司,B2-20235075,国内呼叫中心业务,未知,B2-(全网),https://tsm.miit.gov.cn/dxxzsp/help/noticeDetail.jsp?id=445,2025
工信部,新发证名单,《中华人民共和国增值电信业务经营许可证》发放名单-(2025)第17批,2025-05-19,北京百思特捷迅科技有限公司,B2-20251654,国内呼叫中心业务,北京,B2-(全网),https://tsm.miit.gov.cn/dxxzsp/help/noticeDetail.jsp?id=447,2025
工信部,新发证名单,《中华人民共和国增值电信业务经营许可证》发放名单-(2025)第17批,2025-05-19,北京嘉佰顺科技有限公司,B2-20251655,国内呼叫中心业务,北京,B2-(全网),https://tsm.miit.gov.cn/dxxzsp/help/noticeDetail.jsp?id=447,2025
工信部,新发证名单,《中华人民共和国增值电信业务经营许可证》发放名单-(2025)第17批,2025-05-19,徐州华创信息科技有限公司,B2-20251656,国内呼叫中心业务,未知,B2-(全网),https://tsm.miit.gov.cn/dxxzsp/help/noticeDetail.jsp?id=447,2025
工信部,新发证名单,《中华人民共和国增值电信业务经营许可证》发放名单-(2025)第17批,2025-05-19,江苏霖汀科技有限公司,B2-20251954,国内呼叫中心业务,江苏,B2-(全网),https://tsm.miit.gov.cn/dxxzsp/help/noticeDetail.jsp?id=447,2025
工信部,新发证名单,《中华人民共和国增值电信业务经营许可证》发放名单-(2025)第17批,2025-05-19,印孚瑟斯技术（中国）有限公司,合字B2-20250237,国内呼叫中心业务,未知,B2-(全网),https://tsm.miit.gov.cn/dxxzsp/help/noticeDetail.jsp?id=447,2025
工信部,新发证名单,《中华人民共和国增值电信业务经营许可证》发放名单-(2025)第17批,2025-05-19,江苏湘和永晟科技有限公司,B2-20250375,国内呼叫中心业务,江苏,B2-(全网),https://tsm.miit.gov.cn/dxxzsp/help/noticeDetail.jsp?id=447,2025
工信部,新发证名单,《中华人民共和国增值电信业务经营许可证》发放名单-(2025)第21批,2025-06-16,重庆国利网络信息技术有限公司,B2-20252040,国内呼叫中心业务信息服务业务（不含互联网信息服务）,重庆,B2-(全网),https://tsm.miit.gov.cn/dxxzsp/help/noticeDetail.jsp?id=455,2025
工信部,新发证名单,《中华人民共和国增值电信业务经营许可证》发放名单-(2025)第21批,2025-06-16,武汉天帮云信息技术有限公司,B2-20252041,国内呼叫中心业务,湖北,B2-(全网),https://tsm.miit.gov.cn/dxxzsp/help/noticeDetail.jsp?id=455,2025
工信部,新发证名单,《中华人民共和国增值电信业务经营许可证》发放名单-(2025)第21批,2025-06-16,浙江中泓通信股份有限公司,B2-20252042,国内呼叫中心业务,浙江,B2-(全网),https://tsm.miit.gov.cn/dxxzsp/help/noticeDetail.jsp?id=455,2025
工信部,新发证名单,《中华人民共和国增值电信业务经营许可证》发放名单-(2025)第21批,2025-06-16,君科管理咨询（深圳）有限公司,B2-20252043,国内呼叫中心业务,广东,B2-(全网),https://tsm.miit.gov.cn/dxxzsp/help/noticeDetail.jsp?id=455,2025
工信部,新发证名单,《中华人民共和国增值电信业务经营许可证》发放名单-(2025)第21批,2025-06-16,深圳市艾乐信科技有限公司,B2-20196288,国内呼叫中心业务,广东,B2-(全网),https://tsm.miit.gov.cn/dxxzsp/help/noticeDetail.jsp?id=455,2025
工信部,新发证名单,《中华人民共和国增值电信业务经营许可证》发放名单-(2025)第21批,2025-06-16,北京中关村科金技术有限公司,合字B2-20220006,国内呼叫中心业务,北京,B2-(全网),https://tsm.miit.gov.cn/dxxzsp/help/noticeDetail.jsp?id=455,2025
工信部,新发证名单,《中华人民共和国增值电信业务经营许可证》发放名单-(2025)第21批,2025-06-16,承德盛讯同亨网络科技有限公司,B2-20225060,国内呼叫中心业务,未知,B2-(全网),https://tsm.miit.gov.cn/dxxzsp/help/noticeDetail.jsp?id=455,2025
工信部,新发证名单,《中华人民共和国增值电信业务经营许可证》发放名单-(2025)第21批,2025-06-16,深圳市简易通讯有限公司,B2-20235108,国内呼叫中心业务,广东,B2-(全网),https://tsm.miit.gov.cn/dxxzsp/help/noticeDetail.jsp?id=455,2025
工信部,新发证名单,《中华人民共和国增值电信业务经营许可证》发放名单-(2025)第22批,2025-06-19,南京康裕数字科技有限公司,B2-20252171,国内呼叫中心业务信息服务业务（不含互联网信息服务）,江苏,B2-(全网),https://tsm.miit.gov.cn/dxxzsp/help/noticeDetail.jsp?id=456,2025
工信部,新发证名单,《中华人民共和国增值电信业务经营许可证》发放名单-(2025)第22批,2025-06-19,北京诚胜科技有限公司,B2-20252172,国内呼叫中心业务,北京,B2-(全网),https://tsm.miit.gov.cn/dxxzsp/help/noticeDetail.jsp?id=456,2025
工信部,新发证名单,《中华人民共和国增值电信业务经营许可证》发放名单-(2025)第22批,2025-06-19,广西广木资产管理有限公司,B2-20252173,国内呼叫中心业务,广西,B2-(全网),https://tsm.miit.gov.cn/dxxzsp/help/noticeDetail.jsp?id=456,2025
工信部,新发证名单,《中华人民共和国增值电信业务经营许可证》发放名单-(2025)第22批,2025-06-19,钜芯互联技术（深圳）有限公司,B2-20252174,国内呼叫中心业务,广东,B2-(全网),https://tsm.miit.gov.cn/dxxzsp/help/noticeDetail.jsp?id=456,2025
工信部,新发证名单,《中华人民共和国增值电信业务经营许可证》发放名单-(2025)第22批,2025-06-19,深圳市理客科技有限公司,B2-20252175,国内呼叫中心业务,广东,B2-(全网),https://tsm.miit.gov.cn/dxxzsp/help/noticeDetail.jsp?id=456,2025
工信部,新发证名单,《中华人民共和国增值电信业务经营许可证》发放名单-(2025)第22批,2025-06-19,南京江梅引科技有限公司,B2-20252176,国内呼叫中心业务,江苏,B2-(全网),https://tsm.miit.gov.cn/dxxzsp/help/noticeDetail.jsp?id=456,2025
工信部,新发证名单,《中华人民共和国增值电信业务经营许可证》发放名单-(2025)第22批,2025-06-19,小萌蛙（北京）科技有限公司,B2-20252177,国内呼叫中心业务,北京,B2-(全网),https://tsm.miit.gov.cn/dxxzsp/help/noticeDetail.jsp?id=456,2025
工信部,新发证名单,《中华人民共和国增值电信业务经营许可证》发放名单-(2025)第22批,2025-06-19,河南创峰通讯科技有限公司,B2-20252178,国内呼叫中心业务,河南,B2-(全网),https://tsm.miit.gov.cn/dxxzsp/help/noticeDetail.jsp?id=456,2025
工信部,新发证名单,《中华人民共和国增值电信业务经营许可证》发放名单-(2025)第22批,2025-06-19,上海福寿园实业集团有限公司,合字B2-20250306,国内呼叫中心业务,上海,B2-(全网),https://tsm.miit.gov.cn/dxxzsp/help/noticeDetail.jsp?id=456,2025
工信部,新发证名单,《中华人民共和国增值电信业务经营许可证》发放名单-(2025)第22批,2025-06-19,广东纳云科技有限公司,B2-20230470,国内呼叫中心业务,广东,B2-(全网),https://tsm.miit.gov.cn/dxxzsp/help/noticeDetail.jsp?id=456,2025
工信部,新发证名单,《中华人民共和国增值电信业务经营许可证》发放名单-(2025)第22批,2025-06-19,江苏宇玺通讯科技有限公司,B2-20241910,国内呼叫中心业务,江苏,B2-(全网),https://tsm.miit.gov.cn/dxxzsp/help/noticeDetail.jsp?id=456,2025
工信部,新发证名单,《中华人民共和国增值电信业务经营许可证》发放名单-(2025)第22批,2025-06-19,国投融合科技股份有限公司,B2-20242044,国内呼叫中心业务,未知,B2-(全网),https://tsm.miit.gov.cn/dxxzsp/help/noticeDetail.jsp?id=456,2025
工信部,注销公示,关于拟注销深圳市码思通信息科技有限公司等 174家企业跨地区增值电信业务经营许可的公示,2025-05-19,深圳市码思通信息科技有限公司,B2-20050342,国内呼叫中心业务,广东,B2-(全网),https://tsm.miit.gov.cn/dxxzsp/help/noticeDetail.jsp?id=448,2025
工信部,新发证名单,《中华人民共和国增值电信业务经营许可证》发放名单-(2025)第15批,2025-05-06,沈阳酷联科技有限公司,B2-20251460,国内呼叫中心业务,辽宁,B2-(全网),https://tsm.miit.gov.cn/dxxzsp/help/noticeDetail.jsp?id=444,2025
工信部,新发证名单,《中华人民共和国增值电信业务经营许可证》发放名单-(2025)第15批,2025-05-06,北京烽正科技有限公司,B2-20251461,国内呼叫中心业务,北京,B2-(全网),https://tsm.miit.gov.cn/dxxzsp/help/noticeDetail.jsp?id=444,2025
工信部,新发证名单,《中华人民共和国增值电信业务经营许可证》发放名单-(2025)第15批,2025-05-06,北京琪雨科技有限公司,B2-20251462,国内呼叫中心业务,北京,B2-(全网),https://tsm.miit.gov.cn/dxxzsp/help/noticeDetail.jsp?id=444,2025
工信部,新发证名单,《中华人民共和国增值电信业务经营许可证》发放名单-(2025)第15批,2025-05-06,北京星网数通科技有限公司,B2-20251463,国内呼叫中心业务,北京,B2-(全网),https://tsm.miit.gov.cn/dxxzsp/help/noticeDetail.jsp?id=444,2025
工信部,新发证名单,《中华人民共和国增值电信业务经营许可证》发放名单-(2025)第15批,2025-05-06,北京君云科技有限公司,B2-20251464,国内呼叫中心业务,北京,B2-(全网),https://tsm.miit.gov.cn/dxxzsp/help/noticeDetail.jsp?id=444,2025
工信部,新发证名单,《中华人民共和国增值电信业务经营许可证》发放名单-(2025)第15批,2025-05-06,北京和悦致远通讯科技有限公司,B2-20150543,国内呼叫中心业务,北京,B2-(全网),https://tsm.miit.gov.cn/dxxzsp/help/noticeDetail.jsp?id=444,2025
工信部,新发证名单,《中华人民共和国增值电信业务经营许可证》发放名单-(2025)第15批,2025-05-06,北京辰希科技有限公司,B2-20171609,国内呼叫中心业务国内多方通信服务业务,北京,B2-(全网),https://tsm.miit.gov.cn/dxxzsp/help/noticeDetail.jsp?id=444,2025
工信部,新发证名单,《中华人民共和国增值电信业务经营许可证》发放名单-(2025)第14批,2025-04-25,京科联通（北京）网络技术有限公司,B2-20251395,国内呼叫中心业务,北京,B2-(全网),https://tsm.miit.gov.cn/dxxzsp/help/noticeDetail.jsp?id=442,2025
工信部,新发证名单,《中华人民共和国增值电信业务经营许可证》发放名单-(2025)第14批,2025-04-25,北京星云节点科技有限公司,B2-20251396,国内呼叫中心业务,北京,B2-(全网),https://tsm.miit.gov.cn/dxxzsp/help/noticeDetail.jsp?id=442,2025
工信部,新发证名单,《中华人民共和国增值电信业务经营许可证》发放名单-(2025)第14批,2025-04-25,致融企业管理服务（上海）股份有限公司,B2-20251397,国内呼叫中心业务,上海,B2-(全网),https://tsm.miit.gov.cn/dxxzsp/help/noticeDetail.jsp?id=442,2025
工信部,新发证名单,《中华人民共和国增值电信业务经营许可证》发放名单-(2025)第14批,2025-04-25,苏州协同创新智能制造科技有限公司,B2-20251398,国内呼叫中心业务,江苏,B2-(全网),https://tsm.miit.gov.cn/dxxzsp/help/noticeDetail.jsp?id=442,2025
工信部,新发证名单,《中华人民共和国增值电信业务经营许可证》发放名单-(2025)第14批,2025-04-25,赛科斯信息技术（上海）有限公司,合字B2-20250200,国内呼叫中心业务,上海,B2-(全网),https://tsm.miit.gov.cn/dxxzsp/help/noticeDetail.jsp?id=442,2025
工信部,新发证名单,《中华人民共和国增值电信业务经营许可证》发放名单-(2025)第14批,2025-04-25,上海幺零六网络科技有限公司,B2-20193645,国内呼叫中心业务,上海,B2-(全网),https://tsm.miit.gov.cn/dxxzsp/help/noticeDetail.jsp?id=442,2025
工信部,新发证名单,《中华人民共和国增值电信业务经营许可证》发放名单-(2025)第14批,2025-04-25,苏州琰峰通信科技有限公司,B2-20220139,国内呼叫中心业务,江苏,B2-(全网),https://tsm.miit.gov.cn/dxxzsp/help/noticeDetail.jsp?id=442,2025
工信部,新发证名单,《中华人民共和国增值电信业务经营许可证》发放名单-(2025)第14批,2025-04-25,上海灵泽信息技术有限公司,B2-20241383,国内呼叫中心业务,上海,B2-(全网),https://tsm.miit.gov.cn/dxxzsp/help/noticeDetail.jsp?id=442,2025
工信部,注销公示,关于拟注销河南优速通讯工程有限公司等 110家企业跨地区增值电信业务经营许可的公示,2025-04-29,贵州泛亚信通网络科技有限公司,B1.B2-20150259,互联网数据中心业务、互联网接入服务业务、国内呼叫中心业务,贵州,混合-(全网),https://tsm.miit.gov.cn/dxxzsp/help/noticeDetail.jsp?id=443,2025
工信部,注销公示,关于拟注销河南优速通讯工程有限公司等 110家企业跨地区增值电信业务经营许可的公示,2025-04-29,武汉迪鳌科技有限公司,B1.B2-20150265,互联网数据中心业务、内容分发网络业务、互联网接入服务业务、国内多方通信服务业务、国内呼叫中心业务、信息服务业务（不含互联网信息服务）,湖北,混合-(全网),https://tsm.miit.gov.cn/dxxzsp/help/noticeDetail.jsp?id=443,2025
工信部,注销公示,关于拟注销河南优速通讯工程有限公司等 110家企业跨地区增值电信业务经营许可的公示,2025-04-29,陕西广电网络传媒（集团）股份有限公司,B2-20150280,国内呼叫中心业务、信息服务业务（不含互联网信息服务）,陕西,B2-(全网),https://tsm.miit.gov.cn/dxxzsp/help/noticeDetail.jsp?id=443,2025
工信部,新发证名单,《中华人民共和国增值电信业务经营许可证》发放名单-(2025)第13批,2025-04-17,贵阳朗玛通信科技有限公司,B2-20251305,国内呼叫中心业务,贵州,B2-(全网),https://tsm.miit.gov.cn/dxxzsp/help/noticeDetail.jsp?id=440,2025
工信部,新发证名单,《中华人民共和国增值电信业务经营许可证》发放名单-(2025)第13批,2025-04-17,西安钱浩网络科技有限公司,B2-20251306,国内呼叫中心业务,陕西,B2-(全网),https://tsm.miit.gov.cn/dxxzsp/help/noticeDetail.jsp?id=440,2025
工信部,新发证名单,《中华人民共和国增值电信业务经营许可证》发放名单-(2025)第13批,2025-04-17,广州葆蔚科技有限公司,B2-20251307,国内呼叫中心业务,广东,B2-(全网),https://tsm.miit.gov.cn/dxxzsp/help/noticeDetail.jsp?id=440,2025
工信部,新发证名单,《中华人民共和国增值电信业务经营许可证》发放名单-(2025)第13批,2025-04-17,山东雷利网络科技有限公司,B2-20251308,国内呼叫中心业务,山东,B2-(全网),https://tsm.miit.gov.cn/dxxzsp/help/noticeDetail.jsp?id=440,2025
工信部,新发证名单,《中华人民共和国增值电信业务经营许可证》发放名单-(2025)第13批,2025-04-17,广州如约数据科技有限公司,B2-20251309,国内呼叫中心业务,广东,B2-(全网),https://tsm.miit.gov.cn/dxxzsp/help/noticeDetail.jsp?id=440,2025
工信部,新发证名单,《中华人民共和国增值电信业务经营许可证》发放名单-(2025)第13批,2025-04-17,上海华泛信息服务有限公司,合字B2-20250187,国内呼叫中心业务,上海,B2-(全网),https://tsm.miit.gov.cn/dxxzsp/help/noticeDetail.jsp?id=440,2025
工信部,新发证名单,《中华人民共和国增值电信业务经营许可证》发放名单-(2025)第13批,2025-04-17,上海昂网通信有限公司,B2-20193854,国内呼叫中心业务,上海,B2-(全网),https://tsm.miit.gov.cn/dxxzsp/help/noticeDetail.jsp?id=440,2025
工信部,新发证名单,《中华人民共和国增值电信业务经营许可证》发放名单-(2025)第13批,2025-04-17,深圳市飞迅数科通讯有限公司,B2-20196291,国内呼叫中心业务,广东,B2-(全网),https://tsm.miit.gov.cn/dxxzsp/help/noticeDetail.jsp?id=440,2025
工信部,新发证名单,《中华人民共和国增值电信业务经营许可证》发放名单-(2025)第13批,2025-04-17,山东思极科技有限公司,B1.B2-20211016,国内呼叫中心业务,山东,混合-(全网),https://tsm.miit.gov.cn/dxxzsp/help/noticeDetail.jsp?id=440,2025
工信部,新发证名单,《中华人民共和国增值电信业务经营许可证》发放名单-(2025)第13批,2025-04-17,广东准诚数据科技有限公司,B2-20224362,国内呼叫中心业务,广东,B2-(全网),https://tsm.miit.gov.cn/dxxzsp/help/noticeDetail.jsp?id=440,2025
工信部,新发证名单,《中华人民共和国增值电信业务经营许可证》发放名单-(2025)第13批,2025-04-17,宁夏鑫杰管理咨询服务有限公司,B2-20225688,国内呼叫中心业务,宁夏,B2-(全网),https://tsm.miit.gov.cn/dxxzsp/help/noticeDetail.jsp?id=440,2025
工信部,新发证名单,《中华人民共和国增值电信业务经营许可证》发放名单-(2025)第13批,2025-04-17,重庆霖雯信息科技有限公司,B1.B2-20233854,国内呼叫中心业务,重庆,混合-(全网),https://tsm.miit.gov.cn/dxxzsp/help/noticeDetail.jsp?id=440,2025
工信部,新发证名单,《中华人民共和国增值电信业务经营许可证》发放名单-(2025)第13批,2025-04-17,浙江公链信息科技有限公司,合字B2-20240429,国内呼叫中心业务,浙江,B2-(全网),https://tsm.miit.gov.cn/dxxzsp/help/noticeDetail.jsp?id=440,2025
工信部,注销公示,关于拟注销成都添闰通讯技术有限公司等 116家企业跨地区增值电信业务经营许可的公示,2025-04-17,成都添闰通讯技术有限公司,B2-20150723,国内多方通信服务业务、国内呼叫中心业务,四川,B2-(全网),https://tsm.miit.gov.cn/dxxzsp/help/noticeDetail.jsp?id=441,2025
工信部,注销公示,关于拟注销成都添闰通讯技术有限公司等 116家企业跨地区增值电信业务经营许可的公示,2025-04-17,深圳市云之讯网络技术有限公司,B2-20150239,国内呼叫中心业务、信息服务业务（不含互联网信息服务）,广东,B2-(全网),https://tsm.miit.gov.cn/dxxzsp/help/noticeDetail.jsp?id=441,2025
工信部,新发证名单,《中华人民共和国增值电信业务经营许可证》发放名单-(2025)第11批,2025-04-07,深圳兴拓信息科技有限公司,B2-20251031,国内呼叫中心业务,广东,B2-(全网),https://tsm.miit.gov.cn/dxxzsp/help/noticeDetail.jsp?id=437,2025
工信部,新发证名单,《中华人民共和国增值电信业务经营许可证》发放名单-(2025)第11批,2025-04-07,广东乐淇科技有限公司,B2-20251032,国内呼叫中心业务,广东,B2-(全网),https://tsm.miit.gov.cn/dxxzsp/help/noticeDetail.jsp?id=437,2025
工信部,新发证名单,《中华人民共和国增值电信业务经营许可证》发放名单-(2025)第11批,2025-04-07,醒字技术有限公司,B2-20251033,国内呼叫中心业务信息服务业务（不含互联网信息服务）,未知,B2-(全网),https://tsm.miit.gov.cn/dxxzsp/help/noticeDetail.jsp?id=437,2025
工信部,新发证名单,《中华人民共和国增值电信业务经营许可证》发放名单-(2025)第11批,2025-04-07,北京金恒嘉业科技有限公司,B2-20184209,国内呼叫中心业务,北京,B2-(全网),https://tsm.miit.gov.cn/dxxzsp/help/noticeDetail.jsp?id=437,2025
工信部,新发证名单,《中华人民共和国增值电信业务经营许可证》发放名单-(2025)第11批,2025-04-07,深圳市云之音科技有限公司,B2-20203162,国内呼叫中心业务,广东,B2-(全网),https://tsm.miit.gov.cn/dxxzsp/help/noticeDetail.jsp?id=437,2025
工信部,新发证名单,《中华人民共和国增值电信业务经营许可证》发放名单-(2025)第11批,2025-04-07,安徽多方云计算有限公司,B1.B2-20222167,国内呼叫中心业务,安徽,混合-(全网),https://tsm.miit.gov.cn/dxxzsp/help/noticeDetail.jsp?id=437,2025
工信部,新发证名单,《中华人民共和国增值电信业务经营许可证》发放名单-(2025)第18批,2025-05-26,晟亚软件（深圳）有限公司,B2-20251770,国内呼叫中心业务,广东,B2-(全网),https://tsm.miit.gov.cn/dxxzsp/help/noticeDetail.jsp?id=449,2025
工信部,新发证名单,《中华人民共和国增值电信业务经营许可证》发放名单-(2025)第18批,2025-05-26,广州沁昧科技有限公司,B2-20251771,国内呼叫中心业务,广东,B2-(全网),https://tsm.miit.gov.cn/dxxzsp/help/noticeDetail.jsp?id=449,2025
工信部,新发证名单,《中华人民共和国增值电信业务经营许可证》发放名单-(2025)第18批,2025-05-26,广州挚誉科技有限公司,B2-20251772,国内呼叫中心业务,广东,B2-(全网),https://tsm.miit.gov.cn/dxxzsp/help/noticeDetail.jsp?id=449,2025
工信部,新发证名单,《中华人民共和国增值电信业务经营许可证》发放名单-(2025)第18批,2025-05-26,东莞市顺丰信息科技服务有限公司,B2-20251773,国内呼叫中心业务,广东,B2-(全网),https://tsm.miit.gov.cn/dxxzsp/help/noticeDetail.jsp?id=449,2025
工信部,新发证名单,《中华人民共和国增值电信业务经营许可证》发放名单-(2025)第18批,2025-05-26,广东彩丰物流有限公司,B2-20251774,国内呼叫中心业务,广东,B2-(全网),https://tsm.miit.gov.cn/dxxzsp/help/noticeDetail.jsp?id=449,2025
工信部,新发证名单,《中华人民共和国增值电信业务经营许可证》发放名单-(2025)第18批,2025-05-26,天津力兴科技有限公司,B2-20251775,国内呼叫中心业务,天津,B2-(全网),https://tsm.miit.gov.cn/dxxzsp/help/noticeDetail.jsp?id=449,2025
工信部,新发证名单,《中华人民共和国增值电信业务经营许可证》发放名单-(2025)第18批,2025-05-26,湖北炽盛商务咨询有限公司,B2-20251776,国内呼叫中心业务,湖北,B2-(全网),https://tsm.miit.gov.cn/dxxzsp/help/noticeDetail.jsp?id=449,2025
工信部,新发证名单,《中华人民共和国增值电信业务经营许可证》发放名单-(2025)第18批,2025-05-26,江西港华天然气有限公司,合字B2-20250250,国内呼叫中心业务,江西,B2-(全网),https://tsm.miit.gov.cn/dxxzsp/help/noticeDetail.jsp?id=449,2025
工信部,新发证名单,《中华人民共和国增值电信业务经营许可证》发放名单-(2025)第18批,2025-05-26,北京光维管理咨询有限公司,B2-20222279,国内呼叫中心业务,北京,B2-(全网),https://tsm.miit.gov.cn/dxxzsp/help/noticeDetail.jsp?id=449,2025
工信部,新发证名单,《中华人民共和国增值电信业务经营许可证》发放名单-(2025)第18批,2025-05-26,四川仕硕科技有限公司,B1.B2-20250745,国内呼叫中心业务,四川,混合-(全网),https://tsm.miit.gov.cn/dxxzsp/help/noticeDetail.jsp?id=449,2025
工信部,新发证名单,《中华人民共和国增值电信业务经营许可证》发放名单-(2025)第12批,2025-04-14,中瞳数融（海南）产业园发展有限公司,B2-20251201,国内呼叫中心业务,海南,B2-(全网),https://tsm.miit.gov.cn/dxxzsp/help/noticeDetail.jsp?id=439,2025
工信部,新发证名单,《中华人民共和国增值电信业务经营许可证》发放名单-(2025)第12批,2025-04-14,杭州哲和科技有限公司,B2-20251202,国内呼叫中心业务,浙江,B2-(全网),https://tsm.miit.gov.cn/dxxzsp/help/noticeDetail.jsp?id=439,2025
工信部,新发证名单,《中华人民共和国增值电信业务经营许可证》发放名单-(2025)第12批,2025-04-14,太原市炬晟元科技有限公司,B2-20251203,国内呼叫中心业务,未知,B2-(全网),https://tsm.miit.gov.cn/dxxzsp/help/noticeDetail.jsp?id=439,2025
工信部,新发证名单,《中华人民共和国增值电信业务经营许可证》发放名单-(2025)第12批,2025-04-14,成都豆秒数字科技集团有限公司,B2-20251204,国内呼叫中心业务,四川,B2-(全网),https://tsm.miit.gov.cn/dxxzsp/help/noticeDetail.jsp?id=439,2025
工信部,新发证名单,《中华人民共和国增值电信业务经营许可证》发放名单-(2025)第12批,2025-04-14,浙江阿甘数智信息科技有限公司,B2-20251205,国内呼叫中心业务,浙江,B2-(全网),https://tsm.miit.gov.cn/dxxzsp/help/noticeDetail.jsp?id=439,2025
工信部,新发证名单,《中华人民共和国增值电信业务经营许可证》发放名单-(2025)第12批,2025-04-14,河南轨迹信息技术有限公司,B2-20251206,国内呼叫中心业务信息服务业务（不含互联网信息服务）,河南,B2-(全网),https://tsm.miit.gov.cn/dxxzsp/help/noticeDetail.jsp?id=439,2025
工信部,新发证名单,《中华人民共和国增值电信业务经营许可证》发放名单-(2025)第12批,2025-04-14,招商信诺健康管理有限责任公司,合字B2-20250156,国内呼叫中心业务,未知,B2-(全网),https://tsm.miit.gov.cn/dxxzsp/help/noticeDetail.jsp?id=439,2025
工信部,新发证名单,《中华人民共和国增值电信业务经营许可证》发放名单-(2025)第12批,2025-04-14,武汉菲比特科技有限公司,B1.B2-20190543,国内呼叫中心业务,湖北,混合-(全网),https://tsm.miit.gov.cn/dxxzsp/help/noticeDetail.jsp?id=439,2025
工信部,新发证名单,《中华人民共和国增值电信业务经营许可证》发放名单-(2025)第12批,2025-04-14,四川声通智识科技有限公司,合字B1.B2-20240487,国内呼叫中心业务,四川,混合-(全网),https://tsm.miit.gov.cn/dxxzsp/help/noticeDetail.jsp?id=439,2025
工信部,新发证名单,《中华人民共和国增值电信业务经营许可证》发放名单-(2025)第10批,2025-03-31,大有作为（天津）科技有限公司,B2-20250951,国内呼叫中心业务,天津,B2-(全网),https://tsm.miit.gov.cn/dxxzsp/help/noticeDetail.jsp?id=436,2025
工信部,新发证名单,《中华人民共和国增值电信业务经营许可证》发放名单-(2025)第10批,2025-03-31,四川卓一金融服务外包有限公司,B2-20250952,国内呼叫中心业务,四川,B2-(全网),https://tsm.miit.gov.cn/dxxzsp/help/noticeDetail.jsp?id=436,2025
工信部,新发证名单,《中华人民共和国增值电信业务经营许可证》发放名单-(2025)第10批,2025-03-31,成都五域网安科技有限公司,B2-20250953,国内呼叫中心业务,四川,B2-(全网),https://tsm.miit.gov.cn/dxxzsp/help/noticeDetail.jsp?id=436,2025
工信部,新发证名单,《中华人民共和国增值电信业务经营许可证》发放名单-(2025)第10批,2025-03-31,浙江睿纬科技有限公司,B2-20250954,国内呼叫中心业务,浙江,B2-(全网),https://tsm.miit.gov.cn/dxxzsp/help/noticeDetail.jsp?id=436,2025
工信部,新发证名单,《中华人民共和国增值电信业务经营许可证》发放名单-(2025)第10批,2025-03-31,衢州龙辉企业管理有限公司,B2-20250955,国内呼叫中心业务,未知,B2-(全网),https://tsm.miit.gov.cn/dxxzsp/help/noticeDetail.jsp?id=436,2025
工信部,新发证名单,《中华人民共和国增值电信业务经营许可证》发放名单-(2025)第10批,2025-03-31,杭州正春信息科技有限公司,B2-20250956,国内呼叫中心业务,浙江,B2-(全网),https://tsm.miit.gov.cn/dxxzsp/help/noticeDetail.jsp?id=436,2025
工信部,新发证名单,《中华人民共和国增值电信业务经营许可证》发放名单-(2025)第10批,2025-03-31,中城工联信息产业有限公司,B2-20250957,国内呼叫中心业务,未知,B2-(全网),https://tsm.miit.gov.cn/dxxzsp/help/noticeDetail.jsp?id=436,2025
工信部,新发证名单,《中华人民共和国增值电信业务经营许可证》发放名单-(2025)第10批,2025-03-31,广州势洪科技有限公司,B2-20250958,国内呼叫中心业务,广东,B2-(全网),https://tsm.miit.gov.cn/dxxzsp/help/noticeDetail.jsp?id=436,2025
工信部,新发证名单,《中华人民共和国增值电信业务经营许可证》发放名单-(2025)第10批,2025-03-31,南通沐顺网络科技有限公司,B2-20250959,国内呼叫中心业务,江苏,B2-(全网),https://tsm.miit.gov.cn/dxxzsp/help/noticeDetail.jsp?id=436,2025
工信部,新发证名单,《中华人民共和国增值电信业务经营许可证》发放名单-(2025)第10批,2025-03-31,河北霖琅信息科技有限公司,B2-20250960,国内呼叫中心业务,河北,B2-(全网),https://tsm.miit.gov.cn/dxxzsp/help/noticeDetail.jsp?id=436,2025
工信部,新发证名单,《中华人民共和国增值电信业务经营许可证》发放名单-(2025)第10批,2025-03-31,无锡思响数智科技有限公司,B2-20250961,国内呼叫中心业务,江苏,B2-(全网),https://tsm.miit.gov.cn/dxxzsp/help/noticeDetail.jsp?id=436,2025
工信部,新发证名单,《中华人民共和国增值电信业务经营许可证》发放名单-(2025)第10批,2025-03-31,启明信息技术股份有限公司,B1.B2-20130321,国内呼叫中心业务,未知,混合-(全网),https://tsm.miit.gov.cn/dxxzsp/help/noticeDetail.jsp?id=436,2025
工信部,新发证名单,《中华人民共和国增值电信业务经营许可证》发放名单-(2025)第10批,2025-03-31,北京中科雁科技有限公司,A2.B1.B2-20214578,国内呼叫中心业务,北京,混合-(全网),https://tsm.miit.gov.cn/dxxzsp/help/noticeDetail.jsp?id=436,2025
工信部,新发证名单,《中华人民共和国增值电信业务经营许可证》发放名单-(2025)第10批,2025-03-31,国广清科（北京）科技有限公司,B2-20224526,国内呼叫中心业务,北京,B2-(全网),https://tsm.miit.gov.cn/dxxzsp/help/noticeDetail.jsp?id=436,2025
工信部,新发证名单,《中华人民共和国增值电信业务经营许可证》发放名单-(2025)第9批,2025-03-20,北京联信云科技有限公司,B2-20250843,国内呼叫中心业务信息服务业务（不含互联网信息服务）,北京,B2-(全网),https://tsm.miit.gov.cn/dxxzsp/help/noticeDetail.jsp?id=434,2025
工信部,新发证名单,《中华人民共和国增值电信业务经营许可证》发放名单-(2025)第6批,2025-02-28,广州星禾信息科技有限公司,B2-20250653,国内呼叫中心业务,广东,B2-(全网),https://tsm.miit.gov.cn/dxxzsp/help/noticeDetail.jsp?id=429,2025
工信部,新发证名单,《中华人民共和国增值电信业务经营许可证》发放名单-(2025)第6批,2025-02-28,贝满科技（南京）有限公司,B2-20250654,国内呼叫中心业务,江苏,B2-(全网),https://tsm.miit.gov.cn/dxxzsp/help/noticeDetail.jsp?id=429,2025
工信部,新发证名单,《中华人民共和国增值电信业务经营许可证》发放名单-(2025)第6批,2025-02-28,上海云从企业发展有限公司,B2-20250655,国内呼叫中心业务,上海,B2-(全网),https://tsm.miit.gov.cn/dxxzsp/help/noticeDetail.jsp?id=429,2025
工信部,新发证名单,《中华人民共和国增值电信业务经营许可证》发放名单-(2025)第6批,2025-02-28,上海蓝遇信息科技有限公司,B2-20250656,国内呼叫中心业务,上海,B2-(全网),https://tsm.miit.gov.cn/dxxzsp/help/noticeDetail.jsp?id=429,2025
工信部,新发证名单,《中华人民共和国增值电信业务经营许可证》发放名单-(2025)第6批,2025-02-28,安徽省风鸾信息科技有限公司,B2-20250657,国内呼叫中心业务,安徽,B2-(全网),https://tsm.miit.gov.cn/dxxzsp/help/noticeDetail.jsp?id=429,2025
工信部,新发证名单,《中华人民共和国增值电信业务经营许可证》发放名单-(2025)第6批,2025-02-28,武汉飞信云科技有限公司,B1.B2-20200048,国内呼叫中心业务,湖北,混合-(全网),https://tsm.miit.gov.cn/dxxzsp/help/noticeDetail.jsp?id=429,2025
工信部,新发证名单,《中华人民共和国增值电信业务经营许可证》发放名单-(2025)第6批,2025-02-28,长浩信用管理（浙江）有限公司,B2-20222161,国内呼叫中心业务,浙江,B2-(全网),https://tsm.miit.gov.cn/dxxzsp/help/noticeDetail.jsp?id=429,2025
工信部,新发证名单,《中华人民共和国增值电信业务经营许可证》发放名单-(2025)第6批,2025-02-28,四川逆根香文化传媒有限责任公司,B2-20234991,国内呼叫中心业务,四川,B2-(全网),https://tsm.miit.gov.cn/dxxzsp/help/noticeDetail.jsp?id=429,2025
工信部,新发证名单,《中华人民共和国增值电信业务经营许可证》发放名单-(2025)第6批,2025-02-28,重庆远盟数智科技有限公司,合字B2-20240521,国内呼叫中心业务,重庆,B2-(全网),https://tsm.miit.gov.cn/dxxzsp/help/noticeDetail.jsp?id=429,2025
工信部,新发证名单,《中华人民共和国增值电信业务经营许可证》发放名单-(2025)第6批,2025-02-28,中电信翼金科技有限公司,B1.B2-20240771,国内呼叫中心业务信息服务业务（不含互联网信息服务）,未知,混合-(全网),https://tsm.miit.gov.cn/dxxzsp/help/noticeDetail.jsp?id=429,2025
工信部,新发证名单,《中华人民共和国增值电信业务经营许可证》发放名单-(2025)第6批,2025-02-28,河南软力信息科技有限公司,B2-20242056,国内呼叫中心业务,河南,B2-(全网),https://tsm.miit.gov.cn/dxxzsp/help/noticeDetail.jsp?id=429,2025
工信部,新发证名单,《中华人民共和国增值电信业务经营许可证》发放名单-(2025)第6批,2025-02-28,广州森瑞字节智能科技有限公司,B2-20243678,国内呼叫中心业务,广东,B2-(全网),https://tsm.miit.gov.cn/dxxzsp/help/noticeDetail.jsp?id=429,2025
工信部,新发证名单,《中华人民共和国增值电信业务经营许可证》发放名单-(2025)第5批,2025-02-17,上海永呼科技有限公司,B2-20250548,国内呼叫中心业务,上海,B2-(全网),https://tsm.miit.gov.cn/dxxzsp/help/noticeDetail.jsp?id=427,2025
工信部,新发证名单,《中华人民共和国增值电信业务经营许可证》发放名单-(2025)第5批,2025-02-17,河南省禾诺信息科技有限公司,B2-20250549,国内呼叫中心业务,河南,B2-(全网),https://tsm.miit.gov.cn/dxxzsp/help/noticeDetail.jsp?id=427,2025
工信部,新发证名单,《中华人民共和国增值电信业务经营许可证》发放名单-(2025)第5批,2025-02-17,河南耘梦信息技术有限公司,B2-20242600,国内呼叫中心业务信息服务业务（不含互联网信息服务）,河南,B2-(全网),https://tsm.miit.gov.cn/dxxzsp/help/noticeDetail.jsp?id=427,2025
工信部,新发证名单,《中华人民共和国增值电信业务经营许可证》发放名单-(2025)第5批,2025-02-17,珠海艾维普信息技术有限公司,合字B2-20210384,国内呼叫中心业务信息服务业务（不含互联网信息服务）,未知,B2-(全网),https://tsm.miit.gov.cn/dxxzsp/help/noticeDetail.jsp?id=427,2025
工信部,新发证名单,《中华人民共和国增值电信业务经营许可证》发放名单-(2025)第4批,2025-02-10,礼诚天下国际贸易（北京）有限公司,B2-20250456,国内呼叫中心业务,北京,B2-(全网),https://tsm.miit.gov.cn/dxxzsp/help/noticeDetail.jsp?id=425,2025
工信部,新发证名单,《中华人民共和国增值电信业务经营许可证》发放名单-(2025)第4批,2025-02-10,河南亿企云信息技术有限公司,B2-20250457,国内呼叫中心业务,河南,B2-(全网),https://tsm.miit.gov.cn/dxxzsp/help/noticeDetail.jsp?id=425,2025
工信部,新发证名单,《中华人民共和国增值电信业务经营许可证》发放名单-(2025)第4批,2025-02-10,北京天海众恒科技有限公司,B1.B2-20172725,国内呼叫中心业务,北京,混合-(全网),https://tsm.miit.gov.cn/dxxzsp/help/noticeDetail.jsp?id=425,2025
工信部,新发证名单,《中华人民共和国增值电信业务经营许可证》发放名单-(2025)第4批,2025-02-10,苏州得心应手信息技术有限公司,B2-20191136,国内呼叫中心业务,江苏,B2-(全网),https://tsm.miit.gov.cn/dxxzsp/help/noticeDetail.jsp?id=425,2025
工信部,新发证名单,《中华人民共和国增值电信业务经营许可证》发放名单-(2025)第4批,2025-02-10,江苏苏锡云网络科技有限公司,B2-20194042,国内呼叫中心业务,江苏,B2-(全网),https://tsm.miit.gov.cn/dxxzsp/help/noticeDetail.jsp?id=425,2025
工信部,新发证名单,《中华人民共和国增值电信业务经营许可证》发放名单-(2025)第4批,2025-02-10,北京君悦天下科技有限公司,B2-20213572,国内呼叫中心业务,北京,B2-(全网),https://tsm.miit.gov.cn/dxxzsp/help/noticeDetail.jsp?id=425,2025
工信部,注销公示,关于拟注销浙江昉寅科技有限公司等132家企业跨地区增值电信业务经营许可的公示,2025-02-20,邦尼集团有限公司,B2-20100076,国内呼叫中心业务、信息服务业务（不含互联网信息服务）,未知,B2-(全网),https://tsm.miit.gov.cn/dxxzsp/help/noticeDetail.jsp?id=428,2025
工信部,注销公示,关于拟注销浙江昉寅科技有限公司等132家企业跨地区增值电信业务经营许可的公示,2025-02-20,北京百思特捷迅科技有限公司,B2-20150075,国内呼叫中心业务,北京,B2-(全网),https://tsm.miit.gov.cn/dxxzsp/help/noticeDetail.jsp?id=428,2025
工信部,注销公示,关于拟注销浙江昉寅科技有限公司等132家企业跨地区增值电信业务经营许可的公示,2025-02-20,京科联通（北京）网络技术有限公司,B2-20150076,国内呼叫中心业务、信息服务业务（不含互联网信息服务）,北京,B2-(全网),https://tsm.miit.gov.cn/dxxzsp/help/noticeDetail.jsp?id=428,2025
工信部,注销公示,关于拟注销浙江昉寅科技有限公司等132家企业跨地区增值电信业务经营许可的公示,2025-02-20,中经汇通电子商务有限公司,B2-20150093,国内呼叫中心业务、信息服务业务（不含互联网信息服务）,未知,B2-(全网),https://tsm.miit.gov.cn/dxxzsp/help/noticeDetail.jsp?id=428,2025
工信部,注销公示,关于拟注销浙江昉寅科技有限公司等132家企业跨地区增值电信业务经营许可的公示,2025-02-20,北京长城金点物联网科技股份有限公司,B2-20150118,国内呼叫中心业务、信息服务业务（不含互联网信息服务）,北京,B2-(全网),https://tsm.miit.gov.cn/dxxzsp/help/noticeDetail.jsp?id=428,2025
工信部,注销公示,关于拟注销众彩世纪广告传媒（北京）有限公司等 140家企业跨地区增值电信业务经营许可的公示,2025-03-06,北京艾为飞鸿科技有限公司,B2-20100159,国内呼叫中心业务、信息服务业务（不含互联网信息服务）,北京,B2-(全网),https://tsm.miit.gov.cn/dxxzsp/help/noticeDetail.jsp?id=431,2025
工信部,新发证名单,《中华人民共和国增值电信业务经营许可证》发放名单-(2025)第3批,2025-01-24,安徽聚成控股有限公司,B2-20250282,国内呼叫中心业务,安徽,B2-(全网),https://tsm.miit.gov.cn/dxxzsp/help/noticeDetail.jsp?id=424,2025
工信部,新发证名单,《中华人民共和国增值电信业务经营许可证》发放名单-(2025)第3批,2025-01-24,蚌埠君客电子商务有限公司,B2-20250386,国内呼叫中心业务,安徽,B2-(全网),https://tsm.miit.gov.cn/dxxzsp/help/noticeDetail.jsp?id=424,2025
工信部,新发证名单,《中华人民共和国增值电信业务经营许可证》发放名单-(2025)第3批,2025-01-24,科大讯飞股份有限公司,合字B2-20250047,国内呼叫中心业务存储转发类业务信息服务业务（仅限互联网信息服务）,未知,B2-(全网),https://tsm.miit.gov.cn/dxxzsp/help/noticeDetail.jsp?id=424,2025
工信部,新发证名单,《中华人民共和国增值电信业务经营许可证》发放名单-(2025)第3批,2025-01-24,北京美联软通科技有限公司,B2-20150482,国内呼叫中心业务,北京,B2-(全网),https://tsm.miit.gov.cn/dxxzsp/help/noticeDetail.jsp?id=424,2025
工信部,新发证名单,《中华人民共和国增值电信业务经营许可证》发放名单-(2025)第3批,2025-01-24,上海梦企网络科技有限公司,B2-20230933,国内呼叫中心业务,上海,B2-(全网),https://tsm.miit.gov.cn/dxxzsp/help/noticeDetail.jsp?id=424,2025
工信部,新发证名单,《中华人民共和国增值电信业务经营许可证》发放名单-(2025)第2批,2025-01-17,河北信语科技有限公司,B2-20250191,国内呼叫中心业务,河北,B2-(全网),https://tsm.miit.gov.cn/dxxzsp/help/noticeDetail.jsp?id=421,2025
工信部,新发证名单,《中华人民共和国增值电信业务经营许可证》发放名单-(2025)第2批,2025-01-17,卓运企业管理集团有限公司,B2-20250192,国内呼叫中心业务,未知,B2-(全网),https://tsm.miit.gov.cn/dxxzsp/help/noticeDetail.jsp?id=421,2025
工信部,新发证名单,《中华人民共和国增值电信业务经营许可证》发放名单-(2025)第2批,2025-01-17,北京外企德科人力资源服务深圳有限公司,合字B2-20250026,国内呼叫中心业务,北京,B2-(全网),https://tsm.miit.gov.cn/dxxzsp/help/noticeDetail.jsp?id=421,2025
工信部,新发证名单,《中华人民共和国增值电信业务经营许可证》发放名单-(2025)第2批,2025-01-17,成都翼联科技有限公司,B2-20110249,国内呼叫中心业务,四川,B2-(全网),https://tsm.miit.gov.cn/dxxzsp/help/noticeDetail.jsp?id=421,2025
工信部,新发证名单,《中华人民共和国增值电信业务经营许可证》发放名单-(2025)第2批,2025-01-17,深圳市麦穗通信技术有限公司,B2-20173221,国内呼叫中心业务,广东,B2-(全网),https://tsm.miit.gov.cn/dxxzsp/help/noticeDetail.jsp?id=421,2025
工信部,新发证名单,《中华人民共和国增值电信业务经营许可证》发放名单-(2025)第2批,2025-01-17,深圳市胜科企业管理有限公司,B2-20203993,国内呼叫中心业务,广东,B2-(全网),https://tsm.miit.gov.cn/dxxzsp/help/noticeDetail.jsp?id=421,2025
工信部,新发证名单,《中华人民共和国增值电信业务经营许可证》发放名单-(2025)第2批,2025-01-17,江苏信邮网络科技有限公司,B2-20204061,国内呼叫中心业务,江苏,B2-(全网),https://tsm.miit.gov.cn/dxxzsp/help/noticeDetail.jsp?id=421,2025
工信部,新发证名单,《中华人民共和国增值电信业务经营许可证》发放名单-(2025)第2批,2025-01-17,深圳市小码云网络有限公司,B2-20212139,国内呼叫中心业务,广东,B2-(全网),https://tsm.miit.gov.cn/dxxzsp/help/noticeDetail.jsp?id=421,2025
工信部,新发证名单,《中华人民共和国增值电信业务经营许可证》发放名单-(2025)第2批,2025-01-17,河南欧旺实业有限公司,B2-20233904,国内呼叫中心业务,河南,B2-(全网),https://tsm.miit.gov.cn/dxxzsp/help/noticeDetail.jsp?id=421,2025
工信部,注销公示,关于拟注销杭州平治信息技术股份有限公司等 148家企业跨地区增值电信业务经营许可的公示,2025-01-24,北京和鸿盈科技术有限公司,B1.B2-20150008,互联网数据中心业务、国内呼叫中心业务,北京,混合-(全网),https://tsm.miit.gov.cn/dxxzsp/help/noticeDetail.jsp?id=423,2025
工信部,注销公示,关于拟注销杭州平治信息技术股份有限公司等 148家企业跨地区增值电信业务经营许可的公示,2025-01-24,安徽省渠道网络集团股份有限公司,B2-20150015,国内呼叫中心业务、信息服务业务（不含互联网信息服务）,安徽,B2-(全网),https://tsm.miit.gov.cn/dxxzsp/help/noticeDetail.jsp?id=423,2025
工信部,新发证名单,《中华人民共和国增值电信业务经营许可证》发放名单-(2025)第8批,2025-03-14,浙江云聚橙科技有限公司,B2-20250783,国内呼叫中心业务,浙江,B2-(全网),https://tsm.miit.gov.cn/dxxzsp/help/noticeDetail.jsp?id=433,2025
工信部,新发证名单,《中华人民共和国增值电信业务经营许可证》发放名单-(2025)第8批,2025-03-14,济南四方网络科技有限公司,B2-20250784,国内呼叫中心业务,山东,B2-(全网),https://tsm.miit.gov.cn/dxxzsp/help/noticeDetail.jsp?id=433,2025
工信部,新发证名单,《中华人民共和国增值电信业务经营许可证》发放名单-(2025)第8批,2025-03-14,北京五继网络科技有限公司,B2-20231365,国内呼叫中心业务,北京,B2-(全网),https://tsm.miit.gov.cn/dxxzsp/help/noticeDetail.jsp?id=433,2025
工信部,新发证名单,《中华人民共和国增值电信业务经营许可证》发放名单-(2025)第8批,2025-03-14,北京风零科技有限公司,B1.B2-20241316,国内呼叫中心业务信息服务业务（不含互联网信息服务）,北京,混合-(全网),https://tsm.miit.gov.cn/dxxzsp/help/noticeDetail.jsp?id=433,2025
工信部,新发证名单,《中华人民共和国增值电信业务经营许可证》发放名单-(2025)第1批,2025-01-09,北京微财科技有限公司,B2-20250097,国内呼叫中心业务,北京,B2-(全网),https://tsm.miit.gov.cn/dxxzsp/help/noticeDetail.jsp?id=419,2025
工信部,新发证名单,《中华人民共和国增值电信业务经营许可证》发放名单-(2025)第1批,2025-01-09,陕西浦思信息科技有限公司,B2-20250098,国内呼叫中心业务,陕西,B2-(全网),https://tsm.miit.gov.cn/dxxzsp/help/noticeDetail.jsp?id=419,2025
工信部,新发证名单,《中华人民共和国增值电信业务经营许可证》发放名单-(2025)第1批,2025-01-09,上海懿秋信息咨询服务有限公司,B2-20250099,国内呼叫中心业务,上海,B2-(全网),https://tsm.miit.gov.cn/dxxzsp/help/noticeDetail.jsp?id=419,2025
工信部,新发证名单,《中华人民共和国增值电信业务经营许可证》发放名单-(2025)第1批,2025-01-09,山东蓝光信息技术有限公司,B2-20235616,国内呼叫中心业务,山东,B2-(全网),https://tsm.miit.gov.cn/dxxzsp/help/noticeDetail.jsp?id=419,2025
工信部,新发证名单,《中华人民共和国增值电信业务经营许可证》发放名单-(2025)第1批,2025-01-09,上海恩俯信息科技有限公司,B2-20241388,国内呼叫中心业务,上海,B2-(全网),https://tsm.miit.gov.cn/dxxzsp/help/noticeDetail.jsp?id=419,2025
工信部,新发证名单,《中华人民共和国增值电信业务经营许可证》发放名单-(2025)第1批,2025-01-09,北京广信聚联科技有限公司,B2-20241823,国内呼叫中心业务,北京,B2-(全网),https://tsm.miit.gov.cn/dxxzsp/help/noticeDetail.jsp?id=419,2025
工信部,新发证名单,《中华人民共和国增值电信业务经营许可证》发放名单-(2025)第7批,2025-03-06,北京都市速波科技有限公司,B2-20250720,国内呼叫中心业务,北京,B2-(全网),https://tsm.miit.gov.cn/dxxzsp/help/noticeDetail.jsp?id=432,2025
工信部,新发证名单,《中华人民共和国增值电信业务经营许可证》发放名单-(2025)第7批,2025-03-06,北京牛牛点赞科技有限公司,B2-20250721,国内呼叫中心业务,北京,B2-(全网),https://tsm.miit.gov.cn/dxxzsp/help/noticeDetail.jsp?id=432,2025
工信部,新发证名单,《中华人民共和国增值电信业务经营许可证》发放名单-(2025)第7批,2025-03-06,和行天下信息技术（北京）有限公司,B1.B2-20220775,国内呼叫中心业务,北京,混合-(全网),https://tsm.miit.gov.cn/dxxzsp/help/noticeDetail.jsp?id=432,2025
工信部,新发证名单,《中华人民共和国增值电信业务经营许可证》发放名单-(2025)第7批,2025-03-06,中酿品致（北京）文化发展有限公司,B2-20220876,国内呼叫中心业务,北京,B2-(全网),https://tsm.miit.gov.cn/dxxzsp/help/noticeDetail.jsp?id=432,2025
工信部,新发证名单,《中华人民共和国增值电信业务经营许可证》发放名单-(2025)第7批,2025-03-06,北京天材地宝科技有限公司,B2-20230777,国内呼叫中心业务,北京,B2-(全网),https://tsm.miit.gov.cn/dxxzsp/help/noticeDetail.jsp?id=432,2025
工信部,新发证名单,《中华人民共和国增值电信业务经营许可证》发放名单-(2024)第44批  ,2025-01-02,河北省厚泽信息技术有限公司,B2-20243955,国内呼叫中心业务,河北,B2-(全网),https://tsm.miit.gov.cn/dxxzsp/help/noticeDetail.jsp?id=415,2025
工信部,新发证名单,《中华人民共和国增值电信业务经营许可证》发放名单-(2024)第44批  ,2025-01-02,江苏爱帮企业管理服务有限公司,B2-20243956,国内呼叫中心业务,江苏,B2-(全网),https://tsm.miit.gov.cn/dxxzsp/help/noticeDetail.jsp?id=415,2025
工信部,新发证名单,《中华人民共和国增值电信业务经营许可证》发放名单-(2024)第44批  ,2025-01-02,天津市优尔特企业管理咨询有限公司,B2-20243957,国内呼叫中心业务,天津,B2-(全网),https://tsm.miit.gov.cn/dxxzsp/help/noticeDetail.jsp?id=415,2025
工信部,新发证名单,《中华人民共和国增值电信业务经营许可证》发放名单-(2024)第44批  ,2025-01-02,杭州天复禾润信息技术有限公司,B2-20243958,国内呼叫中心业务,浙江,B2-(全网),https://tsm.miit.gov.cn/dxxzsp/help/noticeDetail.jsp?id=415,2025
工信部,新发证名单,《中华人民共和国增值电信业务经营许可证》发放名单-(2024)第44批  ,2025-01-02,深圳市炎林技术服务有限公司,B2-20243959,国内呼叫中心业务,广东,B2-(全网),https://tsm.miit.gov.cn/dxxzsp/help/noticeDetail.jsp?id=415,2025
工信部,新发证名单,《中华人民共和国增值电信业务经营许可证》发放名单-(2024)第44批  ,2025-01-02,南京格调网络技术有限公司,B2-20235310,国内呼叫中心业务,江苏,B2-(全网),https://tsm.miit.gov.cn/dxxzsp/help/noticeDetail.jsp?id=415,2025
工信部,注销公示,关于拟注销广州津虹网络传媒有限公司等 144家企业跨地区增值电信业务经营许可的公示,2025-01-21,上海华泛信息服务有限公司,合字B2-20100001,国内呼叫中心业务,上海,B2-(全网),https://tsm.miit.gov.cn/dxxzsp/help/noticeDetail.jsp?id=422,2025
工信部,注销公示,关于拟注销广州津虹网络传媒有限公司等 144家企业跨地区增值电信业务经营许可的公示,2025-01-21,北京兆维电子（集团）有限责任公司,B2-20140509,国内多方通信服务业务、国内呼叫中心业务、信息服务业务（不含互联网信息服务）,北京,B2-(全网),https://tsm.miit.gov.cn/dxxzsp/help/noticeDetail.jsp?id=422,2025
工信部,注销公示,关于拟注销广州津虹网络传媒有限公司等 144家企业跨地区增值电信业务经营许可的公示,2025-01-21,上海万联盛世企业发展集团有限公司,B2-20150031,国内呼叫中心业务,上海,B2-(全网),https://tsm.miit.gov.cn/dxxzsp/help/noticeDetail.jsp?id=422,2025
工信部,注销公示,关于拟注销广州津虹网络传媒有限公司等 144家企业跨地区增值电信业务经营许可的公示,2025-01-21,贵阳朗玛通信科技有限公司,B2-20196362,国内多方通信服务业务、国内呼叫中心业务、信息服务业务（不含互联网信息服务）,贵州,B2-(全网),https://tsm.miit.gov.cn/dxxzsp/help/noticeDetail.jsp?id=422,2025
工信部,注销公示,关于拟注销广州津虹网络传媒有限公司等 144家企业跨地区增值电信业务经营许可的公示,2025-01-21,醒字技术有限公司,B1.B2-20196433,固定网国内数据传送业务、互联网数据中心业务、内容分发网络业务、国内互联网虚拟专用网业务、互联网接入服务业务、国内多方通信服务业务、国内呼叫中心业务、信息服务业务（不含互联网信息服务）,未知,混合-(全网),https://tsm.miit.gov.cn/dxxzsp/help/noticeDetail.jsp?id=422,2025
工信部,新发证名单,《中华人民共和国增值电信业务经营许可证》发放名单-(2024)第42批,2024-12-17,云南万车云集汽车科技有限公司,B2-20243788,国内呼叫中心业务,云南,B2-(全网),https://tsm.miit.gov.cn/dxxzsp/help/noticeDetail.jsp?id=410,2024
工信部,新发证名单,《中华人民共和国增值电信业务经营许可证》发放名单-(2024)第42批,2024-12-17,南京禾诺通讯设备有限公司,B2-20243789,国内呼叫中心业务,江苏,B2-(全网),https://tsm.miit.gov.cn/dxxzsp/help/noticeDetail.jsp?id=410,2024
工信部,新发证名单,《中华人民共和国增值电信业务经营许可证》发放名单-(2024)第42批,2024-12-17,聚思鸿信息技术服务（大连）有限公司,合字B2-20240598,国内呼叫中心业务,辽宁,B2-(全网),https://tsm.miit.gov.cn/dxxzsp/help/noticeDetail.jsp?id=410,2024
工信部,新发证名单,《中华人民共和国增值电信业务经营许可证》发放名单-(2024)第40批,2024-12-03,厦门北星博辉科技有限公司,合字B2-20240575,国内呼叫中心业务,福建,B2-(全网),https://tsm.miit.gov.cn/dxxzsp/help/noticeDetail.jsp?id=406,2024
工信部,新发证名单,《中华人民共和国增值电信业务经营许可证》发放名单-(2024)第41批,2024-12-10,广州市新科众智信息科技有限公司,B2-20243685,国内呼叫中心业务,广东,B2-(全网),https://tsm.miit.gov.cn/dxxzsp/help/noticeDetail.jsp?id=409,2024
工信部,新发证名单,《中华人民共和国增值电信业务经营许可证》发放名单-(2024)第41批,2024-12-10,浙江施强数智科技有限公司,B2-20243686,国内呼叫中心业务,浙江,B2-(全网),https://tsm.miit.gov.cn/dxxzsp/help/noticeDetail.jsp?id=409,2024
工信部,新发证名单,《中华人民共和国增值电信业务经营许可证》发放名单-(2024)第41批,2024-12-10,赤峰鼎越商贸有限公司,B2-20243687,国内呼叫中心业务,未知,B2-(全网),https://tsm.miit.gov.cn/dxxzsp/help/noticeDetail.jsp?id=409,2024
工信部,新发证名单,《中华人民共和国增值电信业务经营许可证》发放名单-(2024)第41批,2024-12-10,北京九众天下科技服务有限公司,B2-20243688,国内呼叫中心业务,北京,B2-(全网),https://tsm.miit.gov.cn/dxxzsp/help/noticeDetail.jsp?id=409,2024
工信部,新发证名单,《中华人民共和国增值电信业务经营许可证》发放名单-(2024)第41批,2024-12-10,北京中鼎动力科技有限公司,B2-20161094,国内呼叫中心业务,北京,B2-(全网),https://tsm.miit.gov.cn/dxxzsp/help/noticeDetail.jsp?id=409,2024
工信部,新发证名单,《中华人民共和国增值电信业务经营许可证》发放名单-(2024)第41批,2024-12-10,北京智博九州信息技术有限公司,B2-20182194,国内呼叫中心业务,北京,B2-(全网),https://tsm.miit.gov.cn/dxxzsp/help/noticeDetail.jsp?id=409,2024
工信部,新发证名单,《中华人民共和国增值电信业务经营许可证》发放名单-(2024)第41批,2024-12-10,江苏汇联智通通信科技有限公司,B2-20190967,国内呼叫中心业务,江苏,B2-(全网),https://tsm.miit.gov.cn/dxxzsp/help/noticeDetail.jsp?id=409,2024
工信部,新发证名单,《中华人民共和国增值电信业务经营许可证》发放名单-(2024)第41批,2024-12-10,北京海思互联科技有限公司,B2-20212900,国内呼叫中心业务,北京,B2-(全网),https://tsm.miit.gov.cn/dxxzsp/help/noticeDetail.jsp?id=409,2024
工信部,新发证名单,《中华人民共和国增值电信业务经营许可证》发放名单-(2024)第41批,2024-12-10,山西乾晋网络科技有限公司,B1.B2-20235242,国内呼叫中心业务,山西,混合-(全网),https://tsm.miit.gov.cn/dxxzsp/help/noticeDetail.jsp?id=409,2024
工信部,新发证名单,《中华人民共和国增值电信业务经营许可证》发放名单-(2024)第39批,2024-12-03,宿迁兆科信息科技有限公司,B2-20243530,国内呼叫中心业务,未知,B2-(全网),https://tsm.miit.gov.cn/dxxzsp/help/noticeDetail.jsp?id=405,2024
工信部,新发证名单,《中华人民共和国增值电信业务经营许可证》发放名单-(2024)第39批,2024-12-03,深圳市富讯数字科技有限公司,B2-20210487,国内多方通信服务业务国内呼叫中心业务,广东,B2-(全网),https://tsm.miit.gov.cn/dxxzsp/help/noticeDetail.jsp?id=405,2024
工信部,新发证名单,《中华人民共和国增值电信业务经营许可证》发放名单-(2024)第39批,2024-12-03,山东百信商业管理有限公司,B2-20212284,国内呼叫中心业务,山东,B2-(全网),https://tsm.miit.gov.cn/dxxzsp/help/noticeDetail.jsp?id=405,2024
工信部,新发证名单,《中华人民共和国增值电信业务经营许可证》发放名单-(2024)第39批,2024-12-03,深圳市鹏劳人力资源管理有限公司,B2-20215436,国内呼叫中心业务,广东,B2-(全网),https://tsm.miit.gov.cn/dxxzsp/help/noticeDetail.jsp?id=405,2024
工信部,新发证名单,《中华人民共和国增值电信业务经营许可证》发放名单-(2024)第39批,2024-12-03,创宇兰石（苏州）信息科技有限公司,B2-20231807,国内呼叫中心业务,江苏,B2-(全网),https://tsm.miit.gov.cn/dxxzsp/help/noticeDetail.jsp?id=405,2024
工信部,新发证名单,《中华人民共和国增值电信业务经营许可证》发放名单-(2024)第39批,2024-12-03,广州智唯易才企业管理顾问有限公司,合字B2-20240461,国内呼叫中心业务,广东,B2-(全网),https://tsm.miit.gov.cn/dxxzsp/help/noticeDetail.jsp?id=405,2024
工信部,新发证名单,《中华人民共和国增值电信业务经营许可证》发放名单-(2024)第39批,2024-12-03,广州丹遐电子商务有限公司,B2-20241909,国内呼叫中心业务,广东,B2-(全网),https://tsm.miit.gov.cn/dxxzsp/help/noticeDetail.jsp?id=405,2024
工信部,新发证名单,《中华人民共和国增值电信业务经营许可证》发放名单-(2024)第38批,2024-11-14,北京竞汇科技有限公司,B2-20243416,国内呼叫中心业务,北京,B2-(全网),https://tsm.miit.gov.cn/dxxzsp/help/noticeDetail.jsp?id=403,2024
工信部,新发证名单,《中华人民共和国增值电信业务经营许可证》发放名单-(2024)第38批,2024-11-14,中移智捷科技（北京）有限公司,B2-20243417,国内呼叫中心业务信息服务业务（不含互联网信息服务）,北京,B2-(全网),https://tsm.miit.gov.cn/dxxzsp/help/noticeDetail.jsp?id=403,2024
工信部,新发证名单,《中华人民共和国增值电信业务经营许可证》发放名单-(2024)第38批,2024-11-14,北京华琦远航国际咨询有限公司,B2-20243418,国内呼叫中心业务,北京,B2-(全网),https://tsm.miit.gov.cn/dxxzsp/help/noticeDetail.jsp?id=403,2024
工信部,新发证名单,《中华人民共和国增值电信业务经营许可证》发放名单-(2024)第38批,2024-11-14,北京豪霆网络科技有限公司,B2-20161221,国内呼叫中心业务,北京,B2-(全网),https://tsm.miit.gov.cn/dxxzsp/help/noticeDetail.jsp?id=403,2024
工信部,新发证名单,《中华人民共和国增值电信业务经营许可证》发放名单-(2024)第38批,2024-11-14,北京资兴科技有限公司,B1.B2-20202765,国内呼叫中心业务,北京,混合-(全网),https://tsm.miit.gov.cn/dxxzsp/help/noticeDetail.jsp?id=403,2024
工信部,新发证名单,《中华人民共和国增值电信业务经营许可证》发放名单-(2024)第38批,2024-11-14,贵州善阳商务咨询有限公司,B2-20212369,国内呼叫中心业务,贵州,B2-(全网),https://tsm.miit.gov.cn/dxxzsp/help/noticeDetail.jsp?id=403,2024
工信部,新发证名单,《中华人民共和国增值电信业务经营许可证》发放名单-(2024)第38批,2024-11-14,长沙惠邦网络科技有限公司,B2-20214928,国内呼叫中心业务,湖南,B2-(全网),https://tsm.miit.gov.cn/dxxzsp/help/noticeDetail.jsp?id=403,2024
工信部,新发证名单,《中华人民共和国增值电信业务经营许可证》发放名单-(2024)第38批,2024-11-14,天津艾迪研医药科技有限公司,B2-20230908,国内呼叫中心业务,天津,B2-(全网),https://tsm.miit.gov.cn/dxxzsp/help/noticeDetail.jsp?id=403,2024
工信部,新发证名单,《中华人民共和国增值电信业务经营许可证》发放名单-(2024)第37批,2024-11-11,福建易分达信息科技有限公司,B2-20243346,国内呼叫中心业务,福建,B2-(全网),https://tsm.miit.gov.cn/dxxzsp/help/noticeDetail.jsp?id=401,2024
工信部,新发证名单,《中华人民共和国增值电信业务经营许可证》发放名单-(2024)第37批,2024-11-11,浙江慧博太梦科技有限公司,合字B2-20240523,国内呼叫中心业务,浙江,B2-(全网),https://tsm.miit.gov.cn/dxxzsp/help/noticeDetail.jsp?id=401,2024
工信部,新发证名单,《中华人民共和国增值电信业务经营许可证》发放名单-(2024)第37批,2024-11-11,北京远盟普惠健康科技有限公司,合字B2-20240524,国内呼叫中心业务,北京,B2-(全网),https://tsm.miit.gov.cn/dxxzsp/help/noticeDetail.jsp?id=401,2024
工信部,新发证名单,《中华人民共和国增值电信业务经营许可证》发放名单-(2024)第37批,2024-11-11,北京图迅丰达信息技术有限公司,合字B2-20150001,国内呼叫中心业务信息服务业务（不含互联网信息服务）,北京,B2-(全网),https://tsm.miit.gov.cn/dxxzsp/help/noticeDetail.jsp?id=401,2024
工信部,新发证名单,《中华人民共和国增值电信业务经营许可证》发放名单-(2024)第37批,2024-11-11,江西聚梦实业有限公司,B2-20150816,国内呼叫中心业务,江西,B2-(全网),https://tsm.miit.gov.cn/dxxzsp/help/noticeDetail.jsp?id=401,2024
工信部,新发证名单,《中华人民共和国增值电信业务经营许可证》发放名单-(2024)第37批,2024-11-11,北京智云迅达科技有限公司,B2-20194191,国内呼叫中心业务,北京,B2-(全网),https://tsm.miit.gov.cn/dxxzsp/help/noticeDetail.jsp?id=401,2024
工信部,新发证名单,《中华人民共和国增值电信业务经营许可证》发放名单-(2024)第37批,2024-11-11,杭州易小智科技有限公司,B2-20213144,国内呼叫中心业务,浙江,B2-(全网),https://tsm.miit.gov.cn/dxxzsp/help/noticeDetail.jsp?id=401,2024
工信部,新发证名单,《中华人民共和国增值电信业务经营许可证》发放名单-(2024)第37批,2024-11-11,杭州紫驰网络科技有限公司,B2-20221765,国内呼叫中心业务,浙江,B2-(全网),https://tsm.miit.gov.cn/dxxzsp/help/noticeDetail.jsp?id=401,2024
工信部,新发证名单,《中华人民共和国增值电信业务经营许可证》发放名单-(2024)第37批,2024-11-11,方正宽带网络服务有限公司,B1.B2-20241357,国内呼叫中心业务,未知,混合-(全网),https://tsm.miit.gov.cn/dxxzsp/help/noticeDetail.jsp?id=401,2024
工信部,新发证名单,《中华人民共和国增值电信业务经营许可证》发放名单-(2024)第36批,2024-11-01,北京哈易技术有限公司,B2-20243254,国内呼叫中心业务,北京,B2-(全网),https://tsm.miit.gov.cn/dxxzsp/help/noticeDetail.jsp?id=399,2024
工信部,新发证名单,《中华人民共和国增值电信业务经营许可证》发放名单-(2024)第36批,2024-11-01,北京智盛华信科技有限公司,B2-20243255,国内呼叫中心业务,北京,B2-(全网),https://tsm.miit.gov.cn/dxxzsp/help/noticeDetail.jsp?id=399,2024
工信部,新发证名单,《中华人民共和国增值电信业务经营许可证》发放名单-(2024)第36批,2024-11-01,河北翔睿网络科技有限公司,B2-20243256,国内呼叫中心业务,河北,B2-(全网),https://tsm.miit.gov.cn/dxxzsp/help/noticeDetail.jsp?id=399,2024
工信部,新发证名单,《中华人民共和国增值电信业务经营许可证》发放名单-(2024)第36批,2024-11-01,上海菁卡信息技术有限公司,B2-20243257,国内呼叫中心业务,上海,B2-(全网),https://tsm.miit.gov.cn/dxxzsp/help/noticeDetail.jsp?id=399,2024
工信部,新发证名单,《中华人民共和国增值电信业务经营许可证》发放名单-(2024)第36批,2024-11-01,蚂蚁智服（成都）信息技术有限公司,合字B2-20240511,国内呼叫中心业务,四川,B2-(全网),https://tsm.miit.gov.cn/dxxzsp/help/noticeDetail.jsp?id=399,2024
工信部,新发证名单,《中华人民共和国增值电信业务经营许可证》发放名单-(2024)第36批,2024-11-01,芜湖瑞盈汽车服务有限公司,合字B2-20240512,国内呼叫中心业务,安徽,B2-(全网),https://tsm.miit.gov.cn/dxxzsp/help/noticeDetail.jsp?id=399,2024
工信部,新发证名单,《中华人民共和国增值电信业务经营许可证》发放名单-(2024)第36批,2024-11-01,北京久佳信通科技有限公司,B2-20161114,国内呼叫中心业务,北京,B2-(全网),https://tsm.miit.gov.cn/dxxzsp/help/noticeDetail.jsp?id=399,2024
工信部,新发证名单,《中华人民共和国增值电信业务经营许可证》发放名单-(2024)第36批,2024-11-01,山东中州信息科技有限公司,B2-20214465,国内呼叫中心业务,山东,B2-(全网),https://tsm.miit.gov.cn/dxxzsp/help/noticeDetail.jsp?id=399,2024
工信部,新发证名单,《中华人民共和国增值电信业务经营许可证》发放名单-(2024)第36批,2024-11-01,弋泰华资产管理有限公司,B2-20233074,国内呼叫中心业务,未知,B2-(全网),https://tsm.miit.gov.cn/dxxzsp/help/noticeDetail.jsp?id=399,2024
工信部,新发证名单,《中华人民共和国增值电信业务经营许可证》发放名单-(2024)第36批,2024-11-01,重庆载德信息技术有限公司,B2-20234990,国内呼叫中心业务,重庆,B2-(全网),https://tsm.miit.gov.cn/dxxzsp/help/noticeDetail.jsp?id=399,2024
工信部,新发证名单,《中华人民共和国增值电信业务经营许可证》发放名单-(2024)第36批,2024-11-01,北京讯众通信技术股份有限公司,B1.B2-20090483,（1）注销业务种类：互联网数据中心业务（2）继续经营：国内多方通信服务业务、国内呼叫中心业务、信息服务业务（不含互联网信息服务）,北京,混合-(全网),https://tsm.miit.gov.cn/dxxzsp/help/noticeDetail.jsp?id=399,2024
工信部,注销批准,《中华人民共和国增值电信业务经营许可证》发放名单-(2024)第36批,2024-11-01,北京讯众通信技术股份有限公司,,互联网数据中心业务（2）继续经营：国内多方通信服务业务、国内呼叫中心业务、信息服务业务（不含互联网信息服务）,北京,未知,https://tsm.miit.gov.cn/dxxzsp/help/noticeDetail.jsp?id=399,2024
工信部,新发证名单,《中华人民共和国增值电信业务经营许可证》发放名单-(2024)第43批,2024-12-30,江苏酷锐云通信科技有限公司,B2-20243885,国内呼叫中心业务信息服务业务（不含互联网信息服务）,江苏,B2-(全网),https://tsm.miit.gov.cn/dxxzsp/help/noticeDetail.jsp?id=414,2024
工信部,新发证名单,《中华人民共和国增值电信业务经营许可证》发放名单-(2024)第43批,2024-12-30,上海蒂清信息科技有限公司,B2-20243886,国内呼叫中心业务,上海,B2-(全网),https://tsm.miit.gov.cn/dxxzsp/help/noticeDetail.jsp?id=414,2024
工信部,注销公示,关于拟注销北京天鸿福商贸有限公司等 101家企业跨地区增值电信业务经营许可的公示,2024-11-07,江苏普林特信息科技有限公司,B1.B2-20194986,固定网国内数据传送业务、国内互联网虚拟专用网业务、国内多方通信服务业务、国内呼叫中心业务、信息服务业务（不含互联网信息服务）,江苏,混合-(全网),https://tsm.miit.gov.cn/dxxzsp/help/noticeDetail.jsp?id=402,2024
工信部,注销公示,关于拟注销北京天鸿福商贸有限公司等 101家企业跨地区增值电信业务经营许可的公示,2024-11-07,智慧校园（广东）教育科技有限公司,B2-20195021,国内呼叫中心业务、信息服务业务（不含互联网信息服务）,广东,B2-(全网),https://tsm.miit.gov.cn/dxxzsp/help/noticeDetail.jsp?id=402,2024
工信部,注销公示,关于拟注销北京天鸿福商贸有限公司等 101家企业跨地区增值电信业务经营许可的公示,2024-11-07,成都小麦花网络技术有限公司,B2-20195026,国内呼叫中心业务、信息服务业务（不含互联网信息服务）,四川,B2-(全网),https://tsm.miit.gov.cn/dxxzsp/help/noticeDetail.jsp?id=402,2024
工信部,注销公示,关于拟注销北京天鸿福商贸有限公司等 101家企业跨地区增值电信业务经营许可的公示,2024-11-07,上海简水网络科技有限公司,B2-20195031,国内呼叫中心业务、信息服务业务（不含互联网信息服务）,上海,B2-(全网),https://tsm.miit.gov.cn/dxxzsp/help/noticeDetail.jsp?id=402,2024
工信部,注销公示,关于拟注销北京天鸿福商贸有限公司等 101家企业跨地区增值电信业务经营许可的公示,2024-11-07,安徽华勤企业管理咨询有限公司,B2-20195032,国内呼叫中心业务、信息服务业务（不含互联网信息服务）,安徽,B2-(全网),https://tsm.miit.gov.cn/dxxzsp/help/noticeDetail.jsp?id=402,2024
工信部,注销公示,关于拟注销北京天鸿福商贸有限公司等 101家企业跨地区增值电信业务经营许可的公示,2024-11-07,北京中科汇联科技股份有限公司,B2-20195037,国内呼叫中心业务,北京,B2-(全网),https://tsm.miit.gov.cn/dxxzsp/help/noticeDetail.jsp?id=402,2024
工信部,注销公示,关于拟注销北京天鸿福商贸有限公司等 101家企业跨地区增值电信业务经营许可的公示,2024-11-07,河北凯凡科技有限公司,B2-20195046,国内呼叫中心业务,河北,B2-(全网),https://tsm.miit.gov.cn/dxxzsp/help/noticeDetail.jsp?id=402,2024
工信部,注销公示,关于拟注销北京天鸿福商贸有限公司等 101家企业跨地区增值电信业务经营许可的公示,2024-11-07,大连米袋特普科技信息服务有限公司,B2-20195047,国内呼叫中心业务,辽宁,B2-(全网),https://tsm.miit.gov.cn/dxxzsp/help/noticeDetail.jsp?id=402,2024
工信部,注销公示,关于拟注销北京天鸿福商贸有限公司等 101家企业跨地区增值电信业务经营许可的公示,2024-11-07,添乐投资控股（深圳）有限公司,B2-20195048,国内呼叫中心业务,广东,B2-(全网),https://tsm.miit.gov.cn/dxxzsp/help/noticeDetail.jsp?id=402,2024
工信部,注销公示,关于拟注销北京天鸿福商贸有限公司等 101家企业跨地区增值电信业务经营许可的公示,2024-11-07,成都和盛昌商务信息咨询有限公司,B2-20195050,国内呼叫中心业务,四川,B2-(全网),https://tsm.miit.gov.cn/dxxzsp/help/noticeDetail.jsp?id=402,2024
工信部,注销公示,关于拟注销北京天鸿福商贸有限公司等 101家企业跨地区增值电信业务经营许可的公示,2024-11-07,陕西万弘商务信息咨询有限公司,B2-20195055,国内呼叫中心业务,陕西,B2-(全网),https://tsm.miit.gov.cn/dxxzsp/help/noticeDetail.jsp?id=402,2024
工信部,注销公示,关于拟注销北京天鸿福商贸有限公司等 101家企业跨地区增值电信业务经营许可的公示,2024-11-07,广西厚德通讯科技有限公司,B2-20195056,国内呼叫中心业务,广西,B2-(全网),https://tsm.miit.gov.cn/dxxzsp/help/noticeDetail.jsp?id=402,2024
工信部,注销公示,关于拟注销北京天鸿福商贸有限公司等 101家企业跨地区增值电信业务经营许可的公示,2024-11-07,湖北携手同程信息科技有限公司,B2-20195057,国内呼叫中心业务,湖北,B2-(全网),https://tsm.miit.gov.cn/dxxzsp/help/noticeDetail.jsp?id=402,2024
工信部,注销公示,关于拟注销北京天鸿福商贸有限公司等 101家企业跨地区增值电信业务经营许可的公示,2024-11-07,迈芽互联网有限公司,B2-20195059,国内呼叫中心业务,未知,B2-(全网),https://tsm.miit.gov.cn/dxxzsp/help/noticeDetail.jsp?id=402,2024
工信部,注销公示,关于拟注销北京天鸿福商贸有限公司等 101家企业跨地区增值电信业务经营许可的公示,2024-11-07,广州艾瑞克网络科技有限公司,B2-20195062,国内呼叫中心业务,广东,B2-(全网),https://tsm.miit.gov.cn/dxxzsp/help/noticeDetail.jsp?id=402,2024
工信部,注销公示,关于拟注销北京天鸿福商贸有限公司等 101家企业跨地区增值电信业务经营许可的公示,2024-11-07,福州东佳佶投资咨询有限公司,B2-20195063,国内呼叫中心业务,福建,B2-(全网),https://tsm.miit.gov.cn/dxxzsp/help/noticeDetail.jsp?id=402,2024
工信部,注销公示,关于拟注销北京天鸿福商贸有限公司等 101家企业跨地区增值电信业务经营许可的公示,2024-11-07,深圳市优诚互联科技有限公司,B2-20195065,国内呼叫中心业务、信息服务业务（不含互联网信息服务）,广东,B2-(全网),https://tsm.miit.gov.cn/dxxzsp/help/noticeDetail.jsp?id=402,2024
工信部,注销公示,关于拟注销北京天鸿福商贸有限公司等 101家企业跨地区增值电信业务经营许可的公示,2024-11-07,晓润集团有限公司,B2-20195067,国内呼叫中心业务、信息服务业务（不含互联网信息服务）,未知,B2-(全网),https://tsm.miit.gov.cn/dxxzsp/help/noticeDetail.jsp?id=402,2024
工信部,注销公示,关于拟注销北京天鸿福商贸有限公司等 101家企业跨地区增值电信业务经营许可的公示,2024-11-07,北京行知兰台文化传播有限公司,B2-20195118,国内呼叫中心业务,北京,B2-(全网),https://tsm.miit.gov.cn/dxxzsp/help/noticeDetail.jsp?id=402,2024
工信部,注销公示,关于拟注销北京天鸿福商贸有限公司等 101家企业跨地区增值电信业务经营许可的公示,2024-11-07,杭州虹炫网络科技有限公司,B1.B2-20195119,国内互联网虚拟专用网业务、国内呼叫中心业务,浙江,混合-(全网),https://tsm.miit.gov.cn/dxxzsp/help/noticeDetail.jsp?id=402,2024
工信部,注销公示,关于拟注销北京天鸿福商贸有限公司等 101家企业跨地区增值电信业务经营许可的公示,2024-11-07,北京泰美通信服务股份有限公司,B2-20195125,国内呼叫中心业务,北京,B2-(全网),https://tsm.miit.gov.cn/dxxzsp/help/noticeDetail.jsp?id=402,2024
工信部,注销公示,关于拟注销北京天鸿福商贸有限公司等 101家企业跨地区增值电信业务经营许可的公示,2024-11-07,大连华讯投资股份有限公司,B2-20195131,国内呼叫中心业务,辽宁,B2-(全网),https://tsm.miit.gov.cn/dxxzsp/help/noticeDetail.jsp?id=402,2024
工信部,注销公示,关于拟注销北京天鸿福商贸有限公司等 101家企业跨地区增值电信业务经营许可的公示,2024-11-07,上海小持智能科技有限公司,B2-20195133,国内呼叫中心业务,上海,B2-(全网),https://tsm.miit.gov.cn/dxxzsp/help/noticeDetail.jsp?id=402,2024
工信部,注销公示,关于拟注销北京天鸿福商贸有限公司等 101家企业跨地区增值电信业务经营许可的公示,2024-11-07,北京福禧文化传播股份有限公司,B2-20195134,国内呼叫中心业务,北京,B2-(全网),https://tsm.miit.gov.cn/dxxzsp/help/noticeDetail.jsp?id=402,2024
工信部,注销公示,关于拟注销北京天鸿福商贸有限公司等 101家企业跨地区增值电信业务经营许可的公示,2024-11-07,北京科瑞源咨询有限公司,B2-20195136,国内呼叫中心业务,北京,B2-(全网),https://tsm.miit.gov.cn/dxxzsp/help/noticeDetail.jsp?id=402,2024
工信部,注销公示,关于拟注销北京天鸿福商贸有限公司等 101家企业跨地区增值电信业务经营许可的公示,2024-11-07,上海汇正财经顾问有限公司,B2-20195138,国内呼叫中心业务,上海,B2-(全网),https://tsm.miit.gov.cn/dxxzsp/help/noticeDetail.jsp?id=402,2024
工信部,注销公示,关于拟注销北京天鸿福商贸有限公司等 101家企业跨地区增值电信业务经营许可的公示,2024-11-07,江西省天图信息技术咨询有限公司,B2-20195145,国内呼叫中心业务、信息服务业务（不含互联网信息服务）,江西,B2-(全网),https://tsm.miit.gov.cn/dxxzsp/help/noticeDetail.jsp?id=402,2024
工信部,注销公示,关于拟注销北京天鸿福商贸有限公司等 101家企业跨地区增值电信业务经营许可的公示,2024-11-07,江西澳德讯信息技术有限公司,B2-20195147,国内呼叫中心业务,江西,B2-(全网),https://tsm.miit.gov.cn/dxxzsp/help/noticeDetail.jsp?id=402,2024
工信部,注销公示,关于拟注销北京天鸿福商贸有限公司等 101家企业跨地区增值电信业务经营许可的公示,2024-11-07,河南欧桥信息技术有限公司,B2-20195148,国内呼叫中心业务,河南,B2-(全网),https://tsm.miit.gov.cn/dxxzsp/help/noticeDetail.jsp?id=402,2024
工信部,注销公示,关于拟注销北京天鸿福商贸有限公司等 101家企业跨地区增值电信业务经营许可的公示,2024-11-07,湖北星州信息科技有限公司,B2-20195153,国内呼叫中心业务,湖北,B2-(全网),https://tsm.miit.gov.cn/dxxzsp/help/noticeDetail.jsp?id=402,2024
工信部,注销公示,关于拟注销北京天鸿福商贸有限公司等 101家企业跨地区增值电信业务经营许可的公示,2024-11-07,泉州瑞锐网络科技有限公司,B2-20195157,国内呼叫中心业务、信息服务业务（不含互联网信息服务）,未知,B2-(全网),https://tsm.miit.gov.cn/dxxzsp/help/noticeDetail.jsp?id=402,2024
工信部,注销公示,关于拟注销北京天鸿福商贸有限公司等 101家企业跨地区增值电信业务经营许可的公示,2024-11-07,西安众网互联网科技有限公司,B2-20195158,国内呼叫中心业务、信息服务业务（不含互联网信息服务）,陕西,B2-(全网),https://tsm.miit.gov.cn/dxxzsp/help/noticeDetail.jsp?id=402,2024
工信部,新发证名单,《中华人民共和国增值电信业务经营许可证》发放名单-(2024)第32批,2024-10-11,石家庄迦禄信息科技有限公司,B2-20243012,国内呼叫中心业务,未知,B2-(全网),https://tsm.miit.gov.cn/dxxzsp/help/noticeDetail.jsp?id=393,2024
工信部,新发证名单,《中华人民共和国增值电信业务经营许可证》发放名单-(2024)第32批,2024-10-11,浙江优尔蓝信息科技有限公司,合字B2-20240475,国内呼叫中心业务,浙江,B2-(全网),https://tsm.miit.gov.cn/dxxzsp/help/noticeDetail.jsp?id=393,2024
工信部,新发证名单,《中华人民共和国增值电信业务经营许可证》发放名单-(2024)第32批,2024-10-11,山东天权星信息科技有限公司,B2-20200655,国内呼叫中心业务,山东,B2-(全网),https://tsm.miit.gov.cn/dxxzsp/help/noticeDetail.jsp?id=393,2024
工信部,新发证名单,《中华人民共和国增值电信业务经营许可证》发放名单-(2024)第32批,2024-10-11,深圳市融关信息咨询有限公司,B2-20220897,国内呼叫中心业务,广东,B2-(全网),https://tsm.miit.gov.cn/dxxzsp/help/noticeDetail.jsp?id=393,2024
工信部,新发证名单,《中华人民共和国增值电信业务经营许可证》发放名单-(2024)第33批,2024-10-16,天津信日家居科技有限公司,B2-20243096,国内呼叫中心业务,天津,B2-(全网),https://tsm.miit.gov.cn/dxxzsp/help/noticeDetail.jsp?id=395,2024
工信部,新发证名单,《中华人民共和国增值电信业务经营许可证》发放名单-(2024)第33批,2024-10-16,苏州聚财庭网络科技有限公司,B2-20243097,国内呼叫中心业务,江苏,B2-(全网),https://tsm.miit.gov.cn/dxxzsp/help/noticeDetail.jsp?id=395,2024
工信部,新发证名单,《中华人民共和国增值电信业务经营许可证》发放名单-(2024)第33批,2024-10-16,上海羽叮科技有限公司,B2-20243098,国内呼叫中心业务,上海,B2-(全网),https://tsm.miit.gov.cn/dxxzsp/help/noticeDetail.jsp?id=395,2024
工信部,新发证名单,《中华人民共和国增值电信业务经营许可证》发放名单-(2024)第33批,2024-10-16,华为云计算技术有限公司,B1.B2-20200593,国内呼叫中心业务,未知,混合-(全网),https://tsm.miit.gov.cn/dxxzsp/help/noticeDetail.jsp?id=395,2024
工信部,新发证名单,《中华人民共和国增值电信业务经营许可证》发放名单-(2024)第30批,2024-09-23,河北筋斗云电信服务有限公司,B2-20242857,国内呼叫中心业务,河北,B2-(全网),https://tsm.miit.gov.cn/dxxzsp/help/noticeDetail.jsp?id=389,2024
工信部,新发证名单,《中华人民共和国增值电信业务经营许可证》发放名单-(2024)第30批,2024-09-23,中通建设股份有限公司,B1.B2-20242858,互联网数据中心业务互联网接入服务业务国内呼叫中心业务,未知,混合-(全网),https://tsm.miit.gov.cn/dxxzsp/help/noticeDetail.jsp?id=389,2024
工信部,新发证名单,《中华人民共和国增值电信业务经营许可证》发放名单-(2024)第30批,2024-09-23,深圳市皇宝通信服务有限公司,B2-20242859,国内呼叫中心业务,广东,B2-(全网),https://tsm.miit.gov.cn/dxxzsp/help/noticeDetail.jsp?id=389,2024
工信部,新发证名单,《中华人民共和国增值电信业务经营许可证》发放名单-(2024)第30批,2024-09-23,蚂蚁区块链科技（上海）有限公司,合字B2-20240450,国内呼叫中心业务,上海,B2-(全网),https://tsm.miit.gov.cn/dxxzsp/help/noticeDetail.jsp?id=389,2024
工信部,新发证名单,《中华人民共和国增值电信业务经营许可证》发放名单-(2024)第30批,2024-09-23,深圳易宝软件有限公司,合字B2-20240451,国内呼叫中心业务,广东,B2-(全网),https://tsm.miit.gov.cn/dxxzsp/help/noticeDetail.jsp?id=389,2024
工信部,新发证名单,《中华人民共和国增值电信业务经营许可证》发放名单-(2024)第30批,2024-09-23,银盛通信有限公司,A1.B2-20100061,国内呼叫中心业务,未知,其他,https://tsm.miit.gov.cn/dxxzsp/help/noticeDetail.jsp?id=389,2024
工信部,新发证名单,《中华人民共和国增值电信业务经营许可证》发放名单-(2024)第30批,2024-09-23,深圳市中蓝云科技有限公司,B2-20192282,国内呼叫中心业务,广东,B2-(全网),https://tsm.miit.gov.cn/dxxzsp/help/noticeDetail.jsp?id=389,2024
工信部,新发证名单,《中华人民共和国增值电信业务经营许可证》发放名单-(2024)第30批,2024-09-23,深圳市亚努斯信用咨询有限公司,B2-20210385,国内呼叫中心业务,广东,B2-(全网),https://tsm.miit.gov.cn/dxxzsp/help/noticeDetail.jsp?id=389,2024
工信部,新发证名单,《中华人民共和国增值电信业务经营许可证》发放名单-(2024)第30批,2024-09-23,北京江海互联科技有限公司,B2-20232958,国内呼叫中心业务,北京,B2-(全网),https://tsm.miit.gov.cn/dxxzsp/help/noticeDetail.jsp?id=389,2024
工信部,新发证名单,《中华人民共和国增值电信业务经营许可证》发放名单-(2024)第30批,2024-09-23,南京坤金网络科技有限公司,B1.B2-20241208,国内呼叫中心业务,江苏,混合-(全网),https://tsm.miit.gov.cn/dxxzsp/help/noticeDetail.jsp?id=389,2024
工信部,新发证名单,《中华人民共和国增值电信业务经营许可证》发放名单-(2024)第35批,2024-10-28,南通捷信智镁信息科技有限公司,合字B2-20240501,国内呼叫中心业务,江苏,B2-(全网),https://tsm.miit.gov.cn/dxxzsp/help/noticeDetail.jsp?id=398,2024
工信部,注销公示,关于拟注销福建闵酷划在线通信科技有限公司等 186家企业跨地区增值电信业务经营许可的公示,2024-09-25,北京讯众通信技术股份有限公司,B1.B2-20090483,（1）注销：互联网数据中心业务（2）继续经营：国内多方通信服务业务、国内呼叫中心业务、信息服务业务（不含互联网信息服务）,北京,混合-(全网),https://tsm.miit.gov.cn/dxxzsp/help/noticeDetail.jsp?id=390,2024
工信部,注销公示,关于拟注销福建闵酷划在线通信科技有限公司等 186家企业跨地区增值电信业务经营许可的公示,2024-09-25,安徽期奇信息科技有限公司,B2-20195000,国内呼叫中心业务、信息服务业务（不含互联网信息服务）,安徽,B2-(全网),https://tsm.miit.gov.cn/dxxzsp/help/noticeDetail.jsp?id=390,2024
工信部,注销公示,关于拟注销福建闵酷划在线通信科技有限公司等 186家企业跨地区增值电信业务经营许可的公示,2024-09-25,山东赢联互通大数据科技有限公司,B2-20195001,国内呼叫中心业务、信息服务业务（不含互联网信息服务）,山东,B2-(全网),https://tsm.miit.gov.cn/dxxzsp/help/noticeDetail.jsp?id=390,2024
工信部,注销公示,关于拟注销福建闵酷划在线通信科技有限公司等 186家企业跨地区增值电信业务经营许可的公示,2024-09-25,北京亿些智慧电力科技发展有限责任公司,B2-20195016,国内呼叫中心业务、信息服务业务（不含互联网信息服务）,北京,B2-(全网),https://tsm.miit.gov.cn/dxxzsp/help/noticeDetail.jsp?id=390,2024
工信部,注销公示,关于拟注销福建闵酷划在线通信科技有限公司等 186家企业跨地区增值电信业务经营许可的公示,2024-09-25,湖北百旺金赋科技有限公司,B2-20195070,国内呼叫中心业务,湖北,B2-(全网),https://tsm.miit.gov.cn/dxxzsp/help/noticeDetail.jsp?id=390,2024
工信部,注销公示,关于拟注销福建闵酷划在线通信科技有限公司等 186家企业跨地区增值电信业务经营许可的公示,2024-09-25,北京云翼科技有限公司,B2-20195072,国内呼叫中心业务,北京,B2-(全网),https://tsm.miit.gov.cn/dxxzsp/help/noticeDetail.jsp?id=390,2024
工信部,注销公示,关于拟注销福建闵酷划在线通信科技有限公司等 186家企业跨地区增值电信业务经营许可的公示,2024-09-25,乌兰察布中服英才企业管理服务有限公司,B2-20195075,国内呼叫中心业务,未知,B2-(全网),https://tsm.miit.gov.cn/dxxzsp/help/noticeDetail.jsp?id=390,2024
工信部,注销公示,关于拟注销福建闵酷划在线通信科技有限公司等 186家企业跨地区增值电信业务经营许可的公示,2024-09-25,无锡市众帮帮企业管理咨询有限公司,B2-20195076,国内呼叫中心业务,江苏,B2-(全网),https://tsm.miit.gov.cn/dxxzsp/help/noticeDetail.jsp?id=390,2024
工信部,注销公示,关于拟注销福建闵酷划在线通信科技有限公司等 186家企业跨地区增值电信业务经营许可的公示,2024-09-25,新疆卓越丰锦商务咨询有限公司,B2-20195077,国内呼叫中心业务,新疆,B2-(全网),https://tsm.miit.gov.cn/dxxzsp/help/noticeDetail.jsp?id=390,2024
工信部,注销公示,关于拟注销福建闵酷划在线通信科技有限公司等 186家企业跨地区增值电信业务经营许可的公示,2024-09-25,深圳市博翌金融网络科技有限公司,B2-20195079,国内呼叫中心业务,广东,B2-(全网),https://tsm.miit.gov.cn/dxxzsp/help/noticeDetail.jsp?id=390,2024
工信部,注销公示,关于拟注销福建闵酷划在线通信科技有限公司等 186家企业跨地区增值电信业务经营许可的公示,2024-09-25,湖北中汇融信数据科技有限公司,B2-20195081,国内呼叫中心业务,湖北,B2-(全网),https://tsm.miit.gov.cn/dxxzsp/help/noticeDetail.jsp?id=390,2024
工信部,注销公示,关于拟注销福建闵酷划在线通信科技有限公司等 186家企业跨地区增值电信业务经营许可的公示,2024-09-25,陕西久盛信息技术有限公司,B2-20195085,国内呼叫中心业务,陕西,B2-(全网),https://tsm.miit.gov.cn/dxxzsp/help/noticeDetail.jsp?id=390,2024
工信部,注销公示,关于拟注销福建闵酷划在线通信科技有限公司等 186家企业跨地区增值电信业务经营许可的公示,2024-09-25,安徽省申祥锦山信息科技有限公司,B2-20195086,国内呼叫中心业务,安徽,B2-(全网),https://tsm.miit.gov.cn/dxxzsp/help/noticeDetail.jsp?id=390,2024
工信部,注销公示,关于拟注销福建闵酷划在线通信科技有限公司等 186家企业跨地区增值电信业务经营许可的公示,2024-09-25,江苏乾领科技发展有限公司,B2-20195087,国内呼叫中心业务,江苏,B2-(全网),https://tsm.miit.gov.cn/dxxzsp/help/noticeDetail.jsp?id=390,2024
工信部,注销公示,关于拟注销福建闵酷划在线通信科技有限公司等 186家企业跨地区增值电信业务经营许可的公示,2024-09-25,山东浩森企业管理咨询有限公司,B2-20195089,国内呼叫中心业务,山东,B2-(全网),https://tsm.miit.gov.cn/dxxzsp/help/noticeDetail.jsp?id=390,2024
工信部,注销公示,关于拟注销福建闵酷划在线通信科技有限公司等 186家企业跨地区增值电信业务经营许可的公示,2024-09-25,郑州最惠航空票务服务有限公司,B2-20195092,国内呼叫中心业务,河南,B2-(全网),https://tsm.miit.gov.cn/dxxzsp/help/noticeDetail.jsp?id=390,2024
工信部,注销公示,关于拟注销福建闵酷划在线通信科技有限公司等 186家企业跨地区增值电信业务经营许可的公示,2024-09-25,天津礼有品电子商务有限公司,B2-20195094,国内呼叫中心业务,天津,B2-(全网),https://tsm.miit.gov.cn/dxxzsp/help/noticeDetail.jsp?id=390,2024
工信部,注销公示,关于拟注销福建闵酷划在线通信科技有限公司等 186家企业跨地区增值电信业务经营许可的公示,2024-09-25,北京易旺荣达科技有限公司,B2-20195095,国内呼叫中心业务,北京,B2-(全网),https://tsm.miit.gov.cn/dxxzsp/help/noticeDetail.jsp?id=390,2024
工信部,注销公示,关于拟注销福建闵酷划在线通信科技有限公司等 186家企业跨地区增值电信业务经营许可的公示,2024-09-25,智惠信息咨询（北京）有限公司,B2-20195097,国内呼叫中心业务,北京,B2-(全网),https://tsm.miit.gov.cn/dxxzsp/help/noticeDetail.jsp?id=390,2024
工信部,注销公示,关于拟注销福建闵酷划在线通信科技有限公司等 186家企业跨地区增值电信业务经营许可的公示,2024-09-25,广州豪秋商贸有限公司,B2-20195098,国内呼叫中心业务,广东,B2-(全网),https://tsm.miit.gov.cn/dxxzsp/help/noticeDetail.jsp?id=390,2024
工信部,注销公示,关于拟注销福建闵酷划在线通信科技有限公司等 186家企业跨地区增值电信业务经营许可的公示,2024-09-25,青岛元山文化传播有限公司,B2-20195105,国内呼叫中心业务,山东,B2-(全网),https://tsm.miit.gov.cn/dxxzsp/help/noticeDetail.jsp?id=390,2024
工信部,注销公示,关于拟注销福建闵酷划在线通信科技有限公司等 186家企业跨地区增值电信业务经营许可的公示,2024-09-25,西安吉田信息技术有限公司,B2-20195106,国内呼叫中心业务,陕西,B2-(全网),https://tsm.miit.gov.cn/dxxzsp/help/noticeDetail.jsp?id=390,2024
工信部,注销公示,关于拟注销福建闵酷划在线通信科技有限公司等 186家企业跨地区增值电信业务经营许可的公示,2024-09-25,湖南铭宗企业管理咨询服务有限公司,B2-20195108,国内呼叫中心业务,湖南,B2-(全网),https://tsm.miit.gov.cn/dxxzsp/help/noticeDetail.jsp?id=390,2024
工信部,注销公示,关于拟注销福建闵酷划在线通信科技有限公司等 186家企业跨地区增值电信业务经营许可的公示,2024-09-25,西安杰森电子科技有限公司,B2-20195111,国内呼叫中心业务,陕西,B2-(全网),https://tsm.miit.gov.cn/dxxzsp/help/noticeDetail.jsp?id=390,2024
工信部,注销公示,关于拟注销福建闵酷划在线通信科技有限公司等 186家企业跨地区增值电信业务经营许可的公示,2024-09-25,无锡恒晟企业管理咨询有限公司,B2-20195116,国内呼叫中心业务,江苏,B2-(全网),https://tsm.miit.gov.cn/dxxzsp/help/noticeDetail.jsp?id=390,2024
工信部,注销公示,关于拟注销北京掌讯通科技有限公司等 130家企业跨地区增值电信业务经营许可的公示,2024-10-22,福州海能达通信技术有限公司,B2-20150085,国内呼叫中心业务、信息服务业务（不含互联网信息服务）,福建,B2-(全网),https://tsm.miit.gov.cn/dxxzsp/help/noticeDetail.jsp?id=396,2024
工信部,注销公示,关于拟注销广州移娱信息科技有限公司等 146家企业跨地区增值电信业务经营许可的公示,2024-11-20,湖北互达科技有限公司,B2-20195625,国内呼叫中心业务、信息服务业务（不含互联网信息服务）,湖北,B2-(全网),https://tsm.miit.gov.cn/dxxzsp/help/noticeDetail.jsp?id=404,2024
工信部,注销公示,关于拟注销广州移娱信息科技有限公司等 146家企业跨地区增值电信业务经营许可的公示,2024-11-20,扬州秒萌网络科技有限公司,B2-20195627,国内呼叫中心业务、信息服务业务（不含互联网信息服务）,未知,B2-(全网),https://tsm.miit.gov.cn/dxxzsp/help/noticeDetail.jsp?id=404,2024
工信部,注销公示,关于拟注销广州移娱信息科技有限公司等 146家企业跨地区增值电信业务经营许可的公示,2024-11-20,大禹（安徽）数字科技有限公司,B2-20195628,国内呼叫中心业务、信息服务业务（不含互联网信息服务）,安徽,B2-(全网),https://tsm.miit.gov.cn/dxxzsp/help/noticeDetail.jsp?id=404,2024
工信部,注销公示,关于拟注销广州移娱信息科技有限公司等 146家企业跨地区增值电信业务经营许可的公示,2024-11-20,四川达易通信息技术有限公司,B1.B2-20195630,互联网数据中心业务、国内呼叫中心业务、信息服务业务（不含互联网信息服务）,四川,混合-(全网),https://tsm.miit.gov.cn/dxxzsp/help/noticeDetail.jsp?id=404,2024
工信部,注销公示,关于拟注销广州移娱信息科技有限公司等 146家企业跨地区增值电信业务经营许可的公示,2024-11-20,杭州众好科技有限公司,B2-20195635,国内呼叫中心业务、信息服务业务（不含互联网信息服务）,浙江,B2-(全网),https://tsm.miit.gov.cn/dxxzsp/help/noticeDetail.jsp?id=404,2024
工信部,注销公示,关于拟注销广州移娱信息科技有限公司等 146家企业跨地区增值电信业务经营许可的公示,2024-11-20,河北国创计算机信息技术服务有限公司,B2-20195638,国内呼叫中心业务、信息服务业务（不含互联网信息服务）,河北,B2-(全网),https://tsm.miit.gov.cn/dxxzsp/help/noticeDetail.jsp?id=404,2024
工信部,注销公示,关于拟注销广州移娱信息科技有限公司等 146家企业跨地区增值电信业务经营许可的公示,2024-11-20,江苏今浪信息技术有限公司,B1.B2-20195639,固定网国内数据传送业务、互联网数据中心业务、内容分发网络业务、国内互联网虚拟专用网业务、互联网接入服务业务、国内呼叫中心业务、信息服务业务（不含互联网信息服务）,江苏,混合-(全网),https://tsm.miit.gov.cn/dxxzsp/help/noticeDetail.jsp?id=404,2024
工信部,注销公示,关于拟注销广州移娱信息科技有限公司等 146家企业跨地区增值电信业务经营许可的公示,2024-11-20,陕西扬帆商务信息咨询有限公司,B2-20195640,国内呼叫中心业务,陕西,B2-(全网),https://tsm.miit.gov.cn/dxxzsp/help/noticeDetail.jsp?id=404,2024
工信部,注销公示,关于拟注销广州移娱信息科技有限公司等 146家企业跨地区增值电信业务经营许可的公示,2024-11-20,克拉玛依市福讯通商贸有限公司,B2-20195641,国内呼叫中心业务,未知,B2-(全网),https://tsm.miit.gov.cn/dxxzsp/help/noticeDetail.jsp?id=404,2024
工信部,注销公示,关于拟注销广州移娱信息科技有限公司等 146家企业跨地区增值电信业务经营许可的公示,2024-11-20,山东崧蓝科技有限公司,B2-20195642,国内呼叫中心业务,山东,B2-(全网),https://tsm.miit.gov.cn/dxxzsp/help/noticeDetail.jsp?id=404,2024
工信部,注销公示,关于拟注销广州移娱信息科技有限公司等 146家企业跨地区增值电信业务经营许可的公示,2024-11-20,乐山金慧融智科技有限公司,B2-20195646,国内呼叫中心业务,未知,B2-(全网),https://tsm.miit.gov.cn/dxxzsp/help/noticeDetail.jsp?id=404,2024
工信部,注销公示,关于拟注销广州移娱信息科技有限公司等 146家企业跨地区增值电信业务经营许可的公示,2024-11-20,泰州春燕讯飞信息科技有限公司,B2-20195650,国内呼叫中心业务,未知,B2-(全网),https://tsm.miit.gov.cn/dxxzsp/help/noticeDetail.jsp?id=404,2024
工信部,注销公示,关于拟注销广州移娱信息科技有限公司等 146家企业跨地区增值电信业务经营许可的公示,2024-11-20,合肥兴藏泰和艺术品文化发展有限公司,B2-20195651,国内呼叫中心业务,安徽,B2-(全网),https://tsm.miit.gov.cn/dxxzsp/help/noticeDetail.jsp?id=404,2024
工信部,注销公示,关于拟注销广州移娱信息科技有限公司等 146家企业跨地区增值电信业务经营许可的公示,2024-11-20,福建安银信息技术服务有限公司,B2-20195652,国内呼叫中心业务,福建,B2-(全网),https://tsm.miit.gov.cn/dxxzsp/help/noticeDetail.jsp?id=404,2024
工信部,注销公示,关于拟注销广州移娱信息科技有限公司等 146家企业跨地区增值电信业务经营许可的公示,2024-11-20,重庆麦积企业服务集团有限公司,B2-20195654,国内呼叫中心业务,重庆,B2-(全网),https://tsm.miit.gov.cn/dxxzsp/help/noticeDetail.jsp?id=404,2024
工信部,注销公示,关于拟注销广州移娱信息科技有限公司等 146家企业跨地区增值电信业务经营许可的公示,2024-11-20,四川乐易网企业管理有限公司,B2-20195656,国内呼叫中心业务,四川,B2-(全网),https://tsm.miit.gov.cn/dxxzsp/help/noticeDetail.jsp?id=404,2024
工信部,注销公示,关于拟注销广州移娱信息科技有限公司等 146家企业跨地区增值电信业务经营许可的公示,2024-11-20,和企云网络技术（重庆）有限公司,B2-20195657,国内呼叫中心业务,重庆,B2-(全网),https://tsm.miit.gov.cn/dxxzsp/help/noticeDetail.jsp?id=404,2024
工信部,注销公示,关于拟注销广州移娱信息科技有限公司等 146家企业跨地区增值电信业务经营许可的公示,2024-11-20,慧研智投科技有限公司,B2-20195659,国内呼叫中心业务,未知,B2-(全网),https://tsm.miit.gov.cn/dxxzsp/help/noticeDetail.jsp?id=404,2024
工信部,注销公示,关于拟注销广州移娱信息科技有限公司等 146家企业跨地区增值电信业务经营许可的公示,2024-11-20,恒禾嘉美（北京）科技服务有限公司,B2-20195661,国内呼叫中心业务,北京,B2-(全网),https://tsm.miit.gov.cn/dxxzsp/help/noticeDetail.jsp?id=404,2024
工信部,注销公示,关于拟注销广州移娱信息科技有限公司等 146家企业跨地区增值电信业务经营许可的公示,2024-11-20,厦门有吖科技有限公司,B2-20195663,国内呼叫中心业务,福建,B2-(全网),https://tsm.miit.gov.cn/dxxzsp/help/noticeDetail.jsp?id=404,2024
工信部,注销公示,关于拟注销广州移娱信息科技有限公司等 146家企业跨地区增值电信业务经营许可的公示,2024-11-20,福建德惠天下网络科技有限公司,B2-20195664,国内呼叫中心业务,福建,B2-(全网),https://tsm.miit.gov.cn/dxxzsp/help/noticeDetail.jsp?id=404,2024
工信部,注销公示,关于拟注销广州移娱信息科技有限公司等 146家企业跨地区增值电信业务经营许可的公示,2024-11-20,辽宁汉莫尼信息技术有限公司,B2-20195669,国内呼叫中心业务,辽宁,B2-(全网),https://tsm.miit.gov.cn/dxxzsp/help/noticeDetail.jsp?id=404,2024
工信部,注销公示,关于拟注销广州移娱信息科技有限公司等 146家企业跨地区增值电信业务经营许可的公示,2024-11-20,贵州恩颖邦科技有限公司,B2-20195671,国内呼叫中心业务,贵州,B2-(全网),https://tsm.miit.gov.cn/dxxzsp/help/noticeDetail.jsp?id=404,2024
工信部,注销公示,关于拟注销广州移娱信息科技有限公司等 146家企业跨地区增值电信业务经营许可的公示,2024-11-20,郑州时空隧道信息技术有限公司,B2-20195678,国内呼叫中心业务,河南,B2-(全网),https://tsm.miit.gov.cn/dxxzsp/help/noticeDetail.jsp?id=404,2024
工信部,新发证名单,《中华人民共和国增值电信业务经营许可证》发放名单-(2024)第29批,2024-09-13,北京车易网科技有限公司,B2-20242767,国内呼叫中心业务,北京,B2-(全网),https://tsm.miit.gov.cn/dxxzsp/help/noticeDetail.jsp?id=387,2024
工信部,新发证名单,《中华人民共和国增值电信业务经营许可证》发放名单-(2024)第29批,2024-09-13,北京英泰立辰信息技术有限公司,B2-20242768,国内呼叫中心业务,北京,B2-(全网),https://tsm.miit.gov.cn/dxxzsp/help/noticeDetail.jsp?id=387,2024
工信部,新发证名单,《中华人民共和国增值电信业务经营许可证》发放名单-(2024)第29批,2024-09-13,普强信息技术（北京）有限公司,合字B2-20240438,国内呼叫中心业务信息服务业务（不含互联网信息服务）,北京,B2-(全网),https://tsm.miit.gov.cn/dxxzsp/help/noticeDetail.jsp?id=387,2024
工信部,新发证名单,《中华人民共和国增值电信业务经营许可证》发放名单-(2024)第29批,2024-09-13,北京创世漫道科技有限公司,B2-20120048,国内呼叫中心业务,北京,B2-(全网),https://tsm.miit.gov.cn/dxxzsp/help/noticeDetail.jsp?id=387,2024
工信部,新发证名单,《中华人民共和国增值电信业务经营许可证》发放名单-(2024)第28批,2024-09-05,北京梧桐木管理咨询有限公司,B2-20242694,国内呼叫中心业务,北京,B2-(全网),https://tsm.miit.gov.cn/dxxzsp/help/noticeDetail.jsp?id=386,2024
工信部,新发证名单,《中华人民共和国增值电信业务经营许可证》发放名单-(2024)第28批,2024-09-05,青岛海云端商贸有限公司,B2-20242695,国内呼叫中心业务,山东,B2-(全网),https://tsm.miit.gov.cn/dxxzsp/help/noticeDetail.jsp?id=386,2024
工信部,新发证名单,《中华人民共和国增值电信业务经营许可证》发放名单-(2024)第28批,2024-09-05,哈尔滨元盛和企业管理咨询有限公司,B2-20242696,国内呼叫中心业务,黑龙江,B2-(全网),https://tsm.miit.gov.cn/dxxzsp/help/noticeDetail.jsp?id=386,2024
工信部,新发证名单,《中华人民共和国增值电信业务经营许可证》发放名单-(2024)第28批,2024-09-05,广东直通在线服务有限公司,B1.B2-20242697,互联网接入服务业务国内呼叫中心业务,广东,混合-(全网),https://tsm.miit.gov.cn/dxxzsp/help/noticeDetail.jsp?id=386,2024
工信部,新发证名单,《中华人民共和国增值电信业务经营许可证》发放名单-(2024)第27批,2024-08-29,北京职瑞人力资源有限公司,B2-20242616,国内呼叫中心业务,北京,B2-(全网),https://tsm.miit.gov.cn/dxxzsp/help/noticeDetail.jsp?id=382,2024
工信部,新发证名单,《中华人民共和国增值电信业务经营许可证》发放名单-(2024)第27批,2024-08-29,北京好还科技有限公司,B2-20242617,国内呼叫中心业务,北京,B2-(全网),https://tsm.miit.gov.cn/dxxzsp/help/noticeDetail.jsp?id=382,2024
工信部,新发证名单,《中华人民共和国增值电信业务经营许可证》发放名单-(2024)第27批,2024-08-29,楚商数字科技股份有限公司,B2-20242618,国内呼叫中心业务,未知,B2-(全网),https://tsm.miit.gov.cn/dxxzsp/help/noticeDetail.jsp?id=382,2024
工信部,新发证名单,《中华人民共和国增值电信业务经营许可证》发放名单-(2024)第27批,2024-08-29,西安铁程网络技术有限公司,B2-20210815,国内呼叫中心业务,陕西,B2-(全网),https://tsm.miit.gov.cn/dxxzsp/help/noticeDetail.jsp?id=382,2024
工信部,新发证名单,《中华人民共和国增值电信业务经营许可证》发放名单-(2024)第27批,2024-08-29,南京弘竹泰信息技术有限公司,B1.B2-20221189,国内呼叫中心业务,江苏,混合-(全网),https://tsm.miit.gov.cn/dxxzsp/help/noticeDetail.jsp?id=382,2024
工信部,新发证名单,《中华人民共和国增值电信业务经营许可证》发放名单-(2024)第27批,2024-08-29,杭州话机世界通信技术有限公司,A1.B2-20222351,国内呼叫中心业务,浙江,其他,https://tsm.miit.gov.cn/dxxzsp/help/noticeDetail.jsp?id=382,2024
工信部,新发证名单,《中华人民共和国增值电信业务经营许可证》发放名单-(2024)第27批,2024-08-29,深圳市酷爱实业有限公司,B2-20230366,国内呼叫中心业务,广东,B2-(全网),https://tsm.miit.gov.cn/dxxzsp/help/noticeDetail.jsp?id=382,2024
工信部,新发证名单,《中华人民共和国增值电信业务经营许可证》发放名单-(2024)第31批,2024-09-30,益普索（中国）咨询有限公司,合字B2-20240468,国内呼叫中心业务,未知,B2-(全网),https://tsm.miit.gov.cn/dxxzsp/help/noticeDetail.jsp?id=391,2024
工信部,新发证名单,《中华人民共和国增值电信业务经营许可证》发放名单-(2024)第31批,2024-09-30,河北睿银金融服务外包有限公司,B2-20222612,国内呼叫中心业务,河北,B2-(全网),https://tsm.miit.gov.cn/dxxzsp/help/noticeDetail.jsp?id=391,2024
工信部,新发证名单,《中华人民共和国增值电信业务经营许可证》发放名单-(2024)第31批,2024-09-30,陕西银邦商务咨询有限公司,B2-20240558,国内呼叫中心业务,陕西,B2-(全网),https://tsm.miit.gov.cn/dxxzsp/help/noticeDetail.jsp?id=391,2024
工信部,新发证名单,《中华人民共和国增值电信业务经营许可证》发放名单-(2024)第26批,2024-08-22,安徽麒麟万向大数据科技有限公司,B2-20242527,国内呼叫中心业务,安徽,B2-(全网),https://tsm.miit.gov.cn/dxxzsp/help/noticeDetail.jsp?id=379,2024
工信部,新发证名单,《中华人民共和国增值电信业务经营许可证》发放名单-(2024)第26批,2024-08-22,浙江峻唯通信科技有限公司,B2-20242528,国内呼叫中心业务,浙江,B2-(全网),https://tsm.miit.gov.cn/dxxzsp/help/noticeDetail.jsp?id=379,2024
工信部,新发证名单,《中华人民共和国增值电信业务经营许可证》发放名单-(2024)第26批,2024-08-22,杭州含光通信科技有限责任公司,B2-20242529,国内呼叫中心业务,浙江,B2-(全网),https://tsm.miit.gov.cn/dxxzsp/help/noticeDetail.jsp?id=379,2024
工信部,新发证名单,《中华人民共和国增值电信业务经营许可证》发放名单-(2024)第26批,2024-08-22,广州市辉贵科技有限公司,B2-20242530,国内呼叫中心业务,广东,B2-(全网),https://tsm.miit.gov.cn/dxxzsp/help/noticeDetail.jsp?id=379,2024
工信部,新发证名单,《中华人民共和国增值电信业务经营许可证》发放名单-(2024)第26批,2024-08-22,天福诺网络科技有限公司,B2-20193139,国内呼叫中心业务,未知,B2-(全网),https://tsm.miit.gov.cn/dxxzsp/help/noticeDetail.jsp?id=379,2024
工信部,新发证名单,《中华人民共和国增值电信业务经营许可证》发放名单-(2024)第26批,2024-08-22,上海富泷科技有限公司,B2-20214943,国内呼叫中心业务,上海,B2-(全网),https://tsm.miit.gov.cn/dxxzsp/help/noticeDetail.jsp?id=379,2024
工信部,新发证名单,《中华人民共和国增值电信业务经营许可证》发放名单-(2024)第26批,2024-08-22,陕西粤秀秦网络科技有限公司,B2-20242181,国内呼叫中心业务,陕西,B2-(全网),https://tsm.miit.gov.cn/dxxzsp/help/noticeDetail.jsp?id=379,2024
工信部,注销公示,关于拟注销北京博维思通科技有限公司等 150家企业跨地区增值电信业务经营许可的公示,2024-08-23,大同普云大数据有限公司,B1.B2-20193705,固定网国内数据传送业务、互联网数据中心业务、内容分发网络业务、国内互联网虚拟专用网业务、互联网接入服务业务、国内多方通信服务业务、存储转发类业务、国内呼叫中心业务,未知,混合-(全网),https://tsm.miit.gov.cn/dxxzsp/help/noticeDetail.jsp?id=381,2024
工信部,注销公示,关于拟注销北京博维思通科技有限公司等 150家企业跨地区增值电信业务经营许可的公示,2024-08-23,深圳市山海互联科技有限公司,B2-20193732,国内呼叫中心业务、信息服务业务（不含互联网信息服务）,广东,B2-(全网),https://tsm.miit.gov.cn/dxxzsp/help/noticeDetail.jsp?id=381,2024
工信部,注销公示,关于拟注销北京博维思通科技有限公司等 150家企业跨地区增值电信业务经营许可的公示,2024-08-23,湛江荣升通信技术有限公司,B1.B2-20193734,国内互联网虚拟专用网业务、国内呼叫中心业务、信息服务业务（不含互联网信息服务）,未知,混合-(全网),https://tsm.miit.gov.cn/dxxzsp/help/noticeDetail.jsp?id=381,2024
工信部,注销公示,关于拟注销北京博维思通科技有限公司等 150家企业跨地区增值电信业务经营许可的公示,2024-08-23,北京中恒信通科技有限公司,B2-20193738,国内呼叫中心业务、信息服务业务（不含互联网信息服务）,北京,B2-(全网),https://tsm.miit.gov.cn/dxxzsp/help/noticeDetail.jsp?id=381,2024
工信部,注销公示,关于拟注销北京博维思通科技有限公司等 150家企业跨地区增值电信业务经营许可的公示,2024-08-23,哈尔滨逐光通信技术有限公司,B2-20193740,国内呼叫中心业务、信息服务业务（不含互联网信息服务）,黑龙江,B2-(全网),https://tsm.miit.gov.cn/dxxzsp/help/noticeDetail.jsp?id=381,2024
工信部,注销公示,关于拟注销北京博维思通科技有限公司等 150家企业跨地区增值电信业务经营许可的公示,2024-08-23,陕西全源贯信息科技有限公司,B2-20193742,国内呼叫中心业务、信息服务业务（不含互联网信息服务）,陕西,B2-(全网),https://tsm.miit.gov.cn/dxxzsp/help/noticeDetail.jsp?id=381,2024
工信部,注销公示,关于拟注销北京博维思通科技有限公司等 150家企业跨地区增值电信业务经营许可的公示,2024-08-23,上海莎资科技有限公司,B2-20193743,国内呼叫中心业务、信息服务业务（不含互联网信息服务）,上海,B2-(全网),https://tsm.miit.gov.cn/dxxzsp/help/noticeDetail.jsp?id=381,2024
工信部,注销公示,关于拟注销北京博维思通科技有限公司等 150家企业跨地区增值电信业务经营许可的公示,2024-08-23,北京丰仁科技有限公司,B2-20193745,国内呼叫中心业务、信息服务业务（不含互联网信息服务）,北京,B2-(全网),https://tsm.miit.gov.cn/dxxzsp/help/noticeDetail.jsp?id=381,2024
工信部,注销公示,关于拟注销北京博维思通科技有限公司等 150家企业跨地区增值电信业务经营许可的公示,2024-08-23,江苏新发现信息科技有限公司,B2-20193756,国内呼叫中心业务、信息服务业务（不含互联网信息服务）,江苏,B2-(全网),https://tsm.miit.gov.cn/dxxzsp/help/noticeDetail.jsp?id=381,2024
工信部,注销公示,关于拟注销北京博维思通科技有限公司等 150家企业跨地区增值电信业务经营许可的公示,2024-08-23,河北京京建筑装饰工程有限公司,B2-20193766,国内呼叫中心业务、信息服务业务（不含互联网信息服务）,北京,B2-(全网),https://tsm.miit.gov.cn/dxxzsp/help/noticeDetail.jsp?id=381,2024
工信部,注销公示,关于拟注销北京博维思通科技有限公司等 150家企业跨地区增值电信业务经营许可的公示,2024-08-23,深圳市醇美科技有限公司,B2-20193769,国内呼叫中心业务、信息服务业务（不含互联网信息服务）,广东,B2-(全网),https://tsm.miit.gov.cn/dxxzsp/help/noticeDetail.jsp?id=381,2024
工信部,注销公示,关于拟注销北京博维思通科技有限公司等 150家企业跨地区增值电信业务经营许可的公示,2024-08-23,南昌东奥信息技术有限公司,B2-20193771,国内呼叫中心业务、信息服务业务（不含互联网信息服务）,未知,B2-(全网),https://tsm.miit.gov.cn/dxxzsp/help/noticeDetail.jsp?id=381,2024
工信部,注销公示,关于拟注销北京博维思通科技有限公司等 150家企业跨地区增值电信业务经营许可的公示,2024-08-23,广州天之蓝信息科技有限公司,B2-20193773,国内呼叫中心业务、信息服务业务（不含互联网信息服务）,广东,B2-(全网),https://tsm.miit.gov.cn/dxxzsp/help/noticeDetail.jsp?id=381,2024
工信部,注销公示,关于拟注销北京博维思通科技有限公司等 150家企业跨地区增值电信业务经营许可的公示,2024-08-23,东莞宝千信息科技有限公司,B2-20193774,国内呼叫中心业务、信息服务业务（不含互联网信息服务）,广东,B2-(全网),https://tsm.miit.gov.cn/dxxzsp/help/noticeDetail.jsp?id=381,2024
工信部,注销公示,关于拟注销北京博维思通科技有限公司等 150家企业跨地区增值电信业务经营许可的公示,2024-08-23,安徽新创悦信息科技有限公司,B2-20193775,国内呼叫中心业务、信息服务业务（不含互联网信息服务）,安徽,B2-(全网),https://tsm.miit.gov.cn/dxxzsp/help/noticeDetail.jsp?id=381,2024
工信部,注销公示,关于拟注销北京博维思通科技有限公司等 150家企业跨地区增值电信业务经营许可的公示,2024-08-23,深圳市法本通信技术有限公司,B2-20193776,国内多方通信服务业务、国内呼叫中心业务、信息服务业务（不含互联网信息服务）,广东,B2-(全网),https://tsm.miit.gov.cn/dxxzsp/help/noticeDetail.jsp?id=381,2024
工信部,注销公示,关于拟注销北京博维思通科技有限公司等 150家企业跨地区增值电信业务经营许可的公示,2024-08-23,福建省兴逸泽信息科技有限公司,B2-20193780,国内呼叫中心业务、信息服务业务（不含互联网信息服务）,福建,B2-(全网),https://tsm.miit.gov.cn/dxxzsp/help/noticeDetail.jsp?id=381,2024
工信部,注销公示,关于拟注销北京博维思通科技有限公司等 150家企业跨地区增值电信业务经营许可的公示,2024-08-23,北京必成互动科技有限公司,B1.B2-20193782,互联网数据中心业务、内容分发网络业务、国内互联网虚拟专用网业务、互联网接入服务业务、国内多方通信服务业务、国内呼叫中心业务、信息服务业务（不含互联网信息服务）,北京,混合-(全网),https://tsm.miit.gov.cn/dxxzsp/help/noticeDetail.jsp?id=381,2024
工信部,注销公示,关于拟注销北京博维思通科技有限公司等 150家企业跨地区增值电信业务经营许可的公示,2024-08-23,广州力网数据技术有限公司,B2-20193784,国内呼叫中心业务、信息服务业务（不含互联网信息服务）,广东,B2-(全网),https://tsm.miit.gov.cn/dxxzsp/help/noticeDetail.jsp?id=381,2024
工信部,注销公示,关于拟注销北京博维思通科技有限公司等 150家企业跨地区增值电信业务经营许可的公示,2024-08-23,天津企动科技有限公司,B2-20193794,国内呼叫中心业务、信息服务业务（不含互联网信息服务）,天津,B2-(全网),https://tsm.miit.gov.cn/dxxzsp/help/noticeDetail.jsp?id=381,2024
工信部,注销公示,关于拟注销北京博维思通科技有限公司等 150家企业跨地区增值电信业务经营许可的公示,2024-08-23,杭州圣炎科技有限公司,B2-20193795,国内呼叫中心业务、信息服务业务（不含互联网信息服务）,浙江,B2-(全网),https://tsm.miit.gov.cn/dxxzsp/help/noticeDetail.jsp?id=381,2024
工信部,注销公示,关于拟注销北京博维思通科技有限公司等 150家企业跨地区增值电信业务经营许可的公示,2024-08-23,深圳方擎信息技术有限公司,B2-20193800,国内呼叫中心业务、信息服务业务（不含互联网信息服务）,广东,B2-(全网),https://tsm.miit.gov.cn/dxxzsp/help/noticeDetail.jsp?id=381,2024
工信部,注销公示,关于拟注销北京博维思通科技有限公司等 150家企业跨地区增值电信业务经营许可的公示,2024-08-23,杭州未卯科技有限公司,B2-20193808,国内呼叫中心业务、信息服务业务（不含互联网信息服务）,浙江,B2-(全网),https://tsm.miit.gov.cn/dxxzsp/help/noticeDetail.jsp?id=381,2024
工信部,注销公示,关于拟注销北京博维思通科技有限公司等 150家企业跨地区增值电信业务经营许可的公示,2024-08-23,安徽富泰信息科技有限公司,B2-20193812,国内呼叫中心业务、信息服务业务（不含互联网信息服务）,安徽,B2-(全网),https://tsm.miit.gov.cn/dxxzsp/help/noticeDetail.jsp?id=381,2024
工信部,注销公示,关于拟注销北京博维思通科技有限公司等 150家企业跨地区增值电信业务经营许可的公示,2024-08-23,山东鸿利信息技术有限公司,B2-20193821,国内呼叫中心业务,山东,B2-(全网),https://tsm.miit.gov.cn/dxxzsp/help/noticeDetail.jsp?id=381,2024
工信部,注销公示,关于拟注销北京博维思通科技有限公司等 150家企业跨地区增值电信业务经营许可的公示,2024-08-23,安徽资信汽车服务有限公司,B2-20193822,国内呼叫中心业务,安徽,B2-(全网),https://tsm.miit.gov.cn/dxxzsp/help/noticeDetail.jsp?id=381,2024
工信部,注销公示,关于拟注销北京博维思通科技有限公司等 150家企业跨地区增值电信业务经营许可的公示,2024-08-23,西安天际金融外包服务有限公司,B2-20193827,国内呼叫中心业务,陕西,B2-(全网),https://tsm.miit.gov.cn/dxxzsp/help/noticeDetail.jsp?id=381,2024
工信部,注销公示,关于拟注销北京博维思通科技有限公司等 150家企业跨地区增值电信业务经营许可的公示,2024-08-23,桐庐通泽物流有限公司,B2-20193829,国内呼叫中心业务,未知,B2-(全网),https://tsm.miit.gov.cn/dxxzsp/help/noticeDetail.jsp?id=381,2024
工信部,注销公示,关于拟注销北京博维思通科技有限公司等 150家企业跨地区增值电信业务经营许可的公示,2024-08-23,杭州元声象素科技有限公司,B2-20193830,国内呼叫中心业务、信息服务业务（不含互联网信息服务）,浙江,B2-(全网),https://tsm.miit.gov.cn/dxxzsp/help/noticeDetail.jsp?id=381,2024
工信部,注销公示,关于拟注销北京博维思通科技有限公司等 150家企业跨地区增值电信业务经营许可的公示,2024-08-23,宁夏铁发人力资源服务有限公司,B2-20193831,国内呼叫中心业务,宁夏,B2-(全网),https://tsm.miit.gov.cn/dxxzsp/help/noticeDetail.jsp?id=381,2024
工信部,注销公示,关于拟注销北京博维思通科技有限公司等 150家企业跨地区增值电信业务经营许可的公示,2024-08-23,广州大鹏信息科技有限公司,B1.B2-20193839,互联网数据中心业务、国内呼叫中心业务,广东,混合-(全网),https://tsm.miit.gov.cn/dxxzsp/help/noticeDetail.jsp?id=381,2024
工信部,注销公示,关于拟注销北京博维思通科技有限公司等 150家企业跨地区增值电信业务经营许可的公示,2024-08-23,浙江灏欧信息科技有限公司,B2-20193840,国内呼叫中心业务、信息服务业务（不含互联网信息服务）,浙江,B2-(全网),https://tsm.miit.gov.cn/dxxzsp/help/noticeDetail.jsp?id=381,2024
工信部,注销公示,关于拟注销北京博维思通科技有限公司等 150家企业跨地区增值电信业务经营许可的公示,2024-08-23,江西画荻教育科技有限公司,B2-20193841,国内呼叫中心业务,江西,B2-(全网),https://tsm.miit.gov.cn/dxxzsp/help/noticeDetail.jsp?id=381,2024
工信部,注销公示,关于拟注销北京博维思通科技有限公司等 150家企业跨地区增值电信业务经营许可的公示,2024-08-23,无锡惠众嘉贸易有限公司,B2-20193843,国内呼叫中心业务,江苏,B2-(全网),https://tsm.miit.gov.cn/dxxzsp/help/noticeDetail.jsp?id=381,2024
工信部,注销公示,关于拟注销北京博维思通科技有限公司等 150家企业跨地区增值电信业务经营许可的公示,2024-08-23,重庆快翼融企业管理咨询有限公司,B2-20193844,国内呼叫中心业务,重庆,B2-(全网),https://tsm.miit.gov.cn/dxxzsp/help/noticeDetail.jsp?id=381,2024
工信部,注销公示,关于拟注销北京博维思通科技有限公司等 150家企业跨地区增值电信业务经营许可的公示,2024-08-23,福建省友信网络科技有限公司,B2-20193845,国内呼叫中心业务,福建,B2-(全网),https://tsm.miit.gov.cn/dxxzsp/help/noticeDetail.jsp?id=381,2024
工信部,注销公示,关于拟注销北京博维思通科技有限公司等 150家企业跨地区增值电信业务经营许可的公示,2024-08-23,江苏杰东通信科技有限公司,B2-20193846,国内呼叫中心业务,江苏,B2-(全网),https://tsm.miit.gov.cn/dxxzsp/help/noticeDetail.jsp?id=381,2024
工信部,注销公示,关于拟注销北京博维思通科技有限公司等 150家企业跨地区增值电信业务经营许可的公示,2024-08-23,北京云油天下科技有限公司,B2-20193866,国内呼叫中心业务,北京,B2-(全网),https://tsm.miit.gov.cn/dxxzsp/help/noticeDetail.jsp?id=381,2024
工信部,注销公示,关于拟注销北京博维思通科技有限公司等 150家企业跨地区增值电信业务经营许可的公示,2024-08-23,萍乡唯渡金融服务外包有限公司,B2-20193867,国内呼叫中心业务、信息服务业务（不含互联网信息服务）,未知,B2-(全网),https://tsm.miit.gov.cn/dxxzsp/help/noticeDetail.jsp?id=381,2024
工信部,注销公示,关于拟注销北京博维思通科技有限公司等 150家企业跨地区增值电信业务经营许可的公示,2024-08-23,绵阳易捷普惠信息技术服务有限公司,B2-20193868,国内呼叫中心业务,未知,B2-(全网),https://tsm.miit.gov.cn/dxxzsp/help/noticeDetail.jsp?id=381,2024
工信部,注销公示,关于拟注销北京博维思通科技有限公司等 150家企业跨地区增值电信业务经营许可的公示,2024-08-23,重庆后汉科技有限公司,B2-20193870,国内呼叫中心业务,重庆,B2-(全网),https://tsm.miit.gov.cn/dxxzsp/help/noticeDetail.jsp?id=381,2024
工信部,注销公示,关于拟注销北京博维思通科技有限公司等 150家企业跨地区增值电信业务经营许可的公示,2024-08-23,东莞市全民富信息科技有限公司,B2-20193873,国内呼叫中心业务,广东,B2-(全网),https://tsm.miit.gov.cn/dxxzsp/help/noticeDetail.jsp?id=381,2024
工信部,注销公示,关于拟注销北京博维思通科技有限公司等 150家企业跨地区增值电信业务经营许可的公示,2024-08-23,北京匠心艺品文化艺术有限公司,B2-20193876,国内呼叫中心业务,北京,B2-(全网),https://tsm.miit.gov.cn/dxxzsp/help/noticeDetail.jsp?id=381,2024
工信部,注销公示,关于拟注销北京博维思通科技有限公司等 150家企业跨地区增值电信业务经营许可的公示,2024-08-23,北京顺奇网科信息技术有限公司,B2-20193879,国内呼叫中心业务、信息服务业务（不含互联网信息服务）,北京,B2-(全网),https://tsm.miit.gov.cn/dxxzsp/help/noticeDetail.jsp?id=381,2024
工信部,注销公示,关于拟注销北京博维思通科技有限公司等 150家企业跨地区增值电信业务经营许可的公示,2024-08-23,辽宁沃锐达人力资源有限公司,B2-20193884,国内呼叫中心业务,辽宁,B2-(全网),https://tsm.miit.gov.cn/dxxzsp/help/noticeDetail.jsp?id=381,2024
工信部,注销公示,关于拟注销北京博维思通科技有限公司等 150家企业跨地区增值电信业务经营许可的公示,2024-08-23,江西惠卖贸易有限公司,B2-20193885,国内呼叫中心业务,江西,B2-(全网),https://tsm.miit.gov.cn/dxxzsp/help/noticeDetail.jsp?id=381,2024
工信部,注销公示,关于拟注销北京博维思通科技有限公司等 150家企业跨地区增值电信业务经营许可的公示,2024-08-23,保定信矿商务服务有限公司,B2-20193892,国内呼叫中心业务,未知,B2-(全网),https://tsm.miit.gov.cn/dxxzsp/help/noticeDetail.jsp?id=381,2024
工信部,注销公示,关于拟注销北京博维思通科技有限公司等 150家企业跨地区增值电信业务经营许可的公示,2024-08-23,深圳市信创通讯发展有限公司,B2-20193893,国内呼叫中心业务,广东,B2-(全网),https://tsm.miit.gov.cn/dxxzsp/help/noticeDetail.jsp?id=381,2024
工信部,注销公示,关于拟注销北京博维思通科技有限公司等 150家企业跨地区增值电信业务经营许可的公示,2024-08-23,苏州哇喔传媒科技有限公司,B2-20193895,国内呼叫中心业务,江苏,B2-(全网),https://tsm.miit.gov.cn/dxxzsp/help/noticeDetail.jsp?id=381,2024
工信部,注销公示,关于拟注销北京博维思通科技有限公司等 150家企业跨地区增值电信业务经营许可的公示,2024-08-23,成都龙宇通信工程有限公司,B2-20193900,国内呼叫中心业务,四川,B2-(全网),https://tsm.miit.gov.cn/dxxzsp/help/noticeDetail.jsp?id=381,2024
工信部,注销公示,关于拟注销北京博维思通科技有限公司等 150家企业跨地区增值电信业务经营许可的公示,2024-08-23,北京赛恩斯营销策划有限公司,B2-20193901,国内呼叫中心业务,北京,B2-(全网),https://tsm.miit.gov.cn/dxxzsp/help/noticeDetail.jsp?id=381,2024
工信部,注销公示,关于拟注销深圳市优品投资顾问有限公司等 208家企业跨地区增值电信业务经营许可的公示,2024-09-02,深圳市优品投资顾问有限公司,B2-20090149,国内呼叫中心业务、信息服务业务（不含互联网信息服务）,广东,B2-(全网),https://tsm.miit.gov.cn/dxxzsp/help/noticeDetail.jsp?id=384,2024
工信部,注销公示,关于拟注销深圳市优品投资顾问有限公司等 208家企业跨地区增值电信业务经营许可的公示,2024-09-02,杭州远传新业科技股份有限公司,B2-20140415,国内呼叫中心业务、信息服务业务（不含互联网信息服务）,浙江,B2-(全网),https://tsm.miit.gov.cn/dxxzsp/help/noticeDetail.jsp?id=384,2024
工信部,注销公示,关于拟注销深圳市优品投资顾问有限公司等 208家企业跨地区增值电信业务经营许可的公示,2024-09-02,北京中汇快网科技有限公司,B1.B2-20194009,固定网国内数据传送业务、国内互联网虚拟专用网业务、互联网接入服务业务、国内呼叫中心业务、信息服务业务（不含互联网信息服务）,北京,混合-(全网),https://tsm.miit.gov.cn/dxxzsp/help/noticeDetail.jsp?id=384,2024
工信部,注销公示,关于拟注销深圳市优品投资顾问有限公司等 208家企业跨地区增值电信业务经营许可的公示,2024-09-02,北京亚威创盛科技有限公司,B2-20194022,国内多方通信服务业务、国内呼叫中心业务、信息服务业务（不含互联网信息服务）,北京,B2-(全网),https://tsm.miit.gov.cn/dxxzsp/help/noticeDetail.jsp?id=384,2024
工信部,注销公示,关于拟注销深圳市优品投资顾问有限公司等 208家企业跨地区增值电信业务经营许可的公示,2024-09-02,北京信通千里科技有限公司,B2-20194023,国内呼叫中心业务、信息服务业务（不含互联网信息服务）,北京,B2-(全网),https://tsm.miit.gov.cn/dxxzsp/help/noticeDetail.jsp?id=384,2024
工信部,注销公示,关于拟注销深圳市优品投资顾问有限公司等 208家企业跨地区增值电信业务经营许可的公示,2024-09-02,广东华欣云科信息科技有限公司,B2-20194024,国内呼叫中心业务、信息服务业务（不含互联网信息服务）,广东,B2-(全网),https://tsm.miit.gov.cn/dxxzsp/help/noticeDetail.jsp?id=384,2024
工信部,注销公示,关于拟注销深圳市优品投资顾问有限公司等 208家企业跨地区增值电信业务经营许可的公示,2024-09-02,中电福富信息科技有限公司,B1.B2-20194030,互联网数据中心业务、内容分发网络业务、互联网接入服务业务、国内呼叫中心业务、信息服务业务（不含互联网信息服务）,未知,混合-(全网),https://tsm.miit.gov.cn/dxxzsp/help/noticeDetail.jsp?id=384,2024
工信部,注销公示,关于拟注销深圳市优品投资顾问有限公司等 208家企业跨地区增值电信业务经营许可的公示,2024-09-02,成都微派科技有限公司,B2-20194031,国内呼叫中心业务、信息服务业务（不含互联网信息服务）,四川,B2-(全网),https://tsm.miit.gov.cn/dxxzsp/help/noticeDetail.jsp?id=384,2024
工信部,注销公示,关于拟注销深圳市优品投资顾问有限公司等 208家企业跨地区增值电信业务经营许可的公示,2024-09-02,南京博凯正通网络科技有限公司,B2-20194034,国内呼叫中心业务、信息服务业务（不含互联网信息服务）,江苏,B2-(全网),https://tsm.miit.gov.cn/dxxzsp/help/noticeDetail.jsp?id=384,2024
工信部,注销公示,关于拟注销深圳市优品投资顾问有限公司等 208家企业跨地区增值电信业务经营许可的公示,2024-09-02,杭州思际科技有限公司,B2-20194035,国内呼叫中心业务、信息服务业务（不含互联网信息服务）,浙江,B2-(全网),https://tsm.miit.gov.cn/dxxzsp/help/noticeDetail.jsp?id=384,2024
工信部,注销公示,关于拟注销深圳市优品投资顾问有限公司等 208家企业跨地区增值电信业务经营许可的公示,2024-09-02,广州云联讯通信息科技有限公司,B2-20194037,国内呼叫中心业务、信息服务业务（不含互联网信息服务）,广东,B2-(全网),https://tsm.miit.gov.cn/dxxzsp/help/noticeDetail.jsp?id=384,2024
工信部,注销公示,关于拟注销深圳市优品投资顾问有限公司等 208家企业跨地区增值电信业务经营许可的公示,2024-09-02,北京中卡慧智数码科技有限公司,B2-20194044,国内呼叫中心业务、信息服务业务（不含互联网信息服务）,北京,B2-(全网),https://tsm.miit.gov.cn/dxxzsp/help/noticeDetail.jsp?id=384,2024
工信部,注销公示,关于拟注销深圳市优品投资顾问有限公司等 208家企业跨地区增值电信业务经营许可的公示,2024-09-02,北京联信云科技有限公司,B2-20194051,国内呼叫中心业务、信息服务业务（不含互联网信息服务）,北京,B2-(全网),https://tsm.miit.gov.cn/dxxzsp/help/noticeDetail.jsp?id=384,2024
工信部,注销公示,关于拟注销深圳市优品投资顾问有限公司等 208家企业跨地区增值电信业务经营许可的公示,2024-09-02,北京普利康姆信息技术有限责任公司,B2-20194055,国内呼叫中心业务,北京,B2-(全网),https://tsm.miit.gov.cn/dxxzsp/help/noticeDetail.jsp?id=384,2024
工信部,注销公示,关于拟注销深圳市优品投资顾问有限公司等 208家企业跨地区增值电信业务经营许可的公示,2024-09-02,内蒙古携银数据有限公司,B2-20194056,国内呼叫中心业务,内蒙古,B2-(全网),https://tsm.miit.gov.cn/dxxzsp/help/noticeDetail.jsp?id=384,2024
工信部,注销公示,关于拟注销深圳市优品投资顾问有限公司等 208家企业跨地区增值电信业务经营许可的公示,2024-09-02,四川铁航信息技术有限公司,B2-20194057,国内呼叫中心业务,四川,B2-(全网),https://tsm.miit.gov.cn/dxxzsp/help/noticeDetail.jsp?id=384,2024
工信部,注销公示,关于拟注销深圳市优品投资顾问有限公司等 208家企业跨地区增值电信业务经营许可的公示,2024-09-02,泰然城电子商务有限公司,B2-20194059,国内呼叫中心业务,未知,B2-(全网),https://tsm.miit.gov.cn/dxxzsp/help/noticeDetail.jsp?id=384,2024
工信部,注销公示,关于拟注销深圳市优品投资顾问有限公司等 208家企业跨地区增值电信业务经营许可的公示,2024-09-02,亿人时代科技有限公司,B2-20194061,国内呼叫中心业务,未知,B2-(全网),https://tsm.miit.gov.cn/dxxzsp/help/noticeDetail.jsp?id=384,2024
工信部,注销公示,关于拟注销深圳市优品投资顾问有限公司等 208家企业跨地区增值电信业务经营许可的公示,2024-09-02,深圳市创盛泰电子商务有限公司,B2-20194062,国内呼叫中心业务,广东,B2-(全网),https://tsm.miit.gov.cn/dxxzsp/help/noticeDetail.jsp?id=384,2024
工信部,注销公示,关于拟注销深圳市优品投资顾问有限公司等 208家企业跨地区增值电信业务经营许可的公示,2024-09-02,福建易分达信息科技有限公司,B2-20194064,国内呼叫中心业务,福建,B2-(全网),https://tsm.miit.gov.cn/dxxzsp/help/noticeDetail.jsp?id=384,2024
工信部,注销公示,关于拟注销深圳市优品投资顾问有限公司等 208家企业跨地区增值电信业务经营许可的公示,2024-09-02,北京云享万家科技有限公司,B2-20194068,国内呼叫中心业务,北京,B2-(全网),https://tsm.miit.gov.cn/dxxzsp/help/noticeDetail.jsp?id=384,2024
工信部,注销公示,关于拟注销深圳市优品投资顾问有限公司等 208家企业跨地区增值电信业务经营许可的公示,2024-09-02,深圳市中鹏教育科技股份有限公司,B2-20194069,国内呼叫中心业务,广东,B2-(全网),https://tsm.miit.gov.cn/dxxzsp/help/noticeDetail.jsp?id=384,2024
工信部,注销公示,关于拟注销深圳市优品投资顾问有限公司等 208家企业跨地区增值电信业务经营许可的公示,2024-09-02,安融（天津）咨询服务有限公司,B2-20194077,国内呼叫中心业务,天津,B2-(全网),https://tsm.miit.gov.cn/dxxzsp/help/noticeDetail.jsp?id=384,2024
工信部,注销公示,关于拟注销深圳市优品投资顾问有限公司等 208家企业跨地区增值电信业务经营许可的公示,2024-09-02,中银服务外包（天津）有限公司,B2-20194084,国内呼叫中心业务,天津,B2-(全网),https://tsm.miit.gov.cn/dxxzsp/help/noticeDetail.jsp?id=384,2024
工信部,注销公示,关于拟注销深圳市优品投资顾问有限公司等 208家企业跨地区增值电信业务经营许可的公示,2024-09-02,探迹（广州）技术有限公司,B2-20194110,国内多方通信服务业务、国内呼叫中心业务、信息服务业务（不含互联网信息服务）,广东,B2-(全网),https://tsm.miit.gov.cn/dxxzsp/help/noticeDetail.jsp?id=384,2024
工信部,注销公示,关于拟注销深圳市优品投资顾问有限公司等 208家企业跨地区增值电信业务经营许可的公示,2024-09-02,北京自行科技有限公司,B1.B2-20194148,固定网国内数据传送业务、互联网数据中心业务、内容分发网络业务、国内互联网虚拟专用网业务、互联网接入服务业务、国内呼叫中心业务,北京,混合-(全网),https://tsm.miit.gov.cn/dxxzsp/help/noticeDetail.jsp?id=384,2024
工信部,注销公示,关于拟注销深圳市优品投资顾问有限公司等 208家企业跨地区增值电信业务经营许可的公示,2024-09-02,北京华帆远航科技有限公司,B2-20194151,国内多方通信服务业务、国内呼叫中心业务、信息服务业务（不含互联网信息服务）,北京,B2-(全网),https://tsm.miit.gov.cn/dxxzsp/help/noticeDetail.jsp?id=384,2024
工信部,注销公示,关于拟注销深圳市优品投资顾问有限公司等 208家企业跨地区增值电信业务经营许可的公示,2024-09-02,北京诚逸科技有限公司,B2-20194156,国内呼叫中心业务、信息服务业务（不含互联网信息服务）,北京,B2-(全网),https://tsm.miit.gov.cn/dxxzsp/help/noticeDetail.jsp?id=384,2024
工信部,注销公示,关于拟注销深圳市优品投资顾问有限公司等 208家企业跨地区增值电信业务经营许可的公示,2024-09-02,深圳市邦华文化科技有限公司,B2-20194161,国内呼叫中心业务、信息服务业务（不含互联网信息服务）,广东,B2-(全网),https://tsm.miit.gov.cn/dxxzsp/help/noticeDetail.jsp?id=384,2024
工信部,注销公示,关于拟注销深圳市优品投资顾问有限公司等 208家企业跨地区增值电信业务经营许可的公示,2024-09-02,北京乾玺瞳网络科技有限公司,B2-20194165,国内呼叫中心业务、信息服务业务（不含互联网信息服务）,北京,B2-(全网),https://tsm.miit.gov.cn/dxxzsp/help/noticeDetail.jsp?id=384,2024
工信部,注销公示,关于拟注销深圳市优品投资顾问有限公司等 208家企业跨地区增值电信业务经营许可的公示,2024-09-02,易信诚（北京）企业管理有限公司,B2-20194174,国内呼叫中心业务、信息服务业务（不含互联网信息服务）,北京,B2-(全网),https://tsm.miit.gov.cn/dxxzsp/help/noticeDetail.jsp?id=384,2024
工信部,注销公示,关于拟注销深圳市优品投资顾问有限公司等 208家企业跨地区增值电信业务经营许可的公示,2024-09-02,广州鼎天信息科技有限公司,B2-20194180,国内呼叫中心业务、信息服务业务（不含互联网信息服务）,广东,B2-(全网),https://tsm.miit.gov.cn/dxxzsp/help/noticeDetail.jsp?id=384,2024
工信部,注销公示,关于拟注销深圳市优品投资顾问有限公司等 208家企业跨地区增值电信业务经营许可的公示,2024-09-02,华信创世（北京）科技有限公司,B2-20194182,固定网国内数据传送业务、国内呼叫中心业务、信息服务业务（不含互联网信息服务）,北京,B2-(全网),https://tsm.miit.gov.cn/dxxzsp/help/noticeDetail.jsp?id=384,2024
工信部,注销公示,关于拟注销深圳市优品投资顾问有限公司等 208家企业跨地区增值电信业务经营许可的公示,2024-09-02,广州友迅网络科技有限公司,B2-20194184,国内呼叫中心业务、信息服务业务（不含互联网信息服务）,广东,B2-(全网),https://tsm.miit.gov.cn/dxxzsp/help/noticeDetail.jsp?id=384,2024
工信部,注销公示,关于拟注销深圳市优品投资顾问有限公司等 208家企业跨地区增值电信业务经营许可的公示,2024-09-02,深圳市德语馨科技有限公司,B2-20194190,国内呼叫中心业务、信息服务业务（不含互联网信息服务）,广东,B2-(全网),https://tsm.miit.gov.cn/dxxzsp/help/noticeDetail.jsp?id=384,2024
工信部,注销公示,关于拟注销深圳市优品投资顾问有限公司等 208家企业跨地区增值电信业务经营许可的公示,2024-09-02,济南店数帮扶创业科技有限公司,B2-20194199,国内呼叫中心业务,山东,B2-(全网),https://tsm.miit.gov.cn/dxxzsp/help/noticeDetail.jsp?id=384,2024
工信部,注销公示,关于拟注销深圳市优品投资顾问有限公司等 208家企业跨地区增值电信业务经营许可的公示,2024-09-02,广东亿卡付信息技术有限公司,B2-20194200,国内呼叫中心业务,广东,B2-(全网),https://tsm.miit.gov.cn/dxxzsp/help/noticeDetail.jsp?id=384,2024
工信部,注销公示,关于拟注销深圳市优品投资顾问有限公司等 208家企业跨地区增值电信业务经营许可的公示,2024-09-02,合肥银海人力资源管理咨询有限公司,B2-20194201,国内呼叫中心业务,安徽,B2-(全网),https://tsm.miit.gov.cn/dxxzsp/help/noticeDetail.jsp?id=384,2024
工信部,注销公示,关于拟注销深圳市优品投资顾问有限公司等 208家企业跨地区增值电信业务经营许可的公示,2024-09-02,必圈信息技术（湖北）有限公司,B2-20194202,国内呼叫中心业务,湖北,B2-(全网),https://tsm.miit.gov.cn/dxxzsp/help/noticeDetail.jsp?id=384,2024
工信部,注销公示,关于拟注销深圳市优品投资顾问有限公司等 208家企业跨地区增值电信业务经营许可的公示,2024-09-02,深圳卫盈智信科技有限公司,B2-20194207,国内呼叫中心业务,广东,B2-(全网),https://tsm.miit.gov.cn/dxxzsp/help/noticeDetail.jsp?id=384,2024
工信部,注销公示,关于拟注销深圳市优品投资顾问有限公司等 208家企业跨地区增值电信业务经营许可的公示,2024-09-02,深圳中电科城安科技有限公司,B2-20194218,国内呼叫中心业务,广东,B2-(全网),https://tsm.miit.gov.cn/dxxzsp/help/noticeDetail.jsp?id=384,2024
工信部,注销公示,关于拟注销深圳市优品投资顾问有限公司等 208家企业跨地区增值电信业务经营许可的公示,2024-09-02,深圳市盛世年华信息科技有限公司,B2-20194220,国内呼叫中心业务,广东,B2-(全网),https://tsm.miit.gov.cn/dxxzsp/help/noticeDetail.jsp?id=384,2024
工信部,注销公示,关于拟注销深圳市优品投资顾问有限公司等 208家企业跨地区增值电信业务经营许可的公示,2024-09-02,深圳奔奔互联经贸有限公司,B1.B2-20194274,互联网接入服务业务、国内呼叫中心业务、信息服务业务（不含互联网信息服务）,广东,混合-(全网),https://tsm.miit.gov.cn/dxxzsp/help/noticeDetail.jsp?id=384,2024
工信部,注销公示,关于拟注销深圳市优品投资顾问有限公司等 208家企业跨地区增值电信业务经营许可的公示,2024-09-02,山东新立克企业管理咨询有限公司,B1.B2-20194275,互联网数据中心业务、国内多方通信服务业务、国内呼叫中心业务、信息服务业务（不含互联网信息服务）,山东,混合-(全网),https://tsm.miit.gov.cn/dxxzsp/help/noticeDetail.jsp?id=384,2024
工信部,注销公示,关于拟注销深圳市优品投资顾问有限公司等 208家企业跨地区增值电信业务经营许可的公示,2024-09-02,杭州大乙科技有限公司,B2-20194278,国内多方通信服务业务、国内呼叫中心业务、信息服务业务（不含互联网信息服务）,浙江,B2-(全网),https://tsm.miit.gov.cn/dxxzsp/help/noticeDetail.jsp?id=384,2024
工信部,注销公示,关于拟注销深圳市优品投资顾问有限公司等 208家企业跨地区增值电信业务经营许可的公示,2024-09-02,邯郸市讯飞通达信息技术有限公司,B2-20194279,国内呼叫中心业务、信息服务业务（不含互联网信息服务）,未知,B2-(全网),https://tsm.miit.gov.cn/dxxzsp/help/noticeDetail.jsp?id=384,2024
工信部,注销公示,关于拟注销深圳市优品投资顾问有限公司等 208家企业跨地区增值电信业务经营许可的公示,2024-09-02,南京星牛科技有限公司,B2-20194288,国内呼叫中心业务、信息服务业务（不含互联网信息服务）,江苏,B2-(全网),https://tsm.miit.gov.cn/dxxzsp/help/noticeDetail.jsp?id=384,2024
工信部,注销公示,关于拟注销深圳市优品投资顾问有限公司等 208家企业跨地区增值电信业务经营许可的公示,2024-09-02,江苏启明网络科技有限公司,B2-20194294,国内呼叫中心业务、信息服务业务（不含互联网信息服务）,江苏,B2-(全网),https://tsm.miit.gov.cn/dxxzsp/help/noticeDetail.jsp?id=384,2024
工信部,注销公示,关于拟注销深圳市优品投资顾问有限公司等 208家企业跨地区增值电信业务经营许可的公示,2024-09-02,宁夏格律诗科技发展有限公司,B2-20194297,国内呼叫中心业务、信息服务业务（不含互联网信息服务）,宁夏,B2-(全网),https://tsm.miit.gov.cn/dxxzsp/help/noticeDetail.jsp?id=384,2024
工信部,注销公示,关于拟注销深圳市优品投资顾问有限公司等 208家企业跨地区增值电信业务经营许可的公示,2024-09-02,北京华泊科技有限公司,B2-20194302,国内呼叫中心业务、信息服务业务（不含互联网信息服务）,北京,B2-(全网),https://tsm.miit.gov.cn/dxxzsp/help/noticeDetail.jsp?id=384,2024
工信部,注销公示,关于拟注销深圳市优品投资顾问有限公司等 208家企业跨地区增值电信业务经营许可的公示,2024-09-02,陕西小象兴通金融外包服务有限公司,B2-20194305,国内呼叫中心业务,陕西,B2-(全网),https://tsm.miit.gov.cn/dxxzsp/help/noticeDetail.jsp?id=384,2024
工信部,注销公示,关于拟注销深圳市优品投资顾问有限公司等 208家企业跨地区增值电信业务经营许可的公示,2024-09-02,陕西聚盈盛世网络科技集团有限公司,B2-20194308,国内呼叫中心业务,陕西,B2-(全网),https://tsm.miit.gov.cn/dxxzsp/help/noticeDetail.jsp?id=384,2024
工信部,注销公示,关于拟注销深圳市优品投资顾问有限公司等 208家企业跨地区增值电信业务经营许可的公示,2024-09-02,杭州银汇达财务信息咨询有限公司,B2-20194311,国内呼叫中心业务,浙江,B2-(全网),https://tsm.miit.gov.cn/dxxzsp/help/noticeDetail.jsp?id=384,2024
工信部,注销公示,关于拟注销深圳市优品投资顾问有限公司等 208家企业跨地区增值电信业务经营许可的公示,2024-09-02,沈阳安汇智商贸有限责任公司,B2-20194314,国内呼叫中心业务,辽宁,B2-(全网),https://tsm.miit.gov.cn/dxxzsp/help/noticeDetail.jsp?id=384,2024
工信部,注销公示,关于拟注销深圳市优品投资顾问有限公司等 208家企业跨地区增值电信业务经营许可的公示,2024-09-02,云南滇约出行科技有限公司,B2-20194316,国内呼叫中心业务,云南,B2-(全网),https://tsm.miit.gov.cn/dxxzsp/help/noticeDetail.jsp?id=384,2024
工信部,注销公示,关于拟注销深圳市优品投资顾问有限公司等 208家企业跨地区增值电信业务经营许可的公示,2024-09-02,上海博义网络科技有限公司,B2-20194320,国内呼叫中心业务,上海,B2-(全网),https://tsm.miit.gov.cn/dxxzsp/help/noticeDetail.jsp?id=384,2024
工信部,注销公示,关于拟注销深圳市优品投资顾问有限公司等 208家企业跨地区增值电信业务经营许可的公示,2024-09-02,西安平头哥商业运营有限公司,B2-20194321,国内呼叫中心业务,陕西,B2-(全网),https://tsm.miit.gov.cn/dxxzsp/help/noticeDetail.jsp?id=384,2024
工信部,注销公示,关于拟注销深圳市优品投资顾问有限公司等 208家企业跨地区增值电信业务经营许可的公示,2024-09-02,万盛达(深圳)投资控股有限公司,B2-20194322,国内呼叫中心业务,广东,B2-(全网),https://tsm.miit.gov.cn/dxxzsp/help/noticeDetail.jsp?id=384,2024
工信部,注销公示,关于拟注销深圳市优品投资顾问有限公司等 208家企业跨地区增值电信业务经营许可的公示,2024-09-02,江苏信卓网络科技有限公司,B2-20194383,国内呼叫中心业务、信息服务业务（不含互联网信息服务）,江苏,B2-(全网),https://tsm.miit.gov.cn/dxxzsp/help/noticeDetail.jsp?id=384,2024
工信部,注销公示,关于拟注销深圳市优品投资顾问有限公司等 208家企业跨地区增值电信业务经营许可的公示,2024-09-02,天津佳成鑫科技有限公司,B2-20194385,国内呼叫中心业务、信息服务业务（不含互联网信息服务）,天津,B2-(全网),https://tsm.miit.gov.cn/dxxzsp/help/noticeDetail.jsp?id=384,2024
工信部,注销公示,关于拟注销深圳市优品投资顾问有限公司等 208家企业跨地区增值电信业务经营许可的公示,2024-09-02,广州星禾信息科技有限公司,B2-20194391,国内多方通信服务业务、国内呼叫中心业务、信息服务业务（不含互联网信息服务）,广东,B2-(全网),https://tsm.miit.gov.cn/dxxzsp/help/noticeDetail.jsp?id=384,2024
工信部,注销公示,关于拟注销深圳市优品投资顾问有限公司等 208家企业跨地区增值电信业务经营许可的公示,2024-09-02,北京马可智道国际营销咨询有限公司,B2-20194396,国内呼叫中心业务,北京,B2-(全网),https://tsm.miit.gov.cn/dxxzsp/help/noticeDetail.jsp?id=384,2024
工信部,注销公示,关于拟注销深圳市优品投资顾问有限公司等 208家企业跨地区增值电信业务经营许可的公示,2024-09-02,四川众恒创科技有限公司,B2-20194401,国内呼叫中心业务,四川,B2-(全网),https://tsm.miit.gov.cn/dxxzsp/help/noticeDetail.jsp?id=384,2024
工信部,注销公示,关于拟注销深圳市优品投资顾问有限公司等 208家企业跨地区增值电信业务经营许可的公示,2024-09-02,北京智合大方科技有限公司,B2-20194402,国内多方通信服务业务、国内呼叫中心业务,北京,B2-(全网),https://tsm.miit.gov.cn/dxxzsp/help/noticeDetail.jsp?id=384,2024
工信部,注销公示,关于拟注销深圳市优品投资顾问有限公司等 208家企业跨地区增值电信业务经营许可的公示,2024-09-02,网经科技（苏州）有限公司,B2-20194404,国内呼叫中心业务,江苏,B2-(全网),https://tsm.miit.gov.cn/dxxzsp/help/noticeDetail.jsp?id=384,2024
工信部,注销公示,关于拟注销深圳市优品投资顾问有限公司等 208家企业跨地区增值电信业务经营许可的公示,2024-09-02,北京钧韬企业管理有限公司,B2-20194406,国内呼叫中心业务,北京,B2-(全网),https://tsm.miit.gov.cn/dxxzsp/help/noticeDetail.jsp?id=384,2024
工信部,注销公示,关于拟注销深圳市优品投资顾问有限公司等 208家企业跨地区增值电信业务经营许可的公示,2024-09-02,苏州京东工品汇信息科技有限公司,B2-20194407,国内呼叫中心业务,江苏,B2-(全网),https://tsm.miit.gov.cn/dxxzsp/help/noticeDetail.jsp?id=384,2024
工信部,注销公示,关于拟注销深圳市优品投资顾问有限公司等 208家企业跨地区增值电信业务经营许可的公示,2024-09-02,安徽云略信息技术有限公司,B2-20194408,国内呼叫中心业务,安徽,B2-(全网),https://tsm.miit.gov.cn/dxxzsp/help/noticeDetail.jsp?id=384,2024
工信部,注销公示,关于拟注销深圳市优品投资顾问有限公司等 208家企业跨地区增值电信业务经营许可的公示,2024-09-02,北京易通信博信息技术有限公司,B2-20194410,国内呼叫中心业务、信息服务业务（不含互联网信息服务）,北京,B2-(全网),https://tsm.miit.gov.cn/dxxzsp/help/noticeDetail.jsp?id=384,2024
工信部,注销公示,关于拟注销深圳市优品投资顾问有限公司等 208家企业跨地区增值电信业务经营许可的公示,2024-09-02,四川顺势汇付信息技术有限公司,B2-20194411,国内呼叫中心业务,四川,B2-(全网),https://tsm.miit.gov.cn/dxxzsp/help/noticeDetail.jsp?id=384,2024
工信部,注销公示,关于拟注销深圳市优品投资顾问有限公司等 208家企业跨地区增值电信业务经营许可的公示,2024-09-02,陕西智音网络信息服务有限公司,B2-20194414,国内呼叫中心业务,陕西,B2-(全网),https://tsm.miit.gov.cn/dxxzsp/help/noticeDetail.jsp?id=384,2024
工信部,新发证名单,《中华人民共和国增值电信业务经营许可证》发放名单-(2024)第25批,2024-08-13,上海迈睿数智营销服务有限公司,合字B2-20240390,国内呼叫中心业务,上海,B2-(全网),https://tsm.miit.gov.cn/dxxzsp/help/noticeDetail.jsp?id=377,2024
工信部,新发证名单,《中华人民共和国增值电信业务经营许可证》发放名单-(2024)第25批,2024-08-13,贵州艾比利通信发展有限公司,B1.B2-20200957,国内呼叫中心业务,贵州,混合-(全网),https://tsm.miit.gov.cn/dxxzsp/help/noticeDetail.jsp?id=377,2024
工信部,注销公示,关于拟注销大运盈通（北京）数码科技有限公司等 196家企业跨地区增值电信业务经营许可的公示,2024-08-19,大运盈通（北京）数码科技有限公司,B2-20090157,国内呼叫中心业务、信息服务业务（不含互联网信息服务）,北京,B2-(全网),https://tsm.miit.gov.cn/dxxzsp/help/noticeDetail.jsp?id=380,2024
工信部,注销公示,关于拟注销大运盈通（北京）数码科技有限公司等 196家企业跨地区增值电信业务经营许可的公示,2024-08-19,山东开创集团股份有限公司,B1.B2-20140337,互联网数据中心业务、国内呼叫中心业务、信息服务业务（不含互联网信息服务）,山东,混合-(全网),https://tsm.miit.gov.cn/dxxzsp/help/noticeDetail.jsp?id=380,2024
工信部,注销公示,关于拟注销大运盈通（北京）数码科技有限公司等 196家企业跨地区增值电信业务经营许可的公示,2024-08-19,厦门翔通信息科技有限公司,B2-20192839,国内呼叫中心业务、信息服务业务（不含互联网信息服务）,福建,B2-(全网),https://tsm.miit.gov.cn/dxxzsp/help/noticeDetail.jsp?id=380,2024
工信部,注销公示,关于拟注销大运盈通（北京）数码科技有限公司等 196家企业跨地区增值电信业务经营许可的公示,2024-08-19,龙成云财会软件开发有限公司,B1.B2-20193290,固定网国内数据传送业务、互联网数据中心业务、国内互联网虚拟专用网业务、互联网接入服务业务、国内呼叫中心业务、信息服务业务（不含互联网信息服务）,未知,混合-(全网),https://tsm.miit.gov.cn/dxxzsp/help/noticeDetail.jsp?id=380,2024
工信部,注销公示,关于拟注销大运盈通（北京）数码科技有限公司等 196家企业跨地区增值电信业务经营许可的公示,2024-08-19,渔哥科技有限公司,B2-20193291,国内甚小口径终端地球站通信业务、国内呼叫中心业务、信息服务业务（不含互联网信息服务）,未知,B2-(全网),https://tsm.miit.gov.cn/dxxzsp/help/noticeDetail.jsp?id=380,2024
工信部,注销公示,关于拟注销大运盈通（北京）数码科技有限公司等 196家企业跨地区增值电信业务经营许可的公示,2024-08-19,山东摩通物联网有限公司,B1.B2-20193294,国内互联网虚拟专用网业务、国内多方通信服务业务、互联网接入服务业务、国内呼叫中心业务、信息服务业务（不含互联网信息服务）,山东,混合-(全网),https://tsm.miit.gov.cn/dxxzsp/help/noticeDetail.jsp?id=380,2024
工信部,注销公示,关于拟注销大运盈通（北京）数码科技有限公司等 196家企业跨地区增值电信业务经营许可的公示,2024-08-19,智慧城市通信集团有限公司,B2-20193298,国内多方通信服务业务、国内呼叫中心业务、信息服务业务（不含互联网信息服务）,未知,B2-(全网),https://tsm.miit.gov.cn/dxxzsp/help/noticeDetail.jsp?id=380,2024
工信部,注销公示,关于拟注销大运盈通（北京）数码科技有限公司等 196家企业跨地区增值电信业务经营许可的公示,2024-08-19,北京石成鑫教育咨询有限公司,B2-20193301,国内多方通信服务业务、国内呼叫中心业务,北京,B2-(全网),https://tsm.miit.gov.cn/dxxzsp/help/noticeDetail.jsp?id=380,2024
工信部,注销公示,关于拟注销大运盈通（北京）数码科技有限公司等 196家企业跨地区增值电信业务经营许可的公示,2024-08-19,斯润天朗（北京）科技有限公司,B2-20193310,国内呼叫中心业务、信息服务业务（不含互联网信息服务）,北京,B2-(全网),https://tsm.miit.gov.cn/dxxzsp/help/noticeDetail.jsp?id=380,2024
工信部,注销公示,关于拟注销大运盈通（北京）数码科技有限公司等 196家企业跨地区增值电信业务经营许可的公示,2024-08-19,北京环球优路教育科技股份有限公司,B2-20193311,国内呼叫中心业务、信息服务业务（不含互联网信息服务）,北京,B2-(全网),https://tsm.miit.gov.cn/dxxzsp/help/noticeDetail.jsp?id=380,2024
工信部,注销公示,关于拟注销大运盈通（北京）数码科技有限公司等 196家企业跨地区增值电信业务经营许可的公示,2024-08-19,广州市核心信息科技有限公司,B2-20193313,国内呼叫中心业务、信息服务业务（不含互联网信息服务）,广东,B2-(全网),https://tsm.miit.gov.cn/dxxzsp/help/noticeDetail.jsp?id=380,2024
工信部,注销公示,关于拟注销大运盈通（北京）数码科技有限公司等 196家企业跨地区增值电信业务经营许可的公示,2024-08-19,杭州帅帅科技有限公司,B2-20193314,国内呼叫中心业务、信息服务业务（不含互联网信息服务）,浙江,B2-(全网),https://tsm.miit.gov.cn/dxxzsp/help/noticeDetail.jsp?id=380,2024
工信部,注销公示,关于拟注销大运盈通（北京）数码科技有限公司等 196家企业跨地区增值电信业务经营许可的公示,2024-08-19,深圳市中网百通科技有限公司,B2-20193327,国内呼叫中心业务、信息服务业务（不含互联网信息服务）,广东,B2-(全网),https://tsm.miit.gov.cn/dxxzsp/help/noticeDetail.jsp?id=380,2024
工信部,注销公示,关于拟注销大运盈通（北京）数码科技有限公司等 196家企业跨地区增值电信业务经营许可的公示,2024-08-19,陕西瑞斯企业管理咨询有限公司,B2-20193341,国内呼叫中心业务,陕西,B2-(全网),https://tsm.miit.gov.cn/dxxzsp/help/noticeDetail.jsp?id=380,2024
工信部,注销公示,关于拟注销大运盈通（北京）数码科技有限公司等 196家企业跨地区增值电信业务经营许可的公示,2024-08-19,上海保见数据科技有限公司,B1.B2-20193342,国内互联网虚拟专用网业务、国内多方通信服务业务、国内呼叫中心业务、信息服务业务（不含互联网信息服务）,上海,混合-(全网),https://tsm.miit.gov.cn/dxxzsp/help/noticeDetail.jsp?id=380,2024
工信部,注销公示,关于拟注销大运盈通（北京）数码科技有限公司等 196家企业跨地区增值电信业务经营许可的公示,2024-08-19,湖南励为中讯信息技术有限公司,B2-20193347,国内呼叫中心业务,湖南,B2-(全网),https://tsm.miit.gov.cn/dxxzsp/help/noticeDetail.jsp?id=380,2024
工信部,注销公示,关于拟注销大运盈通（北京）数码科技有限公司等 196家企业跨地区增值电信业务经营许可的公示,2024-08-19,四川紫书生活家互联科技有限责任公司,B2-20193349,国内呼叫中心业务,四川,B2-(全网),https://tsm.miit.gov.cn/dxxzsp/help/noticeDetail.jsp?id=380,2024
工信部,注销公示,关于拟注销大运盈通（北京）数码科技有限公司等 196家企业跨地区增值电信业务经营许可的公示,2024-08-19,合肥圆融信息科技有限公司,B2-20193350,国内呼叫中心业务,安徽,B2-(全网),https://tsm.miit.gov.cn/dxxzsp/help/noticeDetail.jsp?id=380,2024
工信部,注销公示,关于拟注销大运盈通（北京）数码科技有限公司等 196家企业跨地区增值电信业务经营许可的公示,2024-08-19,广东斯灵通科技有限公司,B2-20193351,国内呼叫中心业务,广东,B2-(全网),https://tsm.miit.gov.cn/dxxzsp/help/noticeDetail.jsp?id=380,2024
工信部,注销公示,关于拟注销大运盈通（北京）数码科技有限公司等 196家企业跨地区增值电信业务经营许可的公示,2024-08-19,武汉星河千帆文化传媒有限公司,B2-20193353,国内呼叫中心业务,湖北,B2-(全网),https://tsm.miit.gov.cn/dxxzsp/help/noticeDetail.jsp?id=380,2024
工信部,注销公示,关于拟注销大运盈通（北京）数码科技有限公司等 196家企业跨地区增值电信业务经营许可的公示,2024-08-19,江苏联合人才服务有限公司,B2-20193354,国内呼叫中心业务,江苏,B2-(全网),https://tsm.miit.gov.cn/dxxzsp/help/noticeDetail.jsp?id=380,2024
工信部,注销公示,关于拟注销大运盈通（北京）数码科技有限公司等 196家企业跨地区增值电信业务经营许可的公示,2024-08-19,重庆星拥月互联网科技有限公司,B2-20193355,国内呼叫中心业务,重庆,B2-(全网),https://tsm.miit.gov.cn/dxxzsp/help/noticeDetail.jsp?id=380,2024
工信部,注销公示,关于拟注销大运盈通（北京）数码科技有限公司等 196家企业跨地区增值电信业务经营许可的公示,2024-08-19,泰安泰山宝信息服务有限公司,B2-20193357,国内呼叫中心业务,未知,B2-(全网),https://tsm.miit.gov.cn/dxxzsp/help/noticeDetail.jsp?id=380,2024
工信部,注销公示,关于拟注销大运盈通（北京）数码科技有限公司等 196家企业跨地区增值电信业务经营许可的公示,2024-08-19,西安中融联合商务信息咨询有限公司,B2-20193364,国内呼叫中心业务,陕西,B2-(全网),https://tsm.miit.gov.cn/dxxzsp/help/noticeDetail.jsp?id=380,2024
工信部,注销公示,关于拟注销大运盈通（北京）数码科技有限公司等 196家企业跨地区增值电信业务经营许可的公示,2024-08-19,深圳市宜鼎信用管理有限公司,B2-20193370,国内呼叫中心业务,广东,B2-(全网),https://tsm.miit.gov.cn/dxxzsp/help/noticeDetail.jsp?id=380,2024
工信部,注销公示,关于拟注销大运盈通（北京）数码科技有限公司等 196家企业跨地区增值电信业务经营许可的公示,2024-08-19,凯青（上海）信息科技有限公司,B2-20193372,国内呼叫中心业务,上海,B2-(全网),https://tsm.miit.gov.cn/dxxzsp/help/noticeDetail.jsp?id=380,2024
工信部,注销公示,关于拟注销大运盈通（北京）数码科技有限公司等 196家企业跨地区增值电信业务经营许可的公示,2024-08-19,深圳市金帝梵珠宝首饰有限公司,B2-20193380,国内呼叫中心业务,广东,B2-(全网),https://tsm.miit.gov.cn/dxxzsp/help/noticeDetail.jsp?id=380,2024
工信部,注销公示,关于拟注销大运盈通（北京）数码科技有限公司等 196家企业跨地区增值电信业务经营许可的公示,2024-08-19,陕西艾瑞声信息科技有限公司,B2-20193385,国内呼叫中心业务,陕西,B2-(全网),https://tsm.miit.gov.cn/dxxzsp/help/noticeDetail.jsp?id=380,2024
工信部,注销公示,关于拟注销大运盈通（北京）数码科技有限公司等 196家企业跨地区增值电信业务经营许可的公示,2024-08-19,合肥泰网网络通信技术服务有限公司,B2-20193386,国内呼叫中心业务,安徽,B2-(全网),https://tsm.miit.gov.cn/dxxzsp/help/noticeDetail.jsp?id=380,2024
工信部,注销公示,关于拟注销大运盈通（北京）数码科技有限公司等 196家企业跨地区增值电信业务经营许可的公示,2024-08-19,上海国麟科技有限公司,B2-20090308,国内呼叫中心业务、信息服务业务（不含互联网信息服务）,上海,B2-(全网),https://tsm.miit.gov.cn/dxxzsp/help/noticeDetail.jsp?id=380,2024
工信部,注销公示,关于拟注销大运盈通（北京）数码科技有限公司等 196家企业跨地区增值电信业务经营许可的公示,2024-08-19,贵州鑫昌电子商务有限公司,B2-20193440,国内呼叫中心业务,贵州,B2-(全网),https://tsm.miit.gov.cn/dxxzsp/help/noticeDetail.jsp?id=380,2024
工信部,注销公示,关于拟注销大运盈通（北京）数码科技有限公司等 196家企业跨地区增值电信业务经营许可的公示,2024-08-19,北京魅丽时光科技有限公司,B2-20193465,国内多方通信服务业务、国内呼叫中心业务,北京,B2-(全网),https://tsm.miit.gov.cn/dxxzsp/help/noticeDetail.jsp?id=380,2024
工信部,注销公示,关于拟注销大运盈通（北京）数码科技有限公司等 196家企业跨地区增值电信业务经营许可的公示,2024-08-19,三传木信用管理有限公司,B2-20193466,国内多方通信服务业务、国内呼叫中心业务、信息服务业务（不含互联网信息服务）,未知,B2-(全网),https://tsm.miit.gov.cn/dxxzsp/help/noticeDetail.jsp?id=380,2024
工信部,注销公示,关于拟注销大运盈通（北京）数码科技有限公司等 196家企业跨地区增值电信业务经营许可的公示,2024-08-19,武汉聚通达楚云科技有限公司,B2-20193467,国内呼叫中心业务、信息服务业务（不含互联网信息服务）,湖北,B2-(全网),https://tsm.miit.gov.cn/dxxzsp/help/noticeDetail.jsp?id=380,2024
工信部,注销公示,关于拟注销大运盈通（北京）数码科技有限公司等 196家企业跨地区增值电信业务经营许可的公示,2024-08-19,北京康冠世纪光电科技有限公司,B2-20193484,国内呼叫中心业务,北京,B2-(全网),https://tsm.miit.gov.cn/dxxzsp/help/noticeDetail.jsp?id=380,2024
工信部,注销公示,关于拟注销大运盈通（北京）数码科技有限公司等 196家企业跨地区增值电信业务经营许可的公示,2024-08-19,广州盈鼎信息技术有限公司,B2-20193488,国内呼叫中心业务,广东,B2-(全网),https://tsm.miit.gov.cn/dxxzsp/help/noticeDetail.jsp?id=380,2024
工信部,注销公示,关于拟注销大运盈通（北京）数码科技有限公司等 196家企业跨地区增值电信业务经营许可的公示,2024-08-19,广东友源信息科技有限公司,B2-20193489,国内呼叫中心业务,广东,B2-(全网),https://tsm.miit.gov.cn/dxxzsp/help/noticeDetail.jsp?id=380,2024
工信部,注销公示,关于拟注销大运盈通（北京）数码科技有限公司等 196家企业跨地区增值电信业务经营许可的公示,2024-08-19,上海准效营销策划有限公司,B2-20193490,国内呼叫中心业务,上海,B2-(全网),https://tsm.miit.gov.cn/dxxzsp/help/noticeDetail.jsp?id=380,2024
工信部,注销公示,关于拟注销大运盈通（北京）数码科技有限公司等 196家企业跨地区增值电信业务经营许可的公示,2024-08-19,宜春市远创科技发展有限公司,B2-20193491,国内呼叫中心业务,未知,B2-(全网),https://tsm.miit.gov.cn/dxxzsp/help/noticeDetail.jsp?id=380,2024
工信部,注销公示,关于拟注销大运盈通（北京）数码科技有限公司等 196家企业跨地区增值电信业务经营许可的公示,2024-08-19,广东鸿会信息咨询有限公司,B2-20193492,国内呼叫中心业务,广东,B2-(全网),https://tsm.miit.gov.cn/dxxzsp/help/noticeDetail.jsp?id=380,2024
工信部,注销公示,关于拟注销大运盈通（北京）数码科技有限公司等 196家企业跨地区增值电信业务经营许可的公示,2024-08-19,浙江捷铭资产管理有限公司,B2-20193493,国内呼叫中心业务,浙江,B2-(全网),https://tsm.miit.gov.cn/dxxzsp/help/noticeDetail.jsp?id=380,2024
工信部,注销公示,关于拟注销大运盈通（北京）数码科技有限公司等 196家企业跨地区增值电信业务经营许可的公示,2024-08-19,连邦网络科技服务南通有限公司,B2-20193497,国内呼叫中心业务,江苏,B2-(全网),https://tsm.miit.gov.cn/dxxzsp/help/noticeDetail.jsp?id=380,2024
工信部,注销公示,关于拟注销大运盈通（北京）数码科技有限公司等 196家企业跨地区增值电信业务经营许可的公示,2024-08-19,禹鼎汇保理有限公司,B2-20193500,国内呼叫中心业务,未知,B2-(全网),https://tsm.miit.gov.cn/dxxzsp/help/noticeDetail.jsp?id=380,2024
工信部,注销公示,关于拟注销大运盈通（北京）数码科技有限公司等 196家企业跨地区增值电信业务经营许可的公示,2024-08-19,北京广和视点广告传媒有限公司,B2-20193501,国内呼叫中心业务,北京,B2-(全网),https://tsm.miit.gov.cn/dxxzsp/help/noticeDetail.jsp?id=380,2024
工信部,注销公示,关于拟注销大运盈通（北京）数码科技有限公司等 196家企业跨地区增值电信业务经营许可的公示,2024-08-19,深圳市长鑫盛通科技有限公司,B2-20193507,国内呼叫中心业务,广东,B2-(全网),https://tsm.miit.gov.cn/dxxzsp/help/noticeDetail.jsp?id=380,2024
工信部,注销公示,关于拟注销大运盈通（北京）数码科技有限公司等 196家企业跨地区增值电信业务经营许可的公示,2024-08-19,广州恒普通信科技有限公司,B2-20193508,国内呼叫中心业务,广东,B2-(全网),https://tsm.miit.gov.cn/dxxzsp/help/noticeDetail.jsp?id=380,2024
工信部,注销公示,关于拟注销大运盈通（北京）数码科技有限公司等 196家企业跨地区增值电信业务经营许可的公示,2024-08-19,安徽明融信息技术服务有限公司,B2-20193513,国内呼叫中心业务,安徽,B2-(全网),https://tsm.miit.gov.cn/dxxzsp/help/noticeDetail.jsp?id=380,2024
工信部,注销公示,关于拟注销大运盈通（北京）数码科技有限公司等 196家企业跨地区增值电信业务经营许可的公示,2024-08-19,山东信商卓越财盈互联网信息服务有限公司,B2-20193515,国内呼叫中心业务,山东,B2-(全网),https://tsm.miit.gov.cn/dxxzsp/help/noticeDetail.jsp?id=380,2024
工信部,注销公示,关于拟注销大运盈通（北京）数码科技有限公司等 196家企业跨地区增值电信业务经营许可的公示,2024-08-19,深圳市安腾达科技有限公司,B2-20193541,国内呼叫中心业务、信息服务业务（不含互联网信息服务）,广东,B2-(全网),https://tsm.miit.gov.cn/dxxzsp/help/noticeDetail.jsp?id=380,2024
工信部,注销公示,关于拟注销大运盈通（北京）数码科技有限公司等 196家企业跨地区增值电信业务经营许可的公示,2024-08-19,新联协同通信技术（北京）有限公司,B2-20193572,国内多方通信服务业务、国内呼叫中心业务、信息服务业务（不含互联网信息服务）,北京,B2-(全网),https://tsm.miit.gov.cn/dxxzsp/help/noticeDetail.jsp?id=380,2024
工信部,注销公示,关于拟注销大运盈通（北京）数码科技有限公司等 196家企业跨地区增值电信业务经营许可的公示,2024-08-19,武汉投咖网络科技有限公司,B2-20193575,国内呼叫中心业务、信息服务业务（不含互联网信息服务）,湖北,B2-(全网),https://tsm.miit.gov.cn/dxxzsp/help/noticeDetail.jsp?id=380,2024
工信部,注销公示,关于拟注销大运盈通（北京）数码科技有限公司等 196家企业跨地区增值电信业务经营许可的公示,2024-08-19,许昌佚丰网络科技有限公司,B2-20193578,国内呼叫中心业务、信息服务业务（不含互联网信息服务）,未知,B2-(全网),https://tsm.miit.gov.cn/dxxzsp/help/noticeDetail.jsp?id=380,2024
工信部,注销公示,关于拟注销大运盈通（北京）数码科技有限公司等 196家企业跨地区增值电信业务经营许可的公示,2024-08-19,甘肃天奇网络科技有限公司,B2-20193579,国内呼叫中心业务、信息服务业务（不含互联网信息服务）,甘肃,B2-(全网),https://tsm.miit.gov.cn/dxxzsp/help/noticeDetail.jsp?id=380,2024
工信部,注销公示,关于拟注销大运盈通（北京）数码科技有限公司等 196家企业跨地区增值电信业务经营许可的公示,2024-08-19,武汉众智互通科技有限公司,B2-20193583,国内呼叫中心业务、信息服务业务（不含互联网信息服务）,湖北,B2-(全网),https://tsm.miit.gov.cn/dxxzsp/help/noticeDetail.jsp?id=380,2024
工信部,注销公示,关于拟注销大运盈通（北京）数码科技有限公司等 196家企业跨地区增值电信业务经营许可的公示,2024-08-19,上海炜阳信息技术有限公司,B2-20193584,国内呼叫中心业务、信息服务业务（不含互联网信息服务）,上海,B2-(全网),https://tsm.miit.gov.cn/dxxzsp/help/noticeDetail.jsp?id=380,2024
工信部,注销公示,关于拟注销大运盈通（北京）数码科技有限公司等 196家企业跨地区增值电信业务经营许可的公示,2024-08-19,上海执为网络科技有限公司,B2-20193595,国内呼叫中心业务、信息服务业务（不含互联网信息服务）,上海,B2-(全网),https://tsm.miit.gov.cn/dxxzsp/help/noticeDetail.jsp?id=380,2024
工信部,注销公示,关于拟注销大运盈通（北京）数码科技有限公司等 196家企业跨地区增值电信业务经营许可的公示,2024-08-19,四川丰汇达企业管理咨询有限公司,B2-20193598,国内呼叫中心业务,四川,B2-(全网),https://tsm.miit.gov.cn/dxxzsp/help/noticeDetail.jsp?id=380,2024
工信部,注销公示,关于拟注销大运盈通（北京）数码科技有限公司等 196家企业跨地区增值电信业务经营许可的公示,2024-08-19,成都昕维软件有限公司,B2-20193599,国内呼叫中心业务,四川,B2-(全网),https://tsm.miit.gov.cn/dxxzsp/help/noticeDetail.jsp?id=380,2024
工信部,注销公示,关于拟注销大运盈通（北京）数码科技有限公司等 196家企业跨地区增值电信业务经营许可的公示,2024-08-19,河北林和文化传播有限公司,B2-20193601,国内呼叫中心业务,河北,B2-(全网),https://tsm.miit.gov.cn/dxxzsp/help/noticeDetail.jsp?id=380,2024
工信部,注销公示,关于拟注销大运盈通（北京）数码科技有限公司等 196家企业跨地区增值电信业务经营许可的公示,2024-08-19,广州迈鼎信息技术有限公司,B2-20193603,国内呼叫中心业务、信息服务业务（不含互联网信息服务）,广东,B2-(全网),https://tsm.miit.gov.cn/dxxzsp/help/noticeDetail.jsp?id=380,2024
工信部,注销公示,关于拟注销大运盈通（北京）数码科技有限公司等 196家企业跨地区增值电信业务经营许可的公示,2024-08-19,北京翼畅翔信息服务有限公司,B2-20193611,国内呼叫中心业务,北京,B2-(全网),https://tsm.miit.gov.cn/dxxzsp/help/noticeDetail.jsp?id=380,2024
工信部,注销公示,关于拟注销大运盈通（北京）数码科技有限公司等 196家企业跨地区增值电信业务经营许可的公示,2024-08-19,安徽艺客影视文化传媒有限公司,B2-20193612,国内呼叫中心业务,安徽,B2-(全网),https://tsm.miit.gov.cn/dxxzsp/help/noticeDetail.jsp?id=380,2024
工信部,注销公示,关于拟注销大运盈通（北京）数码科技有限公司等 196家企业跨地区增值电信业务经营许可的公示,2024-08-19,四川中讯辉信息科技有限公司,B2-20193617,国内呼叫中心业务,四川,B2-(全网),https://tsm.miit.gov.cn/dxxzsp/help/noticeDetail.jsp?id=380,2024
工信部,注销公示,关于拟注销大运盈通（北京）数码科技有限公司等 196家企业跨地区增值电信业务经营许可的公示,2024-08-19,重庆柯宏科技有限公司,B2-20193623,国内呼叫中心业务,重庆,B2-(全网),https://tsm.miit.gov.cn/dxxzsp/help/noticeDetail.jsp?id=380,2024
工信部,注销公示,关于拟注销大运盈通（北京）数码科技有限公司等 196家企业跨地区增值电信业务经营许可的公示,2024-08-19,江苏天天付支付科技有限公司,B2-20193624,国内呼叫中心业务,江苏,B2-(全网),https://tsm.miit.gov.cn/dxxzsp/help/noticeDetail.jsp?id=380,2024
工信部,注销公示,关于拟注销大运盈通（北京）数码科技有限公司等 196家企业跨地区增值电信业务经营许可的公示,2024-08-19,广州仓语科技有限公司,B2-20193625,国内呼叫中心业务,广东,B2-(全网),https://tsm.miit.gov.cn/dxxzsp/help/noticeDetail.jsp?id=380,2024
工信部,注销公示,关于拟注销大运盈通（北京）数码科技有限公司等 196家企业跨地区增值电信业务经营许可的公示,2024-08-19,盐城梦迈科技有限公司,B2-20193626,国内呼叫中心业务,未知,B2-(全网),https://tsm.miit.gov.cn/dxxzsp/help/noticeDetail.jsp?id=380,2024
工信部,注销公示,关于拟注销大运盈通（北京）数码科技有限公司等 196家企业跨地区增值电信业务经营许可的公示,2024-08-19,安徽弘信企业管理咨询有限公司,B2-20193635,国内呼叫中心业务,安徽,B2-(全网),https://tsm.miit.gov.cn/dxxzsp/help/noticeDetail.jsp?id=380,2024
工信部,注销公示,关于拟注销大运盈通（北京）数码科技有限公司等 196家企业跨地区增值电信业务经营许可的公示,2024-08-19,江苏凌卓科技服务有限公司,B2-20193637,国内呼叫中心业务,江苏,B2-(全网),https://tsm.miit.gov.cn/dxxzsp/help/noticeDetail.jsp?id=380,2024
工信部,注销公示,关于拟注销大运盈通（北京）数码科技有限公司等 196家企业跨地区增值电信业务经营许可的公示,2024-08-19,石家庄友酷信息技术有限公司,B2-20193641,国内呼叫中心业务、信息服务业务（不含互联网信息服务）,未知,B2-(全网),https://tsm.miit.gov.cn/dxxzsp/help/noticeDetail.jsp?id=380,2024
工信部,新发证名单,《中华人民共和国增值电信业务经营许可证》发放名单-(2024)第24批,2024-08-08,天津暖暖科技有限公司,B2-20242293,国内呼叫中心业务,天津,B2-(全网),https://tsm.miit.gov.cn/dxxzsp/help/noticeDetail.jsp?id=376,2024
工信部,新发证名单,《中华人民共和国增值电信业务经营许可证》发放名单-(2024)第24批,2024-08-08,浙江云乎科技有限公司,B2-20242294,国内多方通信服务业务国内呼叫中心业务,浙江,B2-(全网),https://tsm.miit.gov.cn/dxxzsp/help/noticeDetail.jsp?id=376,2024
工信部,新发证名单,《中华人民共和国增值电信业务经营许可证》发放名单-(2024)第24批,2024-08-08,北京奇游科技有限公司,B2-20242295,国内呼叫中心业务,北京,B2-(全网),https://tsm.miit.gov.cn/dxxzsp/help/noticeDetail.jsp?id=376,2024
工信部,新发证名单,《中华人民共和国增值电信业务经营许可证》发放名单-(2024)第24批,2024-08-08,星际通信（北京）有限公司,B2-20242296,国内多方通信服务业务国内呼叫中心业务,北京,B2-(全网),https://tsm.miit.gov.cn/dxxzsp/help/noticeDetail.jsp?id=376,2024
工信部,新发证名单,《中华人民共和国增值电信业务经营许可证》发放名单-(2024)第24批,2024-08-08,北京八方聚米科技有限公司,B2-20242297,国内呼叫中心业务,北京,B2-(全网),https://tsm.miit.gov.cn/dxxzsp/help/noticeDetail.jsp?id=376,2024
工信部,新发证名单,《中华人民共和国增值电信业务经营许可证》发放名单-(2024)第24批,2024-08-08,尊锐（南通）电子商务有限公司,合字B2-20240353,国内呼叫中心业务,江苏,B2-(全网),https://tsm.miit.gov.cn/dxxzsp/help/noticeDetail.jsp?id=376,2024
工信部,新发证名单,《中华人民共和国增值电信业务经营许可证》发放名单-(2024)第24批,2024-08-08,湖北红知了数字科技有限公司,B2-20212361,国内呼叫中心业务,湖北,B2-(全网),https://tsm.miit.gov.cn/dxxzsp/help/noticeDetail.jsp?id=376,2024
工信部,新发证名单,《中华人民共和国增值电信业务经营许可证》发放名单-(2024)第24批,2024-08-08,学科网（北京）股份有限公司,B2-20194767,（1）注销业务种类：国内呼叫中心业务、信息服务业务（不含互联网信息服务）,北京,B2-(全网),https://tsm.miit.gov.cn/dxxzsp/help/noticeDetail.jsp?id=376,2024
工信部,新发证名单,《中华人民共和国增值电信业务经营许可证》发放名单-(2024)第24批,2024-08-08,北京中友伟皓科技发展有限公司,B2-20195632,（1）注销业务种类：国内呼叫中心业务、信息服务业务（不含互联网信息服务）,北京,B2-(全网),https://tsm.miit.gov.cn/dxxzsp/help/noticeDetail.jsp?id=376,2024
工信部,注销批准,《中华人民共和国增值电信业务经营许可证》发放名单-(2024)第24批,2024-08-08,（,,国内呼叫中心业务、信息服务业务（不含互联网信息服务）,未知,未知,https://tsm.miit.gov.cn/dxxzsp/help/noticeDetail.jsp?id=376,2024
工信部,注销公示,关于拟注销广州品尚信息技术有限公司等 268家企业跨地区增值电信业务经营许可的公示,2025-01-06,上海静元信息技术有限公司,B2-20150129,国内呼叫中心业务,上海,B2-(全网),https://tsm.miit.gov.cn/dxxzsp/help/noticeDetail.jsp?id=418,2025
工信部,注销公示,关于拟注销广州品尚信息技术有限公司等 268家企业跨地区增值电信业务经营许可的公示,2025-01-06,四川圆木时代科技有限公司,B2-20183426,国内呼叫中心业务,四川,B2-(全网),https://tsm.miit.gov.cn/dxxzsp/help/noticeDetail.jsp?id=418,2025
工信部,注销公示,关于拟注销广州品尚信息技术有限公司等 268家企业跨地区增值电信业务经营许可的公示,2025-01-06,辽宁双诺信息技术有限公司,B2-20190462,国内呼叫中心业务,辽宁,B2-(全网),https://tsm.miit.gov.cn/dxxzsp/help/noticeDetail.jsp?id=418,2025
工信部,新发证名单,《中华人民共和国增值电信业务经营许可证》发放名单-(2024)第23批,2024-08-01,上海钛京网络科技有限公司,B2-20242185,国内呼叫中心业务,上海,B2-(全网),https://tsm.miit.gov.cn/dxxzsp/help/noticeDetail.jsp?id=374,2024
工信部,新发证名单,《中华人民共和国增值电信业务经营许可证》发放名单-(2024)第23批,2024-08-01,国网商旅云技术有限公司,B2-20242186,国内呼叫中心业务,未知,B2-(全网),https://tsm.miit.gov.cn/dxxzsp/help/noticeDetail.jsp?id=374,2024
工信部,新发证名单,《中华人民共和国增值电信业务经营许可证》发放名单-(2024)第23批,2024-08-01,广州欢创信息咨询有限公司,B2-20242187,国内呼叫中心业务,广东,B2-(全网),https://tsm.miit.gov.cn/dxxzsp/help/noticeDetail.jsp?id=374,2024
工信部,新发证名单,《中华人民共和国增值电信业务经营许可证》发放名单-(2024)第23批,2024-08-01,零犀（北京）科技有限公司,合字B2-20240343,国内呼叫中心业务,北京,B2-(全网),https://tsm.miit.gov.cn/dxxzsp/help/noticeDetail.jsp?id=374,2024
工信部,注销公示,关于拟注销宁波牛信网络科技有限公司等 244家企业跨地区增值电信业务经营许可的公示,2024-08-15,福建西岸网讯科技有限公司,B2-20090289,国内呼叫中心业务、信息服务业务（不含互联网信息服务）,福建,B2-(全网),https://tsm.miit.gov.cn/dxxzsp/help/noticeDetail.jsp?id=378,2024
工信部,注销公示,关于拟注销宁波牛信网络科技有限公司等 244家企业跨地区增值电信业务经营许可的公示,2024-08-15,上海众徇电子商务有限公司,B2-20140363,固定网国内数据传送业务、国内多方通信服务业务、国内呼叫中心业务,上海,B2-(全网),https://tsm.miit.gov.cn/dxxzsp/help/noticeDetail.jsp?id=378,2024
工信部,注销公示,关于拟注销宁波牛信网络科技有限公司等 244家企业跨地区增值电信业务经营许可的公示,2024-08-15,河南龙丰实业股份有限公司,B2-20140364,国内呼叫中心业务,河南,B2-(全网),https://tsm.miit.gov.cn/dxxzsp/help/noticeDetail.jsp?id=378,2024
工信部,注销公示,关于拟注销宁波牛信网络科技有限公司等 244家企业跨地区增值电信业务经营许可的公示,2024-08-15,陌创有限公司,B2-20192786,国内呼叫中心业务、信息服务业务（不含互联网信息服务）,未知,B2-(全网),https://tsm.miit.gov.cn/dxxzsp/help/noticeDetail.jsp?id=378,2024
工信部,注销公示,关于拟注销宁波牛信网络科技有限公司等 244家企业跨地区增值电信业务经营许可的公示,2024-08-15,陕西互通启讯信息科技有限公司,B2-20192788,国内呼叫中心业务、信息服务业务（不含互联网信息服务）,陕西,B2-(全网),https://tsm.miit.gov.cn/dxxzsp/help/noticeDetail.jsp?id=378,2024
工信部,注销公示,关于拟注销宁波牛信网络科技有限公司等 244家企业跨地区增值电信业务经营许可的公示,2024-08-15,河源市伟力科技有限公司,B2-20192795,国内呼叫中心业务、信息服务业务（不含互联网信息服务）,未知,B2-(全网),https://tsm.miit.gov.cn/dxxzsp/help/noticeDetail.jsp?id=378,2024
工信部,注销公示,关于拟注销宁波牛信网络科技有限公司等 244家企业跨地区增值电信业务经营许可的公示,2024-08-15,武汉赛浦优斯通信技术有限公司,B2-20192803,国内呼叫中心业务、信息服务业务（不含互联网信息服务）,湖北,B2-(全网),https://tsm.miit.gov.cn/dxxzsp/help/noticeDetail.jsp?id=378,2024
工信部,注销公示,关于拟注销宁波牛信网络科技有限公司等 244家企业跨地区增值电信业务经营许可的公示,2024-08-15,河北云之杰科技有限公司,B2-20192818,国内呼叫中心业务、信息服务业务（不含互联网信息服务）,河北,B2-(全网),https://tsm.miit.gov.cn/dxxzsp/help/noticeDetail.jsp?id=378,2024
工信部,注销公示,关于拟注销宁波牛信网络科技有限公司等 244家企业跨地区增值电信业务经营许可的公示,2024-08-15,安徽快易得数据科技有限公司,B2-20192825,国内呼叫中心业务、信息服务业务（不含互联网信息服务）,安徽,B2-(全网),https://tsm.miit.gov.cn/dxxzsp/help/noticeDetail.jsp?id=378,2024
工信部,注销公示,关于拟注销宁波牛信网络科技有限公司等 244家企业跨地区增值电信业务经营许可的公示,2024-08-15,天津维嘉信通科技有限公司,B2-20192826,国内呼叫中心业务、信息服务业务（不含互联网信息服务）,天津,B2-(全网),https://tsm.miit.gov.cn/dxxzsp/help/noticeDetail.jsp?id=378,2024
工信部,注销公示,关于拟注销宁波牛信网络科技有限公司等 244家企业跨地区增值电信业务经营许可的公示,2024-08-15,上海技财科技有限公司,B2-20192827,国内呼叫中心业务、信息服务业务（不含互联网信息服务）,上海,B2-(全网),https://tsm.miit.gov.cn/dxxzsp/help/noticeDetail.jsp?id=378,2024
工信部,注销公示,关于拟注销宁波牛信网络科技有限公司等 244家企业跨地区增值电信业务经营许可的公示,2024-08-15,北京天逸裕瑾商贸有限公司,B2-20192831,国内呼叫中心业务、信息服务业务（不含互联网信息服务）,北京,B2-(全网),https://tsm.miit.gov.cn/dxxzsp/help/noticeDetail.jsp?id=378,2024
工信部,注销公示,关于拟注销宁波牛信网络科技有限公司等 244家企业跨地区增值电信业务经营许可的公示,2024-08-15,陕西中汇金融信息咨询集团有限公司,B2-20192837,国内呼叫中心业务,陕西,B2-(全网),https://tsm.miit.gov.cn/dxxzsp/help/noticeDetail.jsp?id=378,2024
工信部,注销公示,关于拟注销宁波牛信网络科技有限公司等 244家企业跨地区增值电信业务经营许可的公示,2024-08-15,贵州亚和电子科技有限公司,B2-20192842,国内呼叫中心业务,贵州,B2-(全网),https://tsm.miit.gov.cn/dxxzsp/help/noticeDetail.jsp?id=378,2024
工信部,注销公示,关于拟注销宁波牛信网络科技有限公司等 244家企业跨地区增值电信业务经营许可的公示,2024-08-15,上海力苑数码科技有限公司,B2-20192847,国内呼叫中心业务,上海,B2-(全网),https://tsm.miit.gov.cn/dxxzsp/help/noticeDetail.jsp?id=378,2024
工信部,注销公示,关于拟注销宁波牛信网络科技有限公司等 244家企业跨地区增值电信业务经营许可的公示,2024-08-15,湖南悦和通信技术有限公司,B2-20192850,国内呼叫中心业务,湖南,B2-(全网),https://tsm.miit.gov.cn/dxxzsp/help/noticeDetail.jsp?id=378,2024
工信部,注销公示,关于拟注销宁波牛信网络科技有限公司等 244家企业跨地区增值电信业务经营许可的公示,2024-08-15,易智付科技（北京）有限公司,B2-20192851,国内呼叫中心业务,北京,B2-(全网),https://tsm.miit.gov.cn/dxxzsp/help/noticeDetail.jsp?id=378,2024
工信部,注销公示,关于拟注销宁波牛信网络科技有限公司等 244家企业跨地区增值电信业务经营许可的公示,2024-08-15,北京易特创思科技有限公司,B2-20192855,国内呼叫中心业务,北京,B2-(全网),https://tsm.miit.gov.cn/dxxzsp/help/noticeDetail.jsp?id=378,2024
工信部,注销公示,关于拟注销宁波牛信网络科技有限公司等 244家企业跨地区增值电信业务经营许可的公示,2024-08-15,深圳任我刷科技有限公司,B2-20192857,国内呼叫中心业务、信息服务业务（不含互联网信息服务）,广东,B2-(全网),https://tsm.miit.gov.cn/dxxzsp/help/noticeDetail.jsp?id=378,2024
工信部,注销公示,关于拟注销宁波牛信网络科技有限公司等 244家企业跨地区增值电信业务经营许可的公示,2024-08-15,远创人力资源管理集团有限公司,B2-20192859,国内呼叫中心业务,未知,B2-(全网),https://tsm.miit.gov.cn/dxxzsp/help/noticeDetail.jsp?id=378,2024
工信部,注销公示,关于拟注销宁波牛信网络科技有限公司等 244家企业跨地区增值电信业务经营许可的公示,2024-08-15,南京驰信通信设备有限公司,B2-20192864,国内呼叫中心业务,江苏,B2-(全网),https://tsm.miit.gov.cn/dxxzsp/help/noticeDetail.jsp?id=378,2024
工信部,注销公示,关于拟注销宁波牛信网络科技有限公司等 244家企业跨地区增值电信业务经营许可的公示,2024-08-15,杭州鑫好科技有限公司,B2-20192867,国内呼叫中心业务,浙江,B2-(全网),https://tsm.miit.gov.cn/dxxzsp/help/noticeDetail.jsp?id=378,2024
工信部,注销公示,关于拟注销宁波牛信网络科技有限公司等 244家企业跨地区增值电信业务经营许可的公示,2024-08-15,陕西卓鑫科技有限公司,B2-20192868,国内呼叫中心业务,陕西,B2-(全网),https://tsm.miit.gov.cn/dxxzsp/help/noticeDetail.jsp?id=378,2024
工信部,注销公示,关于拟注销宁波牛信网络科技有限公司等 244家企业跨地区增值电信业务经营许可的公示,2024-08-15,厦门市中泰达电子商务有限公司,B2-20192870,国内呼叫中心业务,福建,B2-(全网),https://tsm.miit.gov.cn/dxxzsp/help/noticeDetail.jsp?id=378,2024
工信部,注销公示,关于拟注销宁波牛信网络科技有限公司等 244家企业跨地区增值电信业务经营许可的公示,2024-08-15,安徽小微易融信息咨询服务有限公司,B2-20192872,国内呼叫中心业务,安徽,B2-(全网),https://tsm.miit.gov.cn/dxxzsp/help/noticeDetail.jsp?id=378,2024
工信部,注销公示,关于拟注销宁波牛信网络科技有限公司等 244家企业跨地区增值电信业务经营许可的公示,2024-08-15,江苏易卓网络科技有限公司,B2-20192873,国内呼叫中心业务,江苏,B2-(全网),https://tsm.miit.gov.cn/dxxzsp/help/noticeDetail.jsp?id=378,2024
工信部,注销公示,关于拟注销宁波牛信网络科技有限公司等 244家企业跨地区增值电信业务经营许可的公示,2024-08-15,江苏久恺网络科技有限公司,B2-20192877,国内呼叫中心业务,江苏,B2-(全网),https://tsm.miit.gov.cn/dxxzsp/help/noticeDetail.jsp?id=378,2024
工信部,注销公示,关于拟注销宁波牛信网络科技有限公司等 244家企业跨地区增值电信业务经营许可的公示,2024-08-15,深圳市融商所集团有限公司,B2-20192879,国内呼叫中心业务,广东,B2-(全网),https://tsm.miit.gov.cn/dxxzsp/help/noticeDetail.jsp?id=378,2024
工信部,注销公示,关于拟注销宁波牛信网络科技有限公司等 244家企业跨地区增值电信业务经营许可的公示,2024-08-15,苏州维鼎通讯科技有限公司,B2-20192885,国内呼叫中心业务,江苏,B2-(全网),https://tsm.miit.gov.cn/dxxzsp/help/noticeDetail.jsp?id=378,2024
工信部,注销公示,关于拟注销宁波牛信网络科技有限公司等 244家企业跨地区增值电信业务经营许可的公示,2024-08-15,上海初成信息科技有限公司,B1.B2-20192974,固定网国内数据传送业务、互联网数据中心业务、互联网接入服务业务、国内呼叫中心业务,上海,混合-(全网),https://tsm.miit.gov.cn/dxxzsp/help/noticeDetail.jsp?id=378,2024
工信部,注销公示,关于拟注销宁波牛信网络科技有限公司等 244家企业跨地区增值电信业务经营许可的公示,2024-08-15,中移未来通信有限公司,B2-20192987,国内多方通信服务业务、国内呼叫中心业务、信息服务业务（不含互联网信息服务）,未知,B2-(全网),https://tsm.miit.gov.cn/dxxzsp/help/noticeDetail.jsp?id=378,2024
工信部,注销公示,关于拟注销宁波牛信网络科技有限公司等 244家企业跨地区增值电信业务经营许可的公示,2024-08-15,深圳市厚川科技有限公司,B2-20192993,国内呼叫中心业务、信息服务业务（不含互联网信息服务）,广东,B2-(全网),https://tsm.miit.gov.cn/dxxzsp/help/noticeDetail.jsp?id=378,2024
工信部,注销公示,关于拟注销宁波牛信网络科技有限公司等 244家企业跨地区增值电信业务经营许可的公示,2024-08-15,苏州冠宇信息科技有限公司,B2-20193001,国内呼叫中心业务、信息服务业务（不含互联网信息服务）,江苏,B2-(全网),https://tsm.miit.gov.cn/dxxzsp/help/noticeDetail.jsp?id=378,2024
工信部,注销公示,关于拟注销宁波牛信网络科技有限公司等 244家企业跨地区增值电信业务经营许可的公示,2024-08-15,深圳市国厚信息咨询有限公司,B2-20193002,国内呼叫中心业务、信息服务业务（不含互联网信息服务）,广东,B2-(全网),https://tsm.miit.gov.cn/dxxzsp/help/noticeDetail.jsp?id=378,2024
工信部,注销公示,关于拟注销宁波牛信网络科技有限公司等 244家企业跨地区增值电信业务经营许可的公示,2024-08-15,北京澳瑞安信息科技有限公司,B2-20193003,国内呼叫中心业务、信息服务业务（不含互联网信息服务）,北京,B2-(全网),https://tsm.miit.gov.cn/dxxzsp/help/noticeDetail.jsp?id=378,2024
工信部,注销公示,关于拟注销宁波牛信网络科技有限公司等 244家企业跨地区增值电信业务经营许可的公示,2024-08-15,深圳合众祥瑞科技发展有限公司,B2-20193004,国内呼叫中心业务、信息服务业务（不含互联网信息服务）,广东,B2-(全网),https://tsm.miit.gov.cn/dxxzsp/help/noticeDetail.jsp?id=378,2024
工信部,注销公示,关于拟注销宁波牛信网络科技有限公司等 244家企业跨地区增值电信业务经营许可的公示,2024-08-15,北京铃赏科技有限责任公司,B2-20193008,国内呼叫中心业务、信息服务业务（不含互联网信息服务）,北京,B2-(全网),https://tsm.miit.gov.cn/dxxzsp/help/noticeDetail.jsp?id=378,2024
工信部,注销公示,关于拟注销宁波牛信网络科技有限公司等 244家企业跨地区增值电信业务经营许可的公示,2024-08-15,山东盛佰信息技术有限公司,B2-20193011,国内呼叫中心业务、信息服务业务（不含互联网信息服务）,山东,B2-(全网),https://tsm.miit.gov.cn/dxxzsp/help/noticeDetail.jsp?id=378,2024
工信部,注销公示,关于拟注销宁波牛信网络科技有限公司等 244家企业跨地区增值电信业务经营许可的公示,2024-08-15,武汉楚云畅想科技有限公司,B2-20193012,国内呼叫中心业务、信息服务业务（不含互联网信息服务）,湖北,B2-(全网),https://tsm.miit.gov.cn/dxxzsp/help/noticeDetail.jsp?id=378,2024
工信部,注销公示,关于拟注销宁波牛信网络科技有限公司等 244家企业跨地区增值电信业务经营许可的公示,2024-08-15,中移（深圳）物联网有限公司,B2-20193014,国内呼叫中心业务、信息服务业务（不含互联网信息服务）,广东,B2-(全网),https://tsm.miit.gov.cn/dxxzsp/help/noticeDetail.jsp?id=378,2024
工信部,注销公示,关于拟注销宁波牛信网络科技有限公司等 244家企业跨地区增值电信业务经营许可的公示,2024-08-15,杭州梵星科技有限公司,B2-20193023,国内呼叫中心业务、信息服务业务（不含互联网信息服务）,浙江,B2-(全网),https://tsm.miit.gov.cn/dxxzsp/help/noticeDetail.jsp?id=378,2024
工信部,注销公示,关于拟注销宁波牛信网络科技有限公司等 244家企业跨地区增值电信业务经营许可的公示,2024-08-15,东莞市电獭通讯设备有限公司,B2-20193027,国内呼叫中心业务、信息服务业务（不含互联网信息服务）,广东,B2-(全网),https://tsm.miit.gov.cn/dxxzsp/help/noticeDetail.jsp?id=378,2024
工信部,注销公示,关于拟注销宁波牛信网络科技有限公司等 244家企业跨地区增值电信业务经营许可的公示,2024-08-15,广州创业信息科技有限公司,B2-20193030,国内呼叫中心业务、信息服务业务（不含互联网信息服务）,广东,B2-(全网),https://tsm.miit.gov.cn/dxxzsp/help/noticeDetail.jsp?id=378,2024
工信部,注销公示,关于拟注销宁波牛信网络科技有限公司等 244家企业跨地区增值电信业务经营许可的公示,2024-08-15,深圳中茂商务服务有限公司,B2-20193034,国内呼叫中心业务、信息服务业务（不含互联网信息服务）,广东,B2-(全网),https://tsm.miit.gov.cn/dxxzsp/help/noticeDetail.jsp?id=378,2024
工信部,注销公示,关于拟注销宁波牛信网络科技有限公司等 244家企业跨地区增值电信业务经营许可的公示,2024-08-15,江苏中厚银丞信息科技有限公司,B2-20193035,国内呼叫中心业务、信息服务业务（不含互联网信息服务）,江苏,B2-(全网),https://tsm.miit.gov.cn/dxxzsp/help/noticeDetail.jsp?id=378,2024
工信部,注销公示,关于拟注销宁波牛信网络科技有限公司等 244家企业跨地区增值电信业务经营许可的公示,2024-08-15,安徽金思信息科技有限公司,B2-20193042,国内呼叫中心业务、信息服务业务（不含互联网信息服务）,安徽,B2-(全网),https://tsm.miit.gov.cn/dxxzsp/help/noticeDetail.jsp?id=378,2024
工信部,注销公示,关于拟注销宁波牛信网络科技有限公司等 244家企业跨地区增值电信业务经营许可的公示,2024-08-15,深圳市遇信科技有限公司,B2-20193047,国内呼叫中心业务、信息服务业务（不含互联网信息服务）,广东,B2-(全网),https://tsm.miit.gov.cn/dxxzsp/help/noticeDetail.jsp?id=378,2024
工信部,注销公示,关于拟注销宁波牛信网络科技有限公司等 244家企业跨地区增值电信业务经营许可的公示,2024-08-15,华一炫声（深圳）智能科技有限公司,B2-20193048,国内呼叫中心业务、信息服务业务（不含互联网信息服务）,广东,B2-(全网),https://tsm.miit.gov.cn/dxxzsp/help/noticeDetail.jsp?id=378,2024
工信部,注销公示,关于拟注销宁波牛信网络科技有限公司等 244家企业跨地区增值电信业务经营许可的公示,2024-08-15,东莞市优嘉易信息技术有限公司,B2-20193053,国内呼叫中心业务,广东,B2-(全网),https://tsm.miit.gov.cn/dxxzsp/help/noticeDetail.jsp?id=378,2024
工信部,注销公示,关于拟注销宁波牛信网络科技有限公司等 244家企业跨地区增值电信业务经营许可的公示,2024-08-15,杭州文图思锐云技术有限公司,B2-20193055,国内呼叫中心业务,浙江,B2-(全网),https://tsm.miit.gov.cn/dxxzsp/help/noticeDetail.jsp?id=378,2024
工信部,注销公示,关于拟注销宁波牛信网络科技有限公司等 244家企业跨地区增值电信业务经营许可的公示,2024-08-15,重庆望声网络科技有限责任公司,B2-20193056,国内多方通信服务业务、国内呼叫中心业务,重庆,B2-(全网),https://tsm.miit.gov.cn/dxxzsp/help/noticeDetail.jsp?id=378,2024
工信部,注销公示,关于拟注销宁波牛信网络科技有限公司等 244家企业跨地区增值电信业务经营许可的公示,2024-08-15,北京中公教育科技有限公司,B2-20193059,国内呼叫中心业务,北京,B2-(全网),https://tsm.miit.gov.cn/dxxzsp/help/noticeDetail.jsp?id=378,2024
工信部,注销公示,关于拟注销宁波牛信网络科技有限公司等 244家企业跨地区增值电信业务经营许可的公示,2024-08-15,广州云管理财税咨询有限公司,B2-20193061,国内呼叫中心业务,广东,B2-(全网),https://tsm.miit.gov.cn/dxxzsp/help/noticeDetail.jsp?id=378,2024
工信部,注销公示,关于拟注销宁波牛信网络科技有限公司等 244家企业跨地区增值电信业务经营许可的公示,2024-08-15,深圳云联智服科技有限公司,B2-20193062,国内呼叫中心业务,广东,B2-(全网),https://tsm.miit.gov.cn/dxxzsp/help/noticeDetail.jsp?id=378,2024
工信部,注销公示,关于拟注销宁波牛信网络科技有限公司等 244家企业跨地区增值电信业务经营许可的公示,2024-08-15,青岛新生代软件有限公司,B2-20193065,国内呼叫中心业务,山东,B2-(全网),https://tsm.miit.gov.cn/dxxzsp/help/noticeDetail.jsp?id=378,2024
工信部,注销公示,关于拟注销宁波牛信网络科技有限公司等 244家企业跨地区增值电信业务经营许可的公示,2024-08-15,福建华元世旗信息科技有限公司,B2-20193066,国内呼叫中心业务,福建,B2-(全网),https://tsm.miit.gov.cn/dxxzsp/help/noticeDetail.jsp?id=378,2024
工信部,注销公示,关于拟注销宁波牛信网络科技有限公司等 244家企业跨地区增值电信业务经营许可的公示,2024-08-15,成都爱车保信息技术有限公司,B2-20193067,国内呼叫中心业务,四川,B2-(全网),https://tsm.miit.gov.cn/dxxzsp/help/noticeDetail.jsp?id=378,2024
工信部,注销公示,关于拟注销宁波牛信网络科技有限公司等 244家企业跨地区增值电信业务经营许可的公示,2024-08-15,合肥南海融信企业管理咨询有限公司,B2-20193069,国内呼叫中心业务,安徽,B2-(全网),https://tsm.miit.gov.cn/dxxzsp/help/noticeDetail.jsp?id=378,2024
工信部,注销公示,关于拟注销宁波牛信网络科技有限公司等 244家企业跨地区增值电信业务经营许可的公示,2024-08-15,陕西志泽优选商贸有限公司,B2-20193072,国内呼叫中心业务,陕西,B2-(全网),https://tsm.miit.gov.cn/dxxzsp/help/noticeDetail.jsp?id=378,2024
工信部,注销公示,关于拟注销宁波牛信网络科技有限公司等 244家企业跨地区增值电信业务经营许可的公示,2024-08-15,山西鑫创盛网络科技有限公司,B1.B2-20193076,互联网数据中心业务、内容分发网络业务、互联网接入服务业务、国内呼叫中心业务、信息服务业务（不含互联网信息服务）,山西,混合-(全网),https://tsm.miit.gov.cn/dxxzsp/help/noticeDetail.jsp?id=378,2024
工信部,注销公示,关于拟注销宁波牛信网络科技有限公司等 244家企业跨地区增值电信业务经营许可的公示,2024-08-15,河南安盛商务服务有限公司,B2-20193086,国内呼叫中心业务,河南,B2-(全网),https://tsm.miit.gov.cn/dxxzsp/help/noticeDetail.jsp?id=378,2024
工信部,注销公示,关于拟注销宁波牛信网络科技有限公司等 244家企业跨地区增值电信业务经营许可的公示,2024-08-15,惠元正基（北京）金融服务外包有限公司,B2-20193087,国内呼叫中心业务,北京,B2-(全网),https://tsm.miit.gov.cn/dxxzsp/help/noticeDetail.jsp?id=378,2024
工信部,注销公示,关于拟注销宁波牛信网络科技有限公司等 244家企业跨地区增值电信业务经营许可的公示,2024-08-15,深圳恒鑫企业咨询有限公司,B2-20193090,国内呼叫中心业务,广东,B2-(全网),https://tsm.miit.gov.cn/dxxzsp/help/noticeDetail.jsp?id=378,2024
工信部,注销公示,关于拟注销宁波牛信网络科技有限公司等 244家企业跨地区增值电信业务经营许可的公示,2024-08-15,广州亿语智能科技有限公司,B2-20193096,国内多方通信服务业务、国内呼叫中心业务、信息服务业务（不含互联网信息服务）,广东,B2-(全网),https://tsm.miit.gov.cn/dxxzsp/help/noticeDetail.jsp?id=378,2024
工信部,注销公示,关于拟注销宁波牛信网络科技有限公司等 244家企业跨地区增值电信业务经营许可的公示,2024-08-15,四川博纳致达信息科技有限公司,B2-20193098,国内呼叫中心业务,四川,B2-(全网),https://tsm.miit.gov.cn/dxxzsp/help/noticeDetail.jsp?id=378,2024
工信部,注销公示,关于拟注销宁波牛信网络科技有限公司等 244家企业跨地区增值电信业务经营许可的公示,2024-08-15,沈阳溪水源泉网络科技有限公司,B2-20193101,国内呼叫中心业务,辽宁,B2-(全网),https://tsm.miit.gov.cn/dxxzsp/help/noticeDetail.jsp?id=378,2024
工信部,注销公示,关于拟注销宁波牛信网络科技有限公司等 244家企业跨地区增值电信业务经营许可的公示,2024-08-15,康钠科技有限公司,B2-20193103,国内呼叫中心业务,未知,B2-(全网),https://tsm.miit.gov.cn/dxxzsp/help/noticeDetail.jsp?id=378,2024
工信部,注销公示,关于拟注销宁波牛信网络科技有限公司等 244家企业跨地区增值电信业务经营许可的公示,2024-08-15,上海慧辰资道咨询有限公司,B2-20193106,国内呼叫中心业务,上海,B2-(全网),https://tsm.miit.gov.cn/dxxzsp/help/noticeDetail.jsp?id=378,2024
工信部,注销公示,关于拟注销宁波牛信网络科技有限公司等 244家企业跨地区增值电信业务经营许可的公示,2024-08-15,深圳市旗语科技有限公司,B2-20193107,国内呼叫中心业务,广东,B2-(全网),https://tsm.miit.gov.cn/dxxzsp/help/noticeDetail.jsp?id=378,2024
工信部,注销公示,关于拟注销宁波牛信网络科技有限公司等 244家企业跨地区增值电信业务经营许可的公示,2024-08-15,国金创投资(深圳)有限公司,B2-20193108,国内呼叫中心业务,广东,B2-(全网),https://tsm.miit.gov.cn/dxxzsp/help/noticeDetail.jsp?id=378,2024
工信部,注销公示,关于拟注销宁波牛信网络科技有限公司等 244家企业跨地区增值电信业务经营许可的公示,2024-08-15,大连天行健管理咨询有限公司,B2-20193110,国内呼叫中心业务,辽宁,B2-(全网),https://tsm.miit.gov.cn/dxxzsp/help/noticeDetail.jsp?id=378,2024
工信部,注销公示,关于拟注销宁波牛信网络科技有限公司等 244家企业跨地区增值电信业务经营许可的公示,2024-08-15,厦门恒臻诚通讯设备有限公司,B2-20193111,国内呼叫中心业务,福建,B2-(全网),https://tsm.miit.gov.cn/dxxzsp/help/noticeDetail.jsp?id=378,2024
工信部,注销公示,关于拟注销宁波牛信网络科技有限公司等 244家企业跨地区增值电信业务经营许可的公示,2024-08-15,上海澍品信息科技有限公司,B2-20193113,国内多方通信服务业务、国内呼叫中心业务,上海,B2-(全网),https://tsm.miit.gov.cn/dxxzsp/help/noticeDetail.jsp?id=378,2024
工信部,注销公示,关于拟注销宁波牛信网络科技有限公司等 244家企业跨地区增值电信业务经营许可的公示,2024-08-15,广西鑫冠科技有限公司,B2-20193117,国内呼叫中心业务,广西,B2-(全网),https://tsm.miit.gov.cn/dxxzsp/help/noticeDetail.jsp?id=378,2024
工信部,注销公示,关于拟注销宁波牛信网络科技有限公司等 244家企业跨地区增值电信业务经营许可的公示,2024-08-15,北京河马智行数字科技有限公司,B2-20193119,国内多方通信服务业务、国内呼叫中心业务、信息服务业务（不含互联网信息服务）,北京,B2-(全网),https://tsm.miit.gov.cn/dxxzsp/help/noticeDetail.jsp?id=378,2024
工信部,注销公示,关于拟注销宁波牛信网络科技有限公司等 244家企业跨地区增值电信业务经营许可的公示,2024-08-15,青岛万利通达商务咨询有限公司,B2-20193126,国内呼叫中心业务,山东,B2-(全网),https://tsm.miit.gov.cn/dxxzsp/help/noticeDetail.jsp?id=378,2024
工信部,注销公示,关于拟注销宁波牛信网络科技有限公司等 244家企业跨地区增值电信业务经营许可的公示,2024-08-15,青岛翼启赚资产管理有限公司,B2-20193128,国内呼叫中心业务,山东,B2-(全网),https://tsm.miit.gov.cn/dxxzsp/help/noticeDetail.jsp?id=378,2024
工信部,注销公示,关于拟注销宁波牛信网络科技有限公司等 244家企业跨地区增值电信业务经营许可的公示,2024-08-15,杭州汇莱控股有限公司,B2-20193129,国内呼叫中心业务,浙江,B2-(全网),https://tsm.miit.gov.cn/dxxzsp/help/noticeDetail.jsp?id=378,2024
工信部,注销公示,关于拟注销宁波牛信网络科技有限公司等 244家企业跨地区增值电信业务经营许可的公示,2024-08-15,沈阳盛春安健康管理有限公司,B2-20193132,国内呼叫中心业务,辽宁,B2-(全网),https://tsm.miit.gov.cn/dxxzsp/help/noticeDetail.jsp?id=378,2024
工信部,注销公示,关于拟注销宁波牛信网络科技有限公司等 244家企业跨地区增值电信业务经营许可的公示,2024-08-15,广东储牌药业有限公司,B2-20193133,国内呼叫中心业务,广东,B2-(全网),https://tsm.miit.gov.cn/dxxzsp/help/noticeDetail.jsp?id=378,2024
工信部,注销公示,关于拟注销宁波牛信网络科技有限公司等 244家企业跨地区增值电信业务经营许可的公示,2024-08-15,江西迎辰企业管理咨询服务有限公司,B2-20193134,国内呼叫中心业务,江西,B2-(全网),https://tsm.miit.gov.cn/dxxzsp/help/noticeDetail.jsp?id=378,2024
工信部,注销公示,关于拟注销宁波牛信网络科技有限公司等 244家企业跨地区增值电信业务经营许可的公示,2024-08-15,华亿（深圳）软件科技有限公司,B2-20193166,国内呼叫中心业务、信息服务业务（不含互联网信息服务）,广东,B2-(全网),https://tsm.miit.gov.cn/dxxzsp/help/noticeDetail.jsp?id=378,2024
工信部,注销公示,关于拟注销宁波牛信网络科技有限公司等 244家企业跨地区增值电信业务经营许可的公示,2024-08-15,武汉竞越科技有限公司,B1.B2-20193183,互联网数据中心业务、内容分发网络业务、互联网接入服务业务、国内呼叫中心业务、信息服务业务（不含互联网信息服务）,湖北,混合-(全网),https://tsm.miit.gov.cn/dxxzsp/help/noticeDetail.jsp?id=378,2024
工信部,注销公示,关于拟注销宁波牛信网络科技有限公司等 244家企业跨地区增值电信业务经营许可的公示,2024-08-15,北京万悦信息科技有限公司,B1.B2-20193226,互联网接入服务业务、国内呼叫中心业务、信息服务业务（不含互联网信息服务）,北京,混合-(全网),https://tsm.miit.gov.cn/dxxzsp/help/noticeDetail.jsp?id=378,2024
工信部,注销公示,关于拟注销宁波牛信网络科技有限公司等 244家企业跨地区增值电信业务经营许可的公示,2024-08-15,深圳市航宇软件技术有限公司,B2-20193235,国内呼叫中心业务、信息服务业务（不含互联网信息服务）,广东,B2-(全网),https://tsm.miit.gov.cn/dxxzsp/help/noticeDetail.jsp?id=378,2024
工信部,注销公示,关于拟注销宁波牛信网络科技有限公司等 244家企业跨地区增值电信业务经营许可的公示,2024-08-15,深圳商虫云网络有限公司,B2-20193241,国内呼叫中心业务、信息服务业务（不含互联网信息服务）,广东,B2-(全网),https://tsm.miit.gov.cn/dxxzsp/help/noticeDetail.jsp?id=378,2024
工信部,注销公示,关于拟注销宁波牛信网络科技有限公司等 244家企业跨地区增值电信业务经营许可的公示,2024-08-15,南京长润经济咨询有限公司,B2-20193243,国内呼叫中心业务,江苏,B2-(全网),https://tsm.miit.gov.cn/dxxzsp/help/noticeDetail.jsp?id=378,2024
工信部,注销公示,关于拟注销宁波牛信网络科技有限公司等 244家企业跨地区增值电信业务经营许可的公示,2024-08-15,重庆中汇瑞通科技有限公司,B2-20193247,国内呼叫中心业务,重庆,B2-(全网),https://tsm.miit.gov.cn/dxxzsp/help/noticeDetail.jsp?id=378,2024
工信部,新发证名单,《中华人民共和国增值电信业务经营许可证》发放名单-(2024)第21批,2024-07-11,河南足力健电子商务有限公司,B2-20241991,国内呼叫中心业务,河南,B2-(全网),https://tsm.miit.gov.cn/dxxzsp/help/noticeDetail.jsp?id=371,2024
工信部,新发证名单,《中华人民共和国增值电信业务经营许可证》发放名单-(2024)第21批,2024-07-11,江苏春客信息科技有限公司,B2-20241992,国内呼叫中心业务,江苏,B2-(全网),https://tsm.miit.gov.cn/dxxzsp/help/noticeDetail.jsp?id=371,2024
工信部,新发证名单,《中华人民共和国增值电信业务经营许可证》发放名单-(2024)第21批,2024-07-11,物享科技（江苏）有限公司,B2-20241993,国内呼叫中心业务,江苏,B2-(全网),https://tsm.miit.gov.cn/dxxzsp/help/noticeDetail.jsp?id=371,2024
工信部,新发证名单,《中华人民共和国增值电信业务经营许可证》发放名单-(2024)第21批,2024-07-11,北京数慧先锋通信有限公司,B2-20241994,国内多方通信服务业务国内呼叫中心业务,北京,B2-(全网),https://tsm.miit.gov.cn/dxxzsp/help/noticeDetail.jsp?id=371,2024
工信部,新发证名单,《中华人民共和国增值电信业务经营许可证》发放名单-(2024)第21批,2024-07-11,上海瑞和孚泰电信服务有限公司,B2-20241995,国内呼叫中心业务信息服务业务（不含互联网信息服务）,上海,B2-(全网),https://tsm.miit.gov.cn/dxxzsp/help/noticeDetail.jsp?id=371,2024
工信部,新发证名单,《中华人民共和国增值电信业务经营许可证》发放名单-(2024)第21批,2024-07-11,人保信息科技有限公司,合字B2-20240297,国内呼叫中心业务,未知,B2-(全网),https://tsm.miit.gov.cn/dxxzsp/help/noticeDetail.jsp?id=371,2024
工信部,新发证名单,《中华人民共和国增值电信业务经营许可证》发放名单-(2024)第21批,2024-07-11,苏州萨瑟兰信息咨询有限公司,合字B2-20240298,国内呼叫中心业务,江苏,B2-(全网),https://tsm.miit.gov.cn/dxxzsp/help/noticeDetail.jsp?id=371,2024
工信部,新发证名单,《中华人民共和国增值电信业务经营许可证》发放名单-(2024)第21批,2024-07-11,北京翔耀信天科技有限公司,B2-20151190,国内呼叫中心业务,北京,B2-(全网),https://tsm.miit.gov.cn/dxxzsp/help/noticeDetail.jsp?id=371,2024
工信部,新发证名单,《中华人民共和国增值电信业务经营许可证》发放名单-(2024)第21批,2024-07-11,陕西大明五洲科技有限公司,B2-20221658,国内呼叫中心业务,陕西,B2-(全网),https://tsm.miit.gov.cn/dxxzsp/help/noticeDetail.jsp?id=371,2024
工信部,新发证名单,《中华人民共和国增值电信业务经营许可证》发放名单-(2024)第21批,2024-07-11,厦门翰源管理咨询有限公司,B2-20235624,国内呼叫中心业务,福建,B2-(全网),https://tsm.miit.gov.cn/dxxzsp/help/noticeDetail.jsp?id=371,2024
工信部,新发证名单,《中华人民共和国增值电信业务经营许可证》发放名单-(2024)第20批,2024-07-02,中唐国盛信息技术有限公司,B2-20224276,国内呼叫中心业务,未知,B2-(全网),https://tsm.miit.gov.cn/dxxzsp/help/noticeDetail.jsp?id=368,2024
工信部,新发证名单,《中华人民共和国增值电信业务经营许可证》发放名单-(2024)第20批,2024-07-02,广东民通信用管理有限公司,B2-20230359,国内呼叫中心业务,广东,B2-(全网),https://tsm.miit.gov.cn/dxxzsp/help/noticeDetail.jsp?id=368,2024
工信部,新发证名单,《中华人民共和国增值电信业务经营许可证》发放名单-(2024)第19批,2024-06-28,湖北伽玛科技有限公司,B2-20241836,国内呼叫中心业务信息服务业务（不含互联网信息服务）,湖北,B2-(全网),https://tsm.miit.gov.cn/dxxzsp/help/noticeDetail.jsp?id=367,2024
工信部,新发证名单,《中华人民共和国增值电信业务经营许可证》发放名单-(2024)第19批,2024-06-28,杭州朝花夕拾科技有限公司,B2-20241837,国内呼叫中心业务,浙江,B2-(全网),https://tsm.miit.gov.cn/dxxzsp/help/noticeDetail.jsp?id=367,2024
工信部,新发证名单,《中华人民共和国增值电信业务经营许可证》发放名单-(2024)第19批,2024-06-28,上海网萌网络科技有限公司,B2-20241838,国内呼叫中心业务,上海,B2-(全网),https://tsm.miit.gov.cn/dxxzsp/help/noticeDetail.jsp?id=367,2024
工信部,新发证名单,《中华人民共和国增值电信业务经营许可证》发放名单-(2024)第19批,2024-06-28,上海财焱网络科技有限公司,B2-20184659,国内呼叫中心业务,上海,B2-(全网),https://tsm.miit.gov.cn/dxxzsp/help/noticeDetail.jsp?id=367,2024
工信部,新发证名单,《中华人民共和国增值电信业务经营许可证》发放名单-(2024)第19批,2024-06-28,兴利源信国际贸易（北京）有限公司,B1.B2-20230285,国内呼叫中心业务,北京,混合-(全网),https://tsm.miit.gov.cn/dxxzsp/help/noticeDetail.jsp?id=367,2024
工信部,新发证名单,《中华人民共和国增值电信业务经营许可证》发放名单-(2024)第18批,2024-06-18,长沙讯翔信息技术有限公司,B2-20194489,国内呼叫中心业务,湖南,B2-(全网),https://tsm.miit.gov.cn/dxxzsp/help/noticeDetail.jsp?id=365,2024
工信部,新发证名单,《中华人民共和国增值电信业务经营许可证》发放名单-(2024)第18批,2024-06-18,温州东晟信息科技有限公司,B2-20211300,国内呼叫中心业务,未知,B2-(全网),https://tsm.miit.gov.cn/dxxzsp/help/noticeDetail.jsp?id=365,2024
工信部,新发证名单,《中华人民共和国增值电信业务经营许可证》发放名单-(2024)第18批,2024-06-18,河南省威强盛网络科技有限公司,B2-20234439,国内呼叫中心业务,河南,B2-(全网),https://tsm.miit.gov.cn/dxxzsp/help/noticeDetail.jsp?id=365,2024
工信部,新发证名单,中华人民共和国增值电信业务经营许可证》发放名单-(2024)第17批,2024-06-14,北京博亚恒泰科技有限公司,B2-20241554,国内呼叫中心业务,北京,B2-(全网),https://tsm.miit.gov.cn/dxxzsp/help/noticeDetail.jsp?id=364,2024
工信部,新发证名单,中华人民共和国增值电信业务经营许可证》发放名单-(2024)第17批,2024-06-14,驰必准科技（苏州）有限公司,合字B2-20210033,国内呼叫中心业务,江苏,B2-(全网),https://tsm.miit.gov.cn/dxxzsp/help/noticeDetail.jsp?id=364,2024
工信部,新发证名单,中华人民共和国增值电信业务经营许可证》发放名单-(2024)第17批,2024-06-14,昆山悦荣诚网络科技有限公司,B2-20234820,国内呼叫中心业务,未知,B2-(全网),https://tsm.miit.gov.cn/dxxzsp/help/noticeDetail.jsp?id=364,2024
工信部,新发证名单,中华人民共和国增值电信业务经营许可证》发放名单-(2024)第17批,2024-06-14,泰安奎强数码科技有限公司,B2-20241238,国内呼叫中心业务,未知,B2-(全网),https://tsm.miit.gov.cn/dxxzsp/help/noticeDetail.jsp?id=364,2024
工信部,新发证名单,中华人民共和国增值电信业务经营许可证》发放名单-(2024)第17批,2024-06-14,北京创数纪信息技术有限责任公司,B2-20194381,（1）注销业务种类：国内呼叫中心业务、信息服务业务（不含互联网信息服务）,北京,B2-(全网),https://tsm.miit.gov.cn/dxxzsp/help/noticeDetail.jsp?id=364,2024
工信部,注销批准,中华人民共和国增值电信业务经营许可证》发放名单-(2024)第17批,2024-06-14,北京创数纪信息技术有限责任公司,,国内呼叫中心业务、信息服务业务（不含互联网信息服务）,北京,未知,https://tsm.miit.gov.cn/dxxzsp/help/noticeDetail.jsp?id=364,2024
工信部,新发证名单,《中华人民共和国增值电信业务经营许可证》发放名单-(2024)第16批,2024-06-07,深圳市沐染网络科技有限公司,B2-20241490,国内呼叫中心业务,广东,B2-(全网),https://tsm.miit.gov.cn/dxxzsp/help/noticeDetail.jsp?id=363,2024
工信部,新发证名单,《中华人民共和国增值电信业务经营许可证》发放名单-(2024)第16批,2024-06-07,深圳市起点网络有限公司,B2-20191900,续期：信息服务业务（不含互联网信息服务）不予批准：国内呼叫中心业务,广东,B2-(全网),https://tsm.miit.gov.cn/dxxzsp/help/noticeDetail.jsp?id=363,2024
工信部,新发证名单,《中华人民共和国增值电信业务经营许可证》发放名单-(2024)第15批,2024-05-28,江苏企信互通通讯科技有限公司,B2-20213006,国内呼叫中心业务,江苏,B2-(全网),https://tsm.miit.gov.cn/dxxzsp/help/noticeDetail.jsp?id=361,2024
工信部,新发证名单,《中华人民共和国增值电信业务经营许可证》发放名单-(2024)第15批,2024-05-28,湖南云客信息技术有限公司,B2-20222541,国内呼叫中心业务,湖南,B2-(全网),https://tsm.miit.gov.cn/dxxzsp/help/noticeDetail.jsp?id=361,2024
工信部,新发证名单,《中华人民共和国增值电信业务经营许可证》发放名单-(2024)第14批,2024-05-21,杭州青占科技有限公司,B2-20241251,国内多方通信服务业务国内呼叫中心业务,浙江,B2-(全网),https://tsm.miit.gov.cn/dxxzsp/help/noticeDetail.jsp?id=359,2024
工信部,新发证名单,《中华人民共和国增值电信业务经营许可证》发放名单-(2024)第14批,2024-05-21,中博信息技术研究院有限公司,B2-20241252,国内呼叫中心业务,未知,B2-(全网),https://tsm.miit.gov.cn/dxxzsp/help/noticeDetail.jsp?id=359,2024
工信部,新发证名单,《中华人民共和国增值电信业务经营许可证》发放名单-(2024)第14批,2024-05-21,上海永飞科技有限公司,B2-20241253,国内呼叫中心业务,上海,B2-(全网),https://tsm.miit.gov.cn/dxxzsp/help/noticeDetail.jsp?id=359,2024
工信部,新发证名单,《中华人民共和国增值电信业务经营许可证》发放名单-(2024)第14批,2024-05-21,北京国都互联科技有限公司,B2-20090321,国内呼叫中心业务,北京,B2-(全网),https://tsm.miit.gov.cn/dxxzsp/help/noticeDetail.jsp?id=359,2024
工信部,新发证名单,《中华人民共和国增值电信业务经营许可证》发放名单-(2024)第14批,2024-05-21,安徽天骋科技有限公司,B2-20221438,国内呼叫中心业务,安徽,B2-(全网),https://tsm.miit.gov.cn/dxxzsp/help/noticeDetail.jsp?id=359,2024
工信部,新发证名单,《中华人民共和国增值电信业务经营许可证》发放名单-(2024)第14批,2024-05-21,浙江华寅科技有限公司,B2-20171712,（1）注销业务种类：国内呼叫中心业务,浙江,B2-(全网),https://tsm.miit.gov.cn/dxxzsp/help/noticeDetail.jsp?id=359,2024
工信部,新发证名单,《中华人民共和国增值电信业务经营许可证》发放名单-(2024)第14批,2024-05-21,上海忆尚实业有限责任公司,B2-20191939,（1）注销业务种类：国内呼叫中心业务,上海,B2-(全网),https://tsm.miit.gov.cn/dxxzsp/help/noticeDetail.jsp?id=359,2024
工信部,新发证名单,《中华人民共和国增值电信业务经营许可证》发放名单-(2024)第14批,2024-05-21,佛山市爱乐讯科技有限公司,B2-20191940,（1）注销业务种类：国内呼叫中心业务,未知,B2-(全网),https://tsm.miit.gov.cn/dxxzsp/help/noticeDetail.jsp?id=359,2024
工信部,新发证名单,《中华人民共和国增值电信业务经营许可证》发放名单-(2024)第14批,2024-05-21,牡丹江英涛网络科技服务有限公司,B2-20193112,（1）注销业务种类：国内呼叫中心业务,未知,B2-(全网),https://tsm.miit.gov.cn/dxxzsp/help/noticeDetail.jsp?id=359,2024
工信部,注销批准,《中华人民共和国增值电信业务经营许可证》发放名单-(2024)第14批,2024-05-21,浙江华寅科技有限公司,,国内呼叫中心业务,浙江,未知,https://tsm.miit.gov.cn/dxxzsp/help/noticeDetail.jsp?id=359,2024
工信部,注销批准,《中华人民共和国增值电信业务经营许可证》发放名单-(2024)第14批,2024-05-21,上海忆尚实业有限责任公司,,国内呼叫中心业务,上海,未知,https://tsm.miit.gov.cn/dxxzsp/help/noticeDetail.jsp?id=359,2024
工信部,注销批准,《中华人民共和国增值电信业务经营许可证》发放名单-(2024)第14批,2024-05-21,佛山市爱乐讯科技有限公司,,国内呼叫中心业务,未知,未知,https://tsm.miit.gov.cn/dxxzsp/help/noticeDetail.jsp?id=359,2024
工信部,注销批准,《中华人民共和国增值电信业务经营许可证》发放名单-(2024)第14批,2024-05-21,牡丹江英涛网络科技服务有限公司,,国内呼叫中心业务,未知,未知,https://tsm.miit.gov.cn/dxxzsp/help/noticeDetail.jsp?id=359,2024
工信部,新发证名单,《中华人民共和国增值电信业务经营许可证》发放名单-(2024)第13批,2024-05-20,中信天津金融科技服务有限公司,合字B2-20240196,国内呼叫中心业务,天津,B2-(全网),https://tsm.miit.gov.cn/dxxzsp/help/noticeDetail.jsp?id=358,2024
工信部,新发证名单,《中华人民共和国增值电信业务经营许可证》发放名单-(2024)第13批,2024-05-20,比亚迪汽车有限公司,合字B2-20240197,国内呼叫中心业务,未知,B2-(全网),https://tsm.miit.gov.cn/dxxzsp/help/noticeDetail.jsp?id=358,2024
工信部,注销公示,关于拟注销北京晟元亿讯科技有限公司等 232家企业跨地区增值电信业务经营许可的公示,2024-09-13,上海享藏文化传播有限公司,B2-20140366,国内呼叫中心业务,上海,B2-(全网),https://tsm.miit.gov.cn/dxxzsp/help/noticeDetail.jsp?id=388,2024
工信部,注销公示,关于拟注销北京晟元亿讯科技有限公司等 232家企业跨地区增值电信业务经营许可的公示,2024-09-13,交科视讯（北京）科技有限公司,B2-20194446,国内呼叫中心业务、信息服务业务（不含互联网信息服务）,北京,B2-(全网),https://tsm.miit.gov.cn/dxxzsp/help/noticeDetail.jsp?id=388,2024
工信部,注销公示,关于拟注销北京晟元亿讯科技有限公司等 232家企业跨地区增值电信业务经营许可的公示,2024-09-13,山东壹酒叮咚电子技术有限公司,B2-20194449,国内呼叫中心业务、信息服务业务（不含互联网信息服务）,山东,B2-(全网),https://tsm.miit.gov.cn/dxxzsp/help/noticeDetail.jsp?id=388,2024
工信部,注销公示,关于拟注销北京晟元亿讯科技有限公司等 232家企业跨地区增值电信业务经营许可的公示,2024-09-13,深圳市畅游天地网络科技有限公司,B2-20194450,国内呼叫中心业务、信息服务业务（不含互联网信息服务）,广东,B2-(全网),https://tsm.miit.gov.cn/dxxzsp/help/noticeDetail.jsp?id=388,2024
工信部,注销公示,关于拟注销北京晟元亿讯科技有限公司等 232家企业跨地区增值电信业务经营许可的公示,2024-09-13,深圳市金太投资咨询服务有限公司,B2-20194454,国内呼叫中心业务、信息服务业务（不含互联网信息服务）,广东,B2-(全网),https://tsm.miit.gov.cn/dxxzsp/help/noticeDetail.jsp?id=388,2024
工信部,注销公示,关于拟注销北京晟元亿讯科技有限公司等 232家企业跨地区增值电信业务经营许可的公示,2024-09-13,新疆金联达电子科技有限公司,B2-20194460,国内呼叫中心业务,新疆,B2-(全网),https://tsm.miit.gov.cn/dxxzsp/help/noticeDetail.jsp?id=388,2024
工信部,注销公示,关于拟注销北京晟元亿讯科技有限公司等 232家企业跨地区增值电信业务经营许可的公示,2024-09-13,大连诚快达新能源科技有限公司,B2-20194462,国内呼叫中心业务,辽宁,B2-(全网),https://tsm.miit.gov.cn/dxxzsp/help/noticeDetail.jsp?id=388,2024
工信部,注销公示,关于拟注销北京晟元亿讯科技有限公司等 232家企业跨地区增值电信业务经营许可的公示,2024-09-13,深圳市微众金服信息科技有限公司,B2-20194464,国内呼叫中心业务,广东,B2-(全网),https://tsm.miit.gov.cn/dxxzsp/help/noticeDetail.jsp?id=388,2024
工信部,注销公示,关于拟注销北京晟元亿讯科技有限公司等 232家企业跨地区增值电信业务经营许可的公示,2024-09-13,深圳市前海锋创凌宇商务信息咨询有限公司,B2-20194466,国内呼叫中心业务,广东,B2-(全网),https://tsm.miit.gov.cn/dxxzsp/help/noticeDetail.jsp?id=388,2024
工信部,注销公示,关于拟注销北京晟元亿讯科技有限公司等 232家企业跨地区增值电信业务经营许可的公示,2024-09-13,杭州微丫科技有限公司,B2-20194469,国内呼叫中心业务,浙江,B2-(全网),https://tsm.miit.gov.cn/dxxzsp/help/noticeDetail.jsp?id=388,2024
工信部,注销公示,关于拟注销北京晟元亿讯科技有限公司等 232家企业跨地区增值电信业务经营许可的公示,2024-09-13,深圳前海中科创达科技有限公司,B1.B2-20194471,国内互联网虚拟专用网业务、国内呼叫中心业务、信息服务业务（不含互联网信息服务）,广东,混合-(全网),https://tsm.miit.gov.cn/dxxzsp/help/noticeDetail.jsp?id=388,2024
工信部,注销公示,关于拟注销北京晟元亿讯科技有限公司等 232家企业跨地区增值电信业务经营许可的公示,2024-09-13,四川小凰科技有限公司,B2-20194476,国内呼叫中心业务,四川,B2-(全网),https://tsm.miit.gov.cn/dxxzsp/help/noticeDetail.jsp?id=388,2024
工信部,注销公示,关于拟注销北京晟元亿讯科技有限公司等 232家企业跨地区增值电信业务经营许可的公示,2024-09-13,江苏创融支付科技有限公司,B2-20194477,国内呼叫中心业务,江苏,B2-(全网),https://tsm.miit.gov.cn/dxxzsp/help/noticeDetail.jsp?id=388,2024
工信部,注销公示,关于拟注销北京晟元亿讯科技有限公司等 232家企业跨地区增值电信业务经营许可的公示,2024-09-13,武汉众义达信息服务有限公司,B2-20194480,国内呼叫中心业务,湖北,B2-(全网),https://tsm.miit.gov.cn/dxxzsp/help/noticeDetail.jsp?id=388,2024
工信部,注销公示,关于拟注销北京晟元亿讯科技有限公司等 232家企业跨地区增值电信业务经营许可的公示,2024-09-13,许昌瑞讯网络科技有限公司,B1.B2-20194525,互联网数据中心业务、内容分发网络业务、互联网接入服务业务、国内呼叫中心业务、信息服务业务（不含互联网信息服务）,未知,混合-(全网),https://tsm.miit.gov.cn/dxxzsp/help/noticeDetail.jsp?id=388,2024
工信部,注销公示,关于拟注销北京晟元亿讯科技有限公司等 232家企业跨地区增值电信业务经营许可的公示,2024-09-13,雅其信息技术（上海）有限公司,B2-20194527,国内呼叫中心业务、信息服务业务（不含互联网信息服务）,上海,B2-(全网),https://tsm.miit.gov.cn/dxxzsp/help/noticeDetail.jsp?id=388,2024
工信部,注销公示,关于拟注销北京晟元亿讯科技有限公司等 232家企业跨地区增值电信业务经营许可的公示,2024-09-13,内蒙古冠禹科技有限公司,B2-20194535,国内呼叫中心业务、信息服务业务（不含互联网信息服务）,内蒙古,B2-(全网),https://tsm.miit.gov.cn/dxxzsp/help/noticeDetail.jsp?id=388,2024
工信部,注销公示,关于拟注销北京晟元亿讯科技有限公司等 232家企业跨地区增值电信业务经营许可的公示,2024-09-13,云南乐乎智能信息科技（集团）有限公司,B2-20194548,国内呼叫中心业务,云南,B2-(全网),https://tsm.miit.gov.cn/dxxzsp/help/noticeDetail.jsp?id=388,2024
工信部,注销公示,关于拟注销北京晟元亿讯科技有限公司等 232家企业跨地区增值电信业务经营许可的公示,2024-09-13,安徽省乐嘉信息科技有限公司,B2-20194550,国内呼叫中心业务,安徽,B2-(全网),https://tsm.miit.gov.cn/dxxzsp/help/noticeDetail.jsp?id=388,2024
工信部,注销公示,关于拟注销北京晟元亿讯科技有限公司等 232家企业跨地区增值电信业务经营许可的公示,2024-09-13,广东泓钊教育科技有限公司,B2-20194551,国内呼叫中心业务,广东,B2-(全网),https://tsm.miit.gov.cn/dxxzsp/help/noticeDetail.jsp?id=388,2024
工信部,注销公示,关于拟注销北京晟元亿讯科技有限公司等 232家企业跨地区增值电信业务经营许可的公示,2024-09-13,福建和企时代信息科技有限公司,B2-20194555,国内呼叫中心业务,福建,B2-(全网),https://tsm.miit.gov.cn/dxxzsp/help/noticeDetail.jsp?id=388,2024
工信部,注销公示,关于拟注销北京晟元亿讯科技有限公司等 232家企业跨地区增值电信业务经营许可的公示,2024-09-13,云南博学科技有限公司,B2-20194558,国内呼叫中心业务,云南,B2-(全网),https://tsm.miit.gov.cn/dxxzsp/help/noticeDetail.jsp?id=388,2024
工信部,注销公示,关于拟注销北京晟元亿讯科技有限公司等 232家企业跨地区增值电信业务经营许可的公示,2024-09-13,陕西传视商贸有限责任公司,B2-20194559,国内呼叫中心业务,陕西,B2-(全网),https://tsm.miit.gov.cn/dxxzsp/help/noticeDetail.jsp?id=388,2024
工信部,注销公示,关于拟注销北京晟元亿讯科技有限公司等 232家企业跨地区增值电信业务经营许可的公示,2024-09-13,湖南盛雄信息服务有限公司,B2-20194561,国内呼叫中心业务,湖南,B2-(全网),https://tsm.miit.gov.cn/dxxzsp/help/noticeDetail.jsp?id=388,2024
工信部,注销公示,关于拟注销北京晟元亿讯科技有限公司等 232家企业跨地区增值电信业务经营许可的公示,2024-09-13,陕西世纪隆泰实业有限公司,B2-20194562,国内呼叫中心业务,陕西,B2-(全网),https://tsm.miit.gov.cn/dxxzsp/help/noticeDetail.jsp?id=388,2024
工信部,注销公示,关于拟注销北京晟元亿讯科技有限公司等 232家企业跨地区增值电信业务经营许可的公示,2024-09-13,浙江遇仁网络技术有限公司,B2-20194563,国内呼叫中心业务,浙江,B2-(全网),https://tsm.miit.gov.cn/dxxzsp/help/noticeDetail.jsp?id=388,2024
工信部,注销公示,关于拟注销北京晟元亿讯科技有限公司等 232家企业跨地区增值电信业务经营许可的公示,2024-09-13,成都创翼通讯服务有限公司,B2-20194567,国内呼叫中心业务,四川,B2-(全网),https://tsm.miit.gov.cn/dxxzsp/help/noticeDetail.jsp?id=388,2024
工信部,注销公示,关于拟注销北京晟元亿讯科技有限公司等 232家企业跨地区增值电信业务经营许可的公示,2024-09-13,浙江元幸信息科技有限公司,B2-20090435,国内呼叫中心业务、信息服务业务（不含互联网信息服务）,浙江,B2-(全网),https://tsm.miit.gov.cn/dxxzsp/help/noticeDetail.jsp?id=388,2024
工信部,注销公示,关于拟注销北京晟元亿讯科技有限公司等 232家企业跨地区增值电信业务经营许可的公示,2024-09-13,北京招金颐和文化投资有限公司,B2-20140531,国内呼叫中心业务、信息服务业务（不含互联网信息服务）,北京,B2-(全网),https://tsm.miit.gov.cn/dxxzsp/help/noticeDetail.jsp?id=388,2024
工信部,注销公示,关于拟注销北京晟元亿讯科技有限公司等 232家企业跨地区增值电信业务经营许可的公示,2024-09-13,北京唯帆音悦文化科技有限公司,B1.B2-20194607,互联网数据中心业务、互联网接入服务业务、国内呼叫中心业务、信息服务业务（不含互联网信息服务）,北京,混合-(全网),https://tsm.miit.gov.cn/dxxzsp/help/noticeDetail.jsp?id=388,2024
工信部,注销公示,关于拟注销北京晟元亿讯科技有限公司等 232家企业跨地区增值电信业务经营许可的公示,2024-09-13,深圳笨熊网络科技有限公司,B1.B2-20194609,互联网数据中心业务、内容分发网络业务、互联网接入服务业务、国内呼叫中心业务、信息服务业务（不含互联网信息服务）,广东,混合-(全网),https://tsm.miit.gov.cn/dxxzsp/help/noticeDetail.jsp?id=388,2024
工信部,注销公示,关于拟注销北京晟元亿讯科技有限公司等 232家企业跨地区增值电信业务经营许可的公示,2024-09-13,北京匠心独运科技有限公司,B1.B2-20194610,互联网数据中心业务、互联网接入服务业务、国内呼叫中心业务、信息服务业务（不含互联网信息服务）,北京,混合-(全网),https://tsm.miit.gov.cn/dxxzsp/help/noticeDetail.jsp?id=388,2024
工信部,注销公示,关于拟注销北京晟元亿讯科技有限公司等 232家企业跨地区增值电信业务经营许可的公示,2024-09-13,深圳市科普吉科技有限公司,B2-20194613,国内多方通信服务业务、国内呼叫中心业务、信息服务业务（不含互联网信息服务）,广东,B2-(全网),https://tsm.miit.gov.cn/dxxzsp/help/noticeDetail.jsp?id=388,2024
工信部,注销公示,关于拟注销北京晟元亿讯科技有限公司等 232家企业跨地区增值电信业务经营许可的公示,2024-09-13,湖北音信数据通信技术有限公司,B2-20194618,国内呼叫中心业务、信息服务业务（不含互联网信息服务）,湖北,B2-(全网),https://tsm.miit.gov.cn/dxxzsp/help/noticeDetail.jsp?id=388,2024
工信部,注销公示,关于拟注销北京晟元亿讯科技有限公司等 232家企业跨地区增值电信业务经营许可的公示,2024-09-13,上海德彩光电科技有限公司,B2-20194619,国内呼叫中心业务、信息服务业务（不含互联网信息服务）,上海,B2-(全网),https://tsm.miit.gov.cn/dxxzsp/help/noticeDetail.jsp?id=388,2024
工信部,注销公示,关于拟注销北京晟元亿讯科技有限公司等 232家企业跨地区增值电信业务经营许可的公示,2024-09-13,河南裕和万泰信息技术有限公司,B2-20194631,国内呼叫中心业务、信息服务业务（不含互联网信息服务）,河南,B2-(全网),https://tsm.miit.gov.cn/dxxzsp/help/noticeDetail.jsp?id=388,2024
工信部,注销公示,关于拟注销北京晟元亿讯科技有限公司等 232家企业跨地区增值电信业务经营许可的公示,2024-09-13,河北维图软件开发有限公司,B2-20194633,国内呼叫中心业务、信息服务业务（不含互联网信息服务）,河北,B2-(全网),https://tsm.miit.gov.cn/dxxzsp/help/noticeDetail.jsp?id=388,2024
工信部,注销公示,关于拟注销北京晟元亿讯科技有限公司等 232家企业跨地区增值电信业务经营许可的公示,2024-09-13,成都金特商务信息服务有限公司,B2-20194644,国内呼叫中心业务,四川,B2-(全网),https://tsm.miit.gov.cn/dxxzsp/help/noticeDetail.jsp?id=388,2024
工信部,注销公示,关于拟注销北京晟元亿讯科技有限公司等 232家企业跨地区增值电信业务经营许可的公示,2024-09-13,长沙信服小二信息科技有限公司,B2-20194646,国内呼叫中心业务,湖南,B2-(全网),https://tsm.miit.gov.cn/dxxzsp/help/noticeDetail.jsp?id=388,2024
工信部,注销公示,关于拟注销北京晟元亿讯科技有限公司等 232家企业跨地区增值电信业务经营许可的公示,2024-09-13,广州市兴富信息科技有限公司,B2-20194647,国内呼叫中心业务,广东,B2-(全网),https://tsm.miit.gov.cn/dxxzsp/help/noticeDetail.jsp?id=388,2024
工信部,注销公示,关于拟注销北京晟元亿讯科技有限公司等 232家企业跨地区增值电信业务经营许可的公示,2024-09-13,合肥杰宽金融外包服务有限公司,B2-20194651,国内呼叫中心业务,安徽,B2-(全网),https://tsm.miit.gov.cn/dxxzsp/help/noticeDetail.jsp?id=388,2024
工信部,注销公示,关于拟注销北京晟元亿讯科技有限公司等 232家企业跨地区增值电信业务经营许可的公示,2024-09-13,济南宇泉网络技术有限公司,B2-20194663,国内呼叫中心业务,山东,B2-(全网),https://tsm.miit.gov.cn/dxxzsp/help/noticeDetail.jsp?id=388,2024
工信部,注销公示,关于拟注销北京晟元亿讯科技有限公司等 232家企业跨地区增值电信业务经营许可的公示,2024-09-13,顶呱呱科技股份有限公司,B2-20194665,国内呼叫中心业务,未知,B2-(全网),https://tsm.miit.gov.cn/dxxzsp/help/noticeDetail.jsp?id=388,2024
工信部,注销公示,关于拟注销北京晟元亿讯科技有限公司等 232家企业跨地区增值电信业务经营许可的公示,2024-09-13,江苏嘉纳信息科技有限公司,B2-20194704,国内呼叫中心业务、信息服务业务（不含互联网信息服务）,江苏,B2-(全网),https://tsm.miit.gov.cn/dxxzsp/help/noticeDetail.jsp?id=388,2024
工信部,注销公示,关于拟注销北京晟元亿讯科技有限公司等 232家企业跨地区增值电信业务经营许可的公示,2024-09-13,深圳市前海三月生网络科技有限公司,B2-20194708,国内呼叫中心业务、信息服务业务（不含互联网信息服务）,广东,B2-(全网),https://tsm.miit.gov.cn/dxxzsp/help/noticeDetail.jsp?id=388,2024
工信部,注销公示,关于拟注销北京晟元亿讯科技有限公司等 232家企业跨地区增值电信业务经营许可的公示,2024-09-13,广州大创电子科技有限公司,B2-20194709,国内呼叫中心业务、信息服务业务（不含互联网信息服务）,广东,B2-(全网),https://tsm.miit.gov.cn/dxxzsp/help/noticeDetail.jsp?id=388,2024
工信部,注销公示,关于拟注销北京晟元亿讯科技有限公司等 232家企业跨地区增值电信业务经营许可的公示,2024-09-13,焦作凡思特商贸有限公司,B2-20194710,国内呼叫中心业务、信息服务业务（不含互联网信息服务）,未知,B2-(全网),https://tsm.miit.gov.cn/dxxzsp/help/noticeDetail.jsp?id=388,2024
工信部,注销公示,关于拟注销北京晟元亿讯科技有限公司等 232家企业跨地区增值电信业务经营许可的公示,2024-09-13,瑞和成投资顾问（北京）有限公司,B2-20194712,国内呼叫中心业务,北京,B2-(全网),https://tsm.miit.gov.cn/dxxzsp/help/noticeDetail.jsp?id=388,2024
工信部,注销公示,关于拟注销北京晟元亿讯科技有限公司等 232家企业跨地区增值电信业务经营许可的公示,2024-09-13,安徽灿创金融服务外包有限公司,B2-20194713,国内呼叫中心业务,安徽,B2-(全网),https://tsm.miit.gov.cn/dxxzsp/help/noticeDetail.jsp?id=388,2024
工信部,注销公示,关于拟注销北京晟元亿讯科技有限公司等 232家企业跨地区增值电信业务经营许可的公示,2024-09-13,合肥文化产业发展股份有限公司,B2-20194714,国内呼叫中心业务,安徽,B2-(全网),https://tsm.miit.gov.cn/dxxzsp/help/noticeDetail.jsp?id=388,2024
工信部,注销公示,关于拟注销北京晟元亿讯科技有限公司等 232家企业跨地区增值电信业务经营许可的公示,2024-09-13,成都维音信息技术有限公司,合字B2-20190031,国内呼叫中心业务,四川,B2-(全网),https://tsm.miit.gov.cn/dxxzsp/help/noticeDetail.jsp?id=388,2024
工信部,注销公示,关于拟注销北京晟元亿讯科技有限公司等 232家企业跨地区增值电信业务经营许可的公示,2024-09-13,广州觅玩信息科技有限公司,B2-20194739,国内呼叫中心业务、信息服务业务（不含互联网信息服务）,广东,B2-(全网),https://tsm.miit.gov.cn/dxxzsp/help/noticeDetail.jsp?id=388,2024
工信部,注销公示,关于拟注销北京晟元亿讯科技有限公司等 232家企业跨地区增值电信业务经营许可的公示,2024-09-13,北京猎豹网络科技有限公司,B2-20194741,国内呼叫中心业务、信息服务业务（不含互联网信息服务）,北京,B2-(全网),https://tsm.miit.gov.cn/dxxzsp/help/noticeDetail.jsp?id=388,2024
工信部,注销公示,关于拟注销北京晟元亿讯科技有限公司等 232家企业跨地区增值电信业务经营许可的公示,2024-09-13,恒纪元信息科技（苏州）有限公司,B2-20194742,国内呼叫中心业务、信息服务业务（不含互联网信息服务）,江苏,B2-(全网),https://tsm.miit.gov.cn/dxxzsp/help/noticeDetail.jsp?id=388,2024
工信部,注销公示,关于拟注销北京晟元亿讯科技有限公司等 232家企业跨地区增值电信业务经营许可的公示,2024-09-13,上海欣晴信息科技有限公司,B2-20194751,国内呼叫中心业务、信息服务业务（不含互联网信息服务）,上海,B2-(全网),https://tsm.miit.gov.cn/dxxzsp/help/noticeDetail.jsp?id=388,2024
工信部,注销公示,关于拟注销北京晟元亿讯科技有限公司等 232家企业跨地区增值电信业务经营许可的公示,2024-09-13,河南乐岁信息技术有限公司,B2-20194766,国内呼叫中心业务、信息服务业务（不含互联网信息服务）,河南,B2-(全网),https://tsm.miit.gov.cn/dxxzsp/help/noticeDetail.jsp?id=388,2024
工信部,注销公示,关于拟注销北京晟元亿讯科技有限公司等 232家企业跨地区增值电信业务经营许可的公示,2024-09-13,广州华工中云信息技术有限公司,B2-20194768,国内呼叫中心业务,广东,B2-(全网),https://tsm.miit.gov.cn/dxxzsp/help/noticeDetail.jsp?id=388,2024
工信部,注销公示,关于拟注销北京晟元亿讯科技有限公司等 232家企业跨地区增值电信业务经营许可的公示,2024-09-13,北京华信创银科技有限公司,B2-20194776,国内呼叫中心业务,北京,B2-(全网),https://tsm.miit.gov.cn/dxxzsp/help/noticeDetail.jsp?id=388,2024
工信部,注销公示,关于拟注销北京晟元亿讯科技有限公司等 232家企业跨地区增值电信业务经营许可的公示,2024-09-13,洛阳丽宏信息技术服务有限公司,B2-20194778,国内呼叫中心业务,未知,B2-(全网),https://tsm.miit.gov.cn/dxxzsp/help/noticeDetail.jsp?id=388,2024
工信部,注销公示,关于拟注销北京晟元亿讯科技有限公司等 232家企业跨地区增值电信业务经营许可的公示,2024-09-13,易翱网络科技（上海）有限公司,B2-20194780,国内呼叫中心业务,上海,B2-(全网),https://tsm.miit.gov.cn/dxxzsp/help/noticeDetail.jsp?id=388,2024
工信部,注销公示,关于拟注销北京晟元亿讯科技有限公司等 232家企业跨地区增值电信业务经营许可的公示,2024-09-13,北京隆安泰和信息科技有限公司,B2-20194782,国内呼叫中心业务,北京,B2-(全网),https://tsm.miit.gov.cn/dxxzsp/help/noticeDetail.jsp?id=388,2024
工信部,注销公示,关于拟注销北京晟元亿讯科技有限公司等 232家企业跨地区增值电信业务经营许可的公示,2024-09-13,安徽亿盛金融外包服务有限公司,B2-20194783,国内呼叫中心业务,安徽,B2-(全网),https://tsm.miit.gov.cn/dxxzsp/help/noticeDetail.jsp?id=388,2024
工信部,注销公示,关于拟注销北京晟元亿讯科技有限公司等 232家企业跨地区增值电信业务经营许可的公示,2024-09-13,东莞市江泰企业管理有限公司,B2-20194787,国内呼叫中心业务,广东,B2-(全网),https://tsm.miit.gov.cn/dxxzsp/help/noticeDetail.jsp?id=388,2024
工信部,注销公示,关于拟注销北京晟元亿讯科技有限公司等 232家企业跨地区增值电信业务经营许可的公示,2024-09-13,上海合力亿捷商务信息咨询有限公司,B2-20194818,国内多方通信服务业务、国内呼叫中心业务、信息服务业务（不含互联网信息服务）,上海,B2-(全网),https://tsm.miit.gov.cn/dxxzsp/help/noticeDetail.jsp?id=388,2024
工信部,注销公示,关于拟注销北京晟元亿讯科技有限公司等 232家企业跨地区增值电信业务经营许可的公示,2024-09-13,北京光忆世代网络科技有限公司,B2-20194820,国内呼叫中心业务、信息服务业务（不含互联网信息服务）,北京,B2-(全网),https://tsm.miit.gov.cn/dxxzsp/help/noticeDetail.jsp?id=388,2024
工信部,注销公示,关于拟注销北京晟元亿讯科技有限公司等 232家企业跨地区增值电信业务经营许可的公示,2024-09-13,南通晟珞网络技术有限公司,B2-20194821,国内呼叫中心业务、信息服务业务（不含互联网信息服务）,江苏,B2-(全网),https://tsm.miit.gov.cn/dxxzsp/help/noticeDetail.jsp?id=388,2024
工信部,注销公示,关于拟注销北京晟元亿讯科技有限公司等 232家企业跨地区增值电信业务经营许可的公示,2024-09-13,上海泫又网络科技有限公司,B2-20194825,国内呼叫中心业务,上海,B2-(全网),https://tsm.miit.gov.cn/dxxzsp/help/noticeDetail.jsp?id=388,2024
工信部,新发证名单,《中华人民共和国增值电信业务经营许可证》发放名单-(2024)第12批,2024-04-28,上海万物新生环保科技集团有限公司,合字B2-20220220,国内呼叫中心业务,上海,B2-(全网),https://tsm.miit.gov.cn/dxxzsp/help/noticeDetail.jsp?id=355,2024
工信部,新发证名单,《中华人民共和国增值电信业务经营许可证》发放名单-(2024)第9批,2024-04-03,浙江兴语科技有限公司,B2-20240908,国内多方通信服务业务国内呼叫中心业务,浙江,B2-(全网),https://tsm.miit.gov.cn/dxxzsp/help/noticeDetail.jsp?id=351,2024
工信部,新发证名单,《中华人民共和国增值电信业务经营许可证》发放名单-(2024)第9批,2024-04-03,北京卓京科技有限公司,B2-20194423,国内呼叫中心业务,北京,B2-(全网),https://tsm.miit.gov.cn/dxxzsp/help/noticeDetail.jsp?id=351,2024
工信部,新发证名单,《中华人民共和国增值电信业务经营许可证》发放名单-(2024)第9批,2024-04-03,山西龙堂金融服务外包有限公司,B2-20203729,国内呼叫中心业务,山西,B2-(全网),https://tsm.miit.gov.cn/dxxzsp/help/noticeDetail.jsp?id=351,2024
工信部,新发证名单,《中华人民共和国增值电信业务经营许可证》发放名单-(2024)第8批,2024-03-29,四川省通信产业服务有限公司,B2-20240816,国内呼叫中心业务,四川,B2-(全网),https://tsm.miit.gov.cn/dxxzsp/help/noticeDetail.jsp?id=350,2024
工信部,新发证名单,《中华人民共和国增值电信业务经营许可证》发放名单-(2024)第8批,2024-03-29,宁波声广传媒有限公司,B2-20240817,国内呼叫中心业务,浙江,B2-(全网),https://tsm.miit.gov.cn/dxxzsp/help/noticeDetail.jsp?id=350,2024
工信部,新发证名单,《中华人民共和国增值电信业务经营许可证》发放名单-(2024)第8批,2024-03-29,北京全胜兴业科技有限公司,B2-20240818,国内呼叫中心业务,北京,B2-(全网),https://tsm.miit.gov.cn/dxxzsp/help/noticeDetail.jsp?id=350,2024
工信部,新发证名单,《中华人民共和国增值电信业务经营许可证》发放名单-(2024)第8批,2024-03-29,侯曦企业管理咨询服务（武汉）有限公司,B2-20240819,国内呼叫中心业务,湖北,B2-(全网),https://tsm.miit.gov.cn/dxxzsp/help/noticeDetail.jsp?id=350,2024
工信部,新发证名单,《中华人民共和国增值电信业务经营许可证》发放名单-(2024)第8批,2024-03-29,杭州一知智能科技有限公司,合字B2-20240133,国内呼叫中心业务,浙江,B2-(全网),https://tsm.miit.gov.cn/dxxzsp/help/noticeDetail.jsp?id=350,2024
工信部,新发证名单,《中华人民共和国增值电信业务经营许可证》发放名单-(2024)第8批,2024-03-29,武汉楚信企业管理有限公司,B2-20213151,国内呼叫中心业务,湖北,B2-(全网),https://tsm.miit.gov.cn/dxxzsp/help/noticeDetail.jsp?id=350,2024
工信部,新发证名单,《中华人民共和国增值电信业务经营许可证》发放名单-(2024)第8批,2024-03-29,江苏闪信诚企业管理有限公司,B2-20224739,国内呼叫中心业务,江苏,B2-(全网),https://tsm.miit.gov.cn/dxxzsp/help/noticeDetail.jsp?id=350,2024
工信部,新发证名单,《中华人民共和国增值电信业务经营许可证》发放名单-(2024)第7批,2024-03-18,福建思创天下网络科技有限公司,B2-20173215,国内呼叫中心业务,福建,B2-(全网),https://tsm.miit.gov.cn/dxxzsp/help/noticeDetail.jsp?id=348,2024
工信部,新发证名单,《中华人民共和国增值电信业务经营许可证》发放名单-(2024)第7批,2024-03-18,山东开创集团股份有限公司,B1-20140337,（1）注销业务种类：内容分发网络业务（2）继续经营：互联网数据中心业务、国内呼叫中心业务、信息服务业务（不含互联网信息服务）,山东,B1-(全网),https://tsm.miit.gov.cn/dxxzsp/help/noticeDetail.jsp?id=348,2024
工信部,新发证名单,《中华人民共和国增值电信业务经营许可证》发放名单-(2024)第7批,2024-03-18,广州市多方面信息科技有限公司,B2-20191239,（1）注销业务种类：国内呼叫中心业务、信息服务业务（不含互联网信息服务）,广东,B2-(全网),https://tsm.miit.gov.cn/dxxzsp/help/noticeDetail.jsp?id=348,2024
工信部,新发证名单,《中华人民共和国增值电信业务经营许可证》发放名单-(2024)第7批,2024-03-18,网麟科技（北京）有限公司,A2.B1.B2-20191365,（1）注销业务种类：固定网国内数据传送业务、内容分发网络业务、国内互联网虚拟专用网业务、互联网数据中心业务、互联网接入服务业务、国内多方通信服务业务、国内呼叫中心业务、信息服务业务（不含互联网信息服务）,北京,混合-(全网),https://tsm.miit.gov.cn/dxxzsp/help/noticeDetail.jsp?id=348,2024
工信部,新发证名单,《中华人民共和国增值电信业务经营许可证》发放名单-(2024)第7批,2024-03-18,苏州市金聪信息科技有限公司,B2-20192876,（1）注销业务种类：国内呼叫中心业务,江苏,B2-(全网),https://tsm.miit.gov.cn/dxxzsp/help/noticeDetail.jsp?id=348,2024
工信部,新发证名单,《中华人民共和国增值电信业务经营许可证》发放名单-(2024)第7批,2024-03-18,山东信贤网络信息服务有限公司,B2-20194183,（1）注销业务种类：国内呼叫中心业务、信息服务业务（不含互联网信息服务）,山东,B2-(全网),https://tsm.miit.gov.cn/dxxzsp/help/noticeDetail.jsp?id=348,2024
工信部,注销批准,《中华人民共和国增值电信业务经营许可证》发放名单-(2024)第7批,2024-03-18,广州市多方面信息科技有限公司,,国内呼叫中心业务、信息服务业务（不含互联网信息服务）,广东,未知,https://tsm.miit.gov.cn/dxxzsp/help/noticeDetail.jsp?id=348,2024
工信部,注销批准,《中华人民共和国增值电信业务经营许可证》发放名单-(2024)第7批,2024-03-18,网麟科技（北京）有限公司,,固定网国内数据传送业务、内容分发网络业务、国内互联网虚拟专用网业务、互联网数据中心业务、互联网接入服务业务、国内多方通信服务业务、国内呼叫中心业务、信息服务业务（不含互联网信息服务）,北京,未知,https://tsm.miit.gov.cn/dxxzsp/help/noticeDetail.jsp?id=348,2024
工信部,注销批准,《中华人民共和国增值电信业务经营许可证》发放名单-(2024)第7批,2024-03-18,苏州市金聪信息科技有限公司,,国内呼叫中心业务,江苏,未知,https://tsm.miit.gov.cn/dxxzsp/help/noticeDetail.jsp?id=348,2024
工信部,注销批准,《中华人民共和国增值电信业务经营许可证》发放名单-(2024)第7批,2024-03-18,山东信贤网络信息服务有限公司,,国内呼叫中心业务、信息服务业务（不含互联网信息服务）,山东,未知,https://tsm.miit.gov.cn/dxxzsp/help/noticeDetail.jsp?id=348,2024
工信部,注销公示,关于拟注销南通北达信科技发展有限公司等 138家企业跨地区增值电信业务经营许可的公示,2024-03-14,方正宽带网络服务有限公司,B1.B2-20090064,固定网国内数据传送业务、互联网数据中心业务、内容分发网络业务、国内互联网虚拟专用网业务、互联网接入服务业务、国内呼叫中心业务,未知,混合-(全网),https://tsm.miit.gov.cn/dxxzsp/help/noticeDetail.jsp?id=347,2024
工信部,注销公示,关于拟注销南通北达信科技发展有限公司等 138家企业跨地区增值电信业务经营许可的公示,2024-03-14,浙江安存讯通信息技术有限公司,B2-20140151,国内呼叫中心业务、信息服务业务（不含互联网信息服务）,浙江,B2-(全网),https://tsm.miit.gov.cn/dxxzsp/help/noticeDetail.jsp?id=347,2024
工信部,注销公示,关于拟注销南通北达信科技发展有限公司等 138家企业跨地区增值电信业务经营许可的公示,2024-03-14,城域网数据（江苏）有限公司,B1.B2-20190657,互联网数据中心业务、内容分发网络业务、固定网国内数据传送业务、国内互联网虚拟专用网业务、互联网接入服务业务、国内呼叫中心业务、信息服务业务（不含互联网信息服务）,江苏,混合-(全网),https://tsm.miit.gov.cn/dxxzsp/help/noticeDetail.jsp?id=347,2024
工信部,注销公示,关于拟注销南通北达信科技发展有限公司等 138家企业跨地区增值电信业务经营许可的公示,2024-03-14,河南中原油田信息通信技术有限公司,B1.B2-20190675,国内甚小口径终端地球站通信业务、网络托管业务、互联网数据中心业务、互联网接入服务业务、国内多方通信服务业务、国内呼叫中心业务、信息服务业务（不含互联网信息服务）,河南,混合-(全网),https://tsm.miit.gov.cn/dxxzsp/help/noticeDetail.jsp?id=347,2024
工信部,注销公示,关于拟注销南通北达信科技发展有限公司等 138家企业跨地区增值电信业务经营许可的公示,2024-03-14,美溪移动通信集团股份有限公司,B1.B2-20190676,互联网数据中心业务、内容分发网络业务、互联网接入服务业务、国内多方通信服务业务、国内呼叫中心业务、信息服务业务（不含互联网信息服务）,未知,混合-(全网),https://tsm.miit.gov.cn/dxxzsp/help/noticeDetail.jsp?id=347,2024
工信部,注销公示,关于拟注销南通北达信科技发展有限公司等 138家企业跨地区增值电信业务经营许可的公示,2024-03-14,广东思禾信息科技有限公司,B2-20190683,国内多方通信服务业务、国内呼叫中心业务,广东,B2-(全网),https://tsm.miit.gov.cn/dxxzsp/help/noticeDetail.jsp?id=347,2024
工信部,注销公示,关于拟注销南通北达信科技发展有限公司等 138家企业跨地区增值电信业务经营许可的公示,2024-03-14,南京昊蓝信息技术有限公司,B2-20190689,国内呼叫中心业务、信息服务业务（不含互联网信息服务）,江苏,B2-(全网),https://tsm.miit.gov.cn/dxxzsp/help/noticeDetail.jsp?id=347,2024
工信部,注销公示,关于拟注销南通北达信科技发展有限公司等 138家企业跨地区增值电信业务经营许可的公示,2024-03-14,广东省正丰科技有限公司,B2-20190693,国内呼叫中心业务、信息服务业务（不含互联网信息服务）,广东,B2-(全网),https://tsm.miit.gov.cn/dxxzsp/help/noticeDetail.jsp?id=347,2024
工信部,注销公示,关于拟注销南通北达信科技发展有限公司等 138家企业跨地区增值电信业务经营许可的公示,2024-03-14,北京掌上联众科技有限公司,B2-20190698,国内呼叫中心业务、信息服务业务（不含互联网信息服务）,北京,B2-(全网),https://tsm.miit.gov.cn/dxxzsp/help/noticeDetail.jsp?id=347,2024
工信部,注销公示,关于拟注销南通北达信科技发展有限公司等 138家企业跨地区增值电信业务经营许可的公示,2024-03-14,北京中联智云科技有限公司,B2-20190701,国内呼叫中心业务、信息服务业务（不含互联网信息服务）,北京,B2-(全网),https://tsm.miit.gov.cn/dxxzsp/help/noticeDetail.jsp?id=347,2024
工信部,注销公示,关于拟注销南通北达信科技发展有限公司等 138家企业跨地区增值电信业务经营许可的公示,2024-03-14,杭州数畅科技有限公司,B2-20190705,国内呼叫中心业务、信息服务业务（不含互联网信息服务）,浙江,B2-(全网),https://tsm.miit.gov.cn/dxxzsp/help/noticeDetail.jsp?id=347,2024
工信部,注销公示,关于拟注销南通北达信科技发展有限公司等 138家企业跨地区增值电信业务经营许可的公示,2024-03-14,北京如懿科技有限公司,B2-20190706,国内呼叫中心业务、信息服务业务（不含互联网信息服务）,北京,B2-(全网),https://tsm.miit.gov.cn/dxxzsp/help/noticeDetail.jsp?id=347,2024
工信部,注销公示,关于拟注销南通北达信科技发展有限公司等 138家企业跨地区增值电信业务经营许可的公示,2024-03-14,深圳市金瑞麒麟科技有限公司,B2-20190709,国内呼叫中心业务、信息服务业务（不含互联网信息服务）,广东,B2-(全网),https://tsm.miit.gov.cn/dxxzsp/help/noticeDetail.jsp?id=347,2024
工信部,注销公示,关于拟注销南通北达信科技发展有限公司等 138家企业跨地区增值电信业务经营许可的公示,2024-03-14,广州微网通软件科技有限公司,B2-20190710,国内呼叫中心业务、信息服务业务（不含互联网信息服务）,广东,B2-(全网),https://tsm.miit.gov.cn/dxxzsp/help/noticeDetail.jsp?id=347,2024
工信部,注销公示,关于拟注销南通北达信科技发展有限公司等 138家企业跨地区增值电信业务经营许可的公示,2024-03-14,浙江汇购科技股份有限公司,B2-20190717,国内呼叫中心业务、信息服务业务（不含互联网信息服务）,浙江,B2-(全网),https://tsm.miit.gov.cn/dxxzsp/help/noticeDetail.jsp?id=347,2024
工信部,注销公示,关于拟注销南通北达信科技发展有限公司等 138家企业跨地区增值电信业务经营许可的公示,2024-03-14,上海羽博医学科技有限公司,B2-20190718,国内呼叫中心业务、信息服务业务（不含互联网信息服务）,上海,B2-(全网),https://tsm.miit.gov.cn/dxxzsp/help/noticeDetail.jsp?id=347,2024
工信部,注销公示,关于拟注销南通北达信科技发展有限公司等 138家企业跨地区增值电信业务经营许可的公示,2024-03-14,天津易云博通文化发展有限公司,B2-20190721,国内呼叫中心业务、信息服务业务（不含互联网信息服务）,天津,B2-(全网),https://tsm.miit.gov.cn/dxxzsp/help/noticeDetail.jsp?id=347,2024
工信部,注销公示,关于拟注销南通北达信科技发展有限公司等 138家企业跨地区增值电信业务经营许可的公示,2024-03-14,山东悠游天下网络科技有限公司,B2-20190724,国内呼叫中心业务、信息服务业务（不含互联网信息服务）,山东,B2-(全网),https://tsm.miit.gov.cn/dxxzsp/help/noticeDetail.jsp?id=347,2024
工信部,注销公示,关于拟注销南通北达信科技发展有限公司等 138家企业跨地区增值电信业务经营许可的公示,2024-03-14,广州专注信息科技有限公司,B2-20190726,国内呼叫中心业务、信息服务业务（不含互联网信息服务）,广东,B2-(全网),https://tsm.miit.gov.cn/dxxzsp/help/noticeDetail.jsp?id=347,2024
工信部,注销公示,关于拟注销南通北达信科技发展有限公司等 138家企业跨地区增值电信业务经营许可的公示,2024-03-14,青岛宏沣实业有限公司,B2-20190734,国内呼叫中心业务,山东,B2-(全网),https://tsm.miit.gov.cn/dxxzsp/help/noticeDetail.jsp?id=347,2024
工信部,注销公示,关于拟注销南通北达信科技发展有限公司等 138家企业跨地区增值电信业务经营许可的公示,2024-03-14,深圳市科惠特科技服务有限公司,B1.B2-20190743,互联网数据中心业务、内容分发网络业务、互联网接入服务业务、国内多方通信服务业务、国内呼叫中心业务、信息服务业务（不含互联网信息服务）,广东,混合-(全网),https://tsm.miit.gov.cn/dxxzsp/help/noticeDetail.jsp?id=347,2024
工信部,注销公示,关于拟注销南通北达信科技发展有限公司等 138家企业跨地区增值电信业务经营许可的公示,2024-03-14,安徽普诺金融外包服务有限公司,B2-20190749,国内呼叫中心业务,安徽,B2-(全网),https://tsm.miit.gov.cn/dxxzsp/help/noticeDetail.jsp?id=347,2024
工信部,注销公示,关于拟注销南通北达信科技发展有限公司等 138家企业跨地区增值电信业务经营许可的公示,2024-03-14,西安航天新宇信息科技有限公司,B2-20190752,国内呼叫中心业务,陕西,B2-(全网),https://tsm.miit.gov.cn/dxxzsp/help/noticeDetail.jsp?id=347,2024
工信部,注销公示,关于拟注销南通北达信科技发展有限公司等 138家企业跨地区增值电信业务经营许可的公示,2024-03-14,广州畅聊云智能科技有限公司,B2-20190753,国内呼叫中心业务,广东,B2-(全网),https://tsm.miit.gov.cn/dxxzsp/help/noticeDetail.jsp?id=347,2024
工信部,注销公示,关于拟注销南通北达信科技发展有限公司等 138家企业跨地区增值电信业务经营许可的公示,2024-03-14,广东文泽智能科技有限公司,B2-20190754,国内呼叫中心业务,广东,B2-(全网),https://tsm.miit.gov.cn/dxxzsp/help/noticeDetail.jsp?id=347,2024
工信部,注销公示,关于拟注销南通北达信科技发展有限公司等 138家企业跨地区增值电信业务经营许可的公示,2024-03-14,上海策玥信息技术有限公司,B2-20190756,国内呼叫中心业务,上海,B2-(全网),https://tsm.miit.gov.cn/dxxzsp/help/noticeDetail.jsp?id=347,2024
工信部,注销公示,关于拟注销南通北达信科技发展有限公司等 138家企业跨地区增值电信业务经营许可的公示,2024-03-14,上海后福商务咨询有限公司,B2-20190759,国内呼叫中心业务,上海,B2-(全网),https://tsm.miit.gov.cn/dxxzsp/help/noticeDetail.jsp?id=347,2024
工信部,注销公示,关于拟注销南通北达信科技发展有限公司等 138家企业跨地区增值电信业务经营许可的公示,2024-03-14,北京胜世恒辉技术服务有限公司,B2-20190760,国内呼叫中心业务,北京,B2-(全网),https://tsm.miit.gov.cn/dxxzsp/help/noticeDetail.jsp?id=347,2024
工信部,注销公示,关于拟注销南通北达信科技发展有限公司等 138家企业跨地区增值电信业务经营许可的公示,2024-03-14,安徽网腾信息技术有限公司,B2-20190762,国内呼叫中心业务,安徽,B2-(全网),https://tsm.miit.gov.cn/dxxzsp/help/noticeDetail.jsp?id=347,2024
工信部,注销公示,关于拟注销南通北达信科技发展有限公司等 138家企业跨地区增值电信业务经营许可的公示,2024-03-14,湖南聚晨电子商务科技有限公司,B2-20190763,国内呼叫中心业务,湖南,B2-(全网),https://tsm.miit.gov.cn/dxxzsp/help/noticeDetail.jsp?id=347,2024
工信部,注销公示,关于拟注销南通北达信科技发展有限公司等 138家企业跨地区增值电信业务经营许可的公示,2024-03-14,厦门八豪科技有限公司,B2-20190764,国内呼叫中心业务,福建,B2-(全网),https://tsm.miit.gov.cn/dxxzsp/help/noticeDetail.jsp?id=347,2024
工信部,注销公示,关于拟注销南通北达信科技发展有限公司等 138家企业跨地区增值电信业务经营许可的公示,2024-03-14,广州市中汇康健健康咨询服务有限公司,B2-20190766,国内呼叫中心业务,广东,B2-(全网),https://tsm.miit.gov.cn/dxxzsp/help/noticeDetail.jsp?id=347,2024
工信部,注销公示,关于拟注销南通北达信科技发展有限公司等 138家企业跨地区增值电信业务经营许可的公示,2024-03-14,东营市越众信息技术咨询服务有限公司,B2-20190768,国内呼叫中心业务,未知,B2-(全网),https://tsm.miit.gov.cn/dxxzsp/help/noticeDetail.jsp?id=347,2024
工信部,注销公示,关于拟注销南通北达信科技发展有限公司等 138家企业跨地区增值电信业务经营许可的公示,2024-03-14,南京云智通通信技术有限公司,B2-20190774,国内呼叫中心业务,江苏,B2-(全网),https://tsm.miit.gov.cn/dxxzsp/help/noticeDetail.jsp?id=347,2024
工信部,注销公示,关于拟注销南通北达信科技发展有限公司等 138家企业跨地区增值电信业务经营许可的公示,2024-03-14,重庆申仕杰信息科技有限公司,B2-20190784,国内呼叫中心业务,重庆,B2-(全网),https://tsm.miit.gov.cn/dxxzsp/help/noticeDetail.jsp?id=347,2024
工信部,注销公示,关于拟注销南通北达信科技发展有限公司等 138家企业跨地区增值电信业务经营许可的公示,2024-03-14,温州绿杉林环保科技有限公司,B2-20190792,国内呼叫中心业务,未知,B2-(全网),https://tsm.miit.gov.cn/dxxzsp/help/noticeDetail.jsp?id=347,2024
工信部,注销公示,关于拟注销南通北达信科技发展有限公司等 138家企业跨地区增值电信业务经营许可的公示,2024-03-14,安徽徽音信息科技有限公司,B2-20190794,国内呼叫中心业务,安徽,B2-(全网),https://tsm.miit.gov.cn/dxxzsp/help/noticeDetail.jsp?id=347,2024
工信部,注销公示,关于拟注销南通北达信科技发展有限公司等 138家企业跨地区增值电信业务经营许可的公示,2024-03-14,天津市盛天博雅科技有限公司,B2-20190795,国内呼叫中心业务,天津,B2-(全网),https://tsm.miit.gov.cn/dxxzsp/help/noticeDetail.jsp?id=347,2024
工信部,注销公示,关于拟注销南通北达信科技发展有限公司等 138家企业跨地区增值电信业务经营许可的公示,2024-03-14,黑龙江龙讯云计算有限公司,B2-20190797,国内呼叫中心业务,黑龙江,B2-(全网),https://tsm.miit.gov.cn/dxxzsp/help/noticeDetail.jsp?id=347,2024
工信部,注销公示,关于拟注销南通北达信科技发展有限公司等 138家企业跨地区增值电信业务经营许可的公示,2024-03-14,福建银汇恒通商务发展有限公司,B2-20190798,国内呼叫中心业务,福建,B2-(全网),https://tsm.miit.gov.cn/dxxzsp/help/noticeDetail.jsp?id=347,2024
工信部,注销公示,关于拟注销南通北达信科技发展有限公司等 138家企业跨地区增值电信业务经营许可的公示,2024-03-14,北京淘车科技有限公司,B2-20190799,国内呼叫中心业务,北京,B2-(全网),https://tsm.miit.gov.cn/dxxzsp/help/noticeDetail.jsp?id=347,2024
工信部,注销公示,关于拟注销南通北达信科技发展有限公司等 138家企业跨地区增值电信业务经营许可的公示,2024-03-14,云南银环科技有限公司,B2-20190801,国内呼叫中心业务,云南,B2-(全网),https://tsm.miit.gov.cn/dxxzsp/help/noticeDetail.jsp?id=347,2024
工信部,注销公示,关于拟注销南通北达信科技发展有限公司等 138家企业跨地区增值电信业务经营许可的公示,2024-03-14,山东菩提网络技术有限公司,B2-20190802,国内呼叫中心业务,山东,B2-(全网),https://tsm.miit.gov.cn/dxxzsp/help/noticeDetail.jsp?id=347,2024
工信部,注销公示,关于拟注销南通北达信科技发展有限公司等 138家企业跨地区增值电信业务经营许可的公示,2024-03-14,舟云信（武汉）科技有限公司,B2-20190810,国内呼叫中心业务、信息服务业务（不含互联网信息服务）,湖北,B2-(全网),https://tsm.miit.gov.cn/dxxzsp/help/noticeDetail.jsp?id=347,2024
工信部,注销公示,关于拟注销南通北达信科技发展有限公司等 138家企业跨地区增值电信业务经营许可的公示,2024-03-14,福建鑫坤维信息科技有限公司,B2-20190817,国内呼叫中心业务、信息服务业务（不含互联网信息服务）,福建,B2-(全网),https://tsm.miit.gov.cn/dxxzsp/help/noticeDetail.jsp?id=347,2024
工信部,注销公示,关于拟注销南通北达信科技发展有限公司等 138家企业跨地区增值电信业务经营许可的公示,2024-03-14,北京智信云信息技术有限公司,B2-20190837,国内呼叫中心业务、信息服务业务（不含互联网信息服务）,北京,B2-(全网),https://tsm.miit.gov.cn/dxxzsp/help/noticeDetail.jsp?id=347,2024
工信部,注销公示,关于拟注销南通北达信科技发展有限公司等 138家企业跨地区增值电信业务经营许可的公示,2024-03-14,珠海市汉瑞通信技术有限公司,B2-20190840,国内呼叫中心业务、信息服务业务（不含互联网信息服务）,未知,B2-(全网),https://tsm.miit.gov.cn/dxxzsp/help/noticeDetail.jsp?id=347,2024
工信部,新发证名单,《中华人民共和国增值电信业务经营许可证》发放名单-(2024)第6批,2024-03-08,合肥艺趣信息技术有限公司,B2-20240645,国内呼叫中心业务,安徽,B2-(全网),https://tsm.miit.gov.cn/dxxzsp/help/noticeDetail.jsp?id=346,2024
工信部,新发证名单,《中华人民共和国增值电信业务经营许可证》发放名单-(2024)第6批,2024-03-08,成都富泰锦丰汇科技有限公司,B2-20240646,国内呼叫中心业务,四川,B2-(全网),https://tsm.miit.gov.cn/dxxzsp/help/noticeDetail.jsp?id=346,2024
工信部,新发证名单,《中华人民共和国增值电信业务经营许可证》发放名单-(2024)第6批,2024-03-08,安庆和君纵达数据科技有限公司,B2-20240647,国内呼叫中心业务,安徽,B2-(全网),https://tsm.miit.gov.cn/dxxzsp/help/noticeDetail.jsp?id=346,2024
工信部,新发证名单,《中华人民共和国增值电信业务经营许可证》发放名单-(2024)第6批,2024-03-08,邮乐金服（江苏）科技有限公司,合字B2-20220455,国内呼叫中心业务,江苏,B2-(全网),https://tsm.miit.gov.cn/dxxzsp/help/noticeDetail.jsp?id=346,2024
工信部,新发证名单,《中华人民共和国增值电信业务经营许可证》发放名单-(2024)第6批,2024-03-08,厦门浩舜信息科技有限公司,B2-20221207,国内呼叫中心业务,福建,B2-(全网),https://tsm.miit.gov.cn/dxxzsp/help/noticeDetail.jsp?id=346,2024
工信部,新发证名单,《中华人民共和国增值电信业务经营许可证》发放名单-(2024)第22批,2024-07-22,重庆杰成人力资源集团有限公司,B2-20242062,国内呼叫中心业务,重庆,B2-(全网),https://tsm.miit.gov.cn/dxxzsp/help/noticeDetail.jsp?id=372,2024
工信部,新发证名单,《中华人民共和国增值电信业务经营许可证》发放名单-(2024)第22批,2024-07-22,广东尚通科技发展有限公司,B2-20221787,国内呼叫中心业务,广东,B2-(全网),https://tsm.miit.gov.cn/dxxzsp/help/noticeDetail.jsp?id=372,2024
工信部,新发证名单,《中华人民共和国增值电信业务经营许可证》发放名单-(2024)第22批,2024-07-22,广东密讯科技有限公司,B2-20233330,国内呼叫中心业务,广东,B2-(全网),https://tsm.miit.gov.cn/dxxzsp/help/noticeDetail.jsp?id=372,2024
工信部,新发证名单,《中华人民共和国增值电信业务经营许可证》发放名单-(2024)第5批,2024-03-01,重庆聚盟科技发展有限公司,B2-20240581,国内呼叫中心业务,重庆,B2-(全网),https://tsm.miit.gov.cn/dxxzsp/help/noticeDetail.jsp?id=344,2024
工信部,新发证名单,《中华人民共和国增值电信业务经营许可证》发放名单-(2024)第5批,2024-03-01,中智（安徽）科技服务有限公司,B2-20240582,国内呼叫中心业务,安徽,B2-(全网),https://tsm.miit.gov.cn/dxxzsp/help/noticeDetail.jsp?id=344,2024
工信部,新发证名单,《中华人民共和国增值电信业务经营许可证》发放名单-(2024)第5批,2024-03-01,山东省保时通信息网络有限公司,A2.B1-20190354,国内呼叫中心业务,山东,混合-(全网),https://tsm.miit.gov.cn/dxxzsp/help/noticeDetail.jsp?id=344,2024
工信部,新发证名单,《中华人民共和国增值电信业务经营许可证》发放名单-(2024)第5批,2024-03-01,苏州保泰信息科技有限公司,合字B2-20230468,国内呼叫中心业务,江苏,B2-(全网),https://tsm.miit.gov.cn/dxxzsp/help/noticeDetail.jsp?id=344,2024
工信部,注销公示,关于拟注销北京恒信仪和信息技术有限公司等 174家企业跨地区增值电信业务经营许可的公示,2024-03-28,浙江华寅科技有限公司,B2-20171712,国内呼叫中心业务,浙江,B2-(全网),https://tsm.miit.gov.cn/dxxzsp/help/noticeDetail.jsp?id=349,2024
工信部,注销公示,关于拟注销北京恒信仪和信息技术有限公司等 174家企业跨地区增值电信业务经营许可的公示,2024-03-28,上海忆尚实业有限责任公司,B2-20191939,国内呼叫中心业务,上海,B2-(全网),https://tsm.miit.gov.cn/dxxzsp/help/noticeDetail.jsp?id=349,2024
工信部,注销公示,关于拟注销北京恒信仪和信息技术有限公司等 174家企业跨地区增值电信业务经营许可的公示,2024-03-28,佛山市爱乐讯科技有限公司,B2-20191940,国内呼叫中心业务,未知,B2-(全网),https://tsm.miit.gov.cn/dxxzsp/help/noticeDetail.jsp?id=349,2024
工信部,注销公示,关于拟注销北京恒信仪和信息技术有限公司等 174家企业跨地区增值电信业务经营许可的公示,2024-03-28,牡丹江英涛网络科技服务有限公司,B2-20193112,国内呼叫中心业务,未知,B2-(全网),https://tsm.miit.gov.cn/dxxzsp/help/noticeDetail.jsp?id=349,2024
工信部,注销公示,关于拟注销北京恒信仪和信息技术有限公司等 174家企业跨地区增值电信业务经营许可的公示,2024-03-28,四川米袋顶峰科技信息服务有限公司,B2-20195040,国内呼叫中心业务,四川,B2-(全网),https://tsm.miit.gov.cn/dxxzsp/help/noticeDetail.jsp?id=349,2024
工信部,注销公示,关于拟注销北京恒信仪和信息技术有限公司等 174家企业跨地区增值电信业务经营许可的公示,2024-03-28,深圳市微米达通讯有限公司,B2-20140110,国内呼叫中心业务,广东,B2-(全网),https://tsm.miit.gov.cn/dxxzsp/help/noticeDetail.jsp?id=349,2024
工信部,注销公示,关于拟注销北京恒信仪和信息技术有限公司等 174家企业跨地区增值电信业务经营许可的公示,2024-03-28,上海好锦科技发展有限公司,B2-20140139,国内呼叫中心业务、信息服务业务（不含互联网信息服务）,上海,B2-(全网),https://tsm.miit.gov.cn/dxxzsp/help/noticeDetail.jsp?id=349,2024
工信部,注销公示,关于拟注销北京恒信仪和信息技术有限公司等 174家企业跨地区增值电信业务经营许可的公示,2024-03-28,福建冠悦网络科技有限公司,B2-20140194,国内呼叫中心业务、信息服务业务（不含互联网信息服务）,福建,B2-(全网),https://tsm.miit.gov.cn/dxxzsp/help/noticeDetail.jsp?id=349,2024
工信部,注销公示,关于拟注销北京恒信仪和信息技术有限公司等 174家企业跨地区增值电信业务经营许可的公示,2024-03-28,陕西万源信鼎网络科技有限公司,B1.B2-20190936,互联网接入服务业务、国内呼叫中心业务、信息服务业务（不含互联网信息服务）,陕西,混合-(全网),https://tsm.miit.gov.cn/dxxzsp/help/noticeDetail.jsp?id=349,2024
工信部,注销公示,关于拟注销北京恒信仪和信息技术有限公司等 174家企业跨地区增值电信业务经营许可的公示,2024-03-28,物享科技（江苏）有限公司,B2-20190939,国内多方通信服务业务、国内呼叫中心业务、信息服务业务（不含互联网信息服务）,江苏,B2-(全网),https://tsm.miit.gov.cn/dxxzsp/help/noticeDetail.jsp?id=349,2024
工信部,注销公示,关于拟注销北京恒信仪和信息技术有限公司等 174家企业跨地区增值电信业务经营许可的公示,2024-03-28,广州智信云网络科技有限公司,B2-20190940,国内呼叫中心业务、信息服务业务（不含互联网信息服务）,广东,B2-(全网),https://tsm.miit.gov.cn/dxxzsp/help/noticeDetail.jsp?id=349,2024
工信部,注销公示,关于拟注销北京恒信仪和信息技术有限公司等 174家企业跨地区增值电信业务经营许可的公示,2024-03-28,万影技术（深圳）有限公司,B2-20190941,国内呼叫中心业务、信息服务业务（不含互联网信息服务）,广东,B2-(全网),https://tsm.miit.gov.cn/dxxzsp/help/noticeDetail.jsp?id=349,2024
工信部,注销公示,关于拟注销北京恒信仪和信息技术有限公司等 174家企业跨地区增值电信业务经营许可的公示,2024-03-28,北京数源互联科技有限公司,B2-20190942,国内呼叫中心业务、信息服务业务（不含互联网信息服务）,北京,B2-(全网),https://tsm.miit.gov.cn/dxxzsp/help/noticeDetail.jsp?id=349,2024
工信部,注销公示,关于拟注销北京恒信仪和信息技术有限公司等 174家企业跨地区增值电信业务经营许可的公示,2024-03-28,北京华创捷讯科技有限公司,B2-20190947,国内呼叫中心业务、信息服务业务（不含互联网信息服务）,北京,B2-(全网),https://tsm.miit.gov.cn/dxxzsp/help/noticeDetail.jsp?id=349,2024
工信部,注销公示,关于拟注销北京恒信仪和信息技术有限公司等 174家企业跨地区增值电信业务经营许可的公示,2024-03-28,广州多元化科技有限公司,B2-20190951,国内呼叫中心业务、信息服务业务（不含互联网信息服务）,广东,B2-(全网),https://tsm.miit.gov.cn/dxxzsp/help/noticeDetail.jsp?id=349,2024
工信部,注销公示,关于拟注销北京恒信仪和信息技术有限公司等 174家企业跨地区增值电信业务经营许可的公示,2024-03-28,南京聚通时讯科技有限公司,B2-20190952,国内呼叫中心业务、信息服务业务（不含互联网信息服务）,江苏,B2-(全网),https://tsm.miit.gov.cn/dxxzsp/help/noticeDetail.jsp?id=349,2024
工信部,注销公示,关于拟注销北京恒信仪和信息技术有限公司等 174家企业跨地区增值电信业务经营许可的公示,2024-03-28,湖北伽玛科技有限公司,B2-20190954,国内呼叫中心业务、信息服务业务（不含互联网信息服务）,湖北,B2-(全网),https://tsm.miit.gov.cn/dxxzsp/help/noticeDetail.jsp?id=349,2024
工信部,注销公示,关于拟注销北京恒信仪和信息技术有限公司等 174家企业跨地区增值电信业务经营许可的公示,2024-03-28,海益有限公司,B2-20190955,国内呼叫中心业务、信息服务业务（不含互联网信息服务）,未知,B2-(全网),https://tsm.miit.gov.cn/dxxzsp/help/noticeDetail.jsp?id=349,2024
工信部,注销公示,关于拟注销北京恒信仪和信息技术有限公司等 174家企业跨地区增值电信业务经营许可的公示,2024-03-28,北京珑雪讯科科技有限公司,B2-20190969,国内呼叫中心业务、信息服务业务（不含互联网信息服务）,北京,B2-(全网),https://tsm.miit.gov.cn/dxxzsp/help/noticeDetail.jsp?id=349,2024
工信部,注销公示,关于拟注销北京恒信仪和信息技术有限公司等 174家企业跨地区增值电信业务经营许可的公示,2024-03-28,河南林宇企业管理咨询有限公司,B2-20190970,国内呼叫中心业务、信息服务业务（不含互联网信息服务）,河南,B2-(全网),https://tsm.miit.gov.cn/dxxzsp/help/noticeDetail.jsp?id=349,2024
工信部,注销公示,关于拟注销北京恒信仪和信息技术有限公司等 174家企业跨地区增值电信业务经营许可的公示,2024-03-28,上海游昆信息技术有限公司,B2-20190973,国内呼叫中心业务、信息服务业务（不含互联网信息服务）,上海,B2-(全网),https://tsm.miit.gov.cn/dxxzsp/help/noticeDetail.jsp?id=349,2024
工信部,注销公示,关于拟注销北京恒信仪和信息技术有限公司等 174家企业跨地区增值电信业务经营许可的公示,2024-03-28,广州市芯琅网络科技有限公司,B1.B2-20190981,互联网数据中心业务、内容分发网络业务、互联网接入服务业务、国内呼叫中心业务、信息服务业务（不含互联网信息服务）,广东,混合-(全网),https://tsm.miit.gov.cn/dxxzsp/help/noticeDetail.jsp?id=349,2024
工信部,注销公示,关于拟注销北京恒信仪和信息技术有限公司等 174家企业跨地区增值电信业务经营许可的公示,2024-03-28,济宁未来已来信息技术有限公司,B2-20190984,国内呼叫中心业务、信息服务业务（不含互联网信息服务）,未知,B2-(全网),https://tsm.miit.gov.cn/dxxzsp/help/noticeDetail.jsp?id=349,2024
工信部,注销公示,关于拟注销北京恒信仪和信息技术有限公司等 174家企业跨地区增值电信业务经营许可的公示,2024-03-28,北京洪运恒通通信技术有限公司,B2-20190989,国内呼叫中心业务、信息服务业务（不含互联网信息服务）,北京,B2-(全网),https://tsm.miit.gov.cn/dxxzsp/help/noticeDetail.jsp?id=349,2024
工信部,注销公示,关于拟注销北京恒信仪和信息技术有限公司等 174家企业跨地区增值电信业务经营许可的公示,2024-03-28,安徽迪迪云文化传媒有限公司,B2-20190991,国内呼叫中心业务、信息服务业务（不含互联网信息服务）,安徽,B2-(全网),https://tsm.miit.gov.cn/dxxzsp/help/noticeDetail.jsp?id=349,2024
工信部,注销公示,关于拟注销北京恒信仪和信息技术有限公司等 174家企业跨地区增值电信业务经营许可的公示,2024-03-28,三河市通盛信息商务有限公司,B2-20191002,国内呼叫中心业务,未知,B2-(全网),https://tsm.miit.gov.cn/dxxzsp/help/noticeDetail.jsp?id=349,2024
工信部,注销公示,关于拟注销北京恒信仪和信息技术有限公司等 174家企业跨地区增值电信业务经营许可的公示,2024-03-28,西安博科思网络通信股份有限公司,B2-20191003,国内呼叫中心业务,陕西,B2-(全网),https://tsm.miit.gov.cn/dxxzsp/help/noticeDetail.jsp?id=349,2024
工信部,注销公示,关于拟注销北京恒信仪和信息技术有限公司等 174家企业跨地区增值电信业务经营许可的公示,2024-03-28,湘潭泰和锦益科技有限公司,B2-20191004,国内呼叫中心业务,未知,B2-(全网),https://tsm.miit.gov.cn/dxxzsp/help/noticeDetail.jsp?id=349,2024
工信部,注销公示,关于拟注销北京恒信仪和信息技术有限公司等 174家企业跨地区增值电信业务经营许可的公示,2024-03-28,广东潮庭集团有限公司,B2-20191009,国内呼叫中心业务,广东,B2-(全网),https://tsm.miit.gov.cn/dxxzsp/help/noticeDetail.jsp?id=349,2024
工信部,注销公示,关于拟注销北京恒信仪和信息技术有限公司等 174家企业跨地区增值电信业务经营许可的公示,2024-03-28,乐荐网药大药房连锁（辽宁）有限公司,B2-20191011,国内呼叫中心业务,辽宁,B2-(全网),https://tsm.miit.gov.cn/dxxzsp/help/noticeDetail.jsp?id=349,2024
工信部,注销公示,关于拟注销北京恒信仪和信息技术有限公司等 174家企业跨地区增值电信业务经营许可的公示,2024-03-28,厦门金远达财务管理有限公司,B2-20191013,国内呼叫中心业务,福建,B2-(全网),https://tsm.miit.gov.cn/dxxzsp/help/noticeDetail.jsp?id=349,2024
工信部,注销公示,关于拟注销北京恒信仪和信息技术有限公司等 174家企业跨地区增值电信业务经营许可的公示,2024-03-28,河北蓝安教育科技有限公司,B2-20191015,国内呼叫中心业务,河北,B2-(全网),https://tsm.miit.gov.cn/dxxzsp/help/noticeDetail.jsp?id=349,2024
工信部,注销公示,关于拟注销北京恒信仪和信息技术有限公司等 174家企业跨地区增值电信业务经营许可的公示,2024-03-28,秦皇岛途客凯业信息技术有限公司,B2-20191020,国内呼叫中心业务,未知,B2-(全网),https://tsm.miit.gov.cn/dxxzsp/help/noticeDetail.jsp?id=349,2024
工信部,注销公示,关于拟注销北京恒信仪和信息技术有限公司等 174家企业跨地区增值电信业务经营许可的公示,2024-03-28,深圳市柏为信息技术有限公司,B2-20191023,国内呼叫中心业务,广东,B2-(全网),https://tsm.miit.gov.cn/dxxzsp/help/noticeDetail.jsp?id=349,2024
工信部,注销公示,关于拟注销北京恒信仪和信息技术有限公司等 174家企业跨地区增值电信业务经营许可的公示,2024-03-28,安徽恒律商务咨询有限公司,B2-20191027,国内呼叫中心业务,安徽,B2-(全网),https://tsm.miit.gov.cn/dxxzsp/help/noticeDetail.jsp?id=349,2024
工信部,注销公示,关于拟注销北京恒信仪和信息技术有限公司等 174家企业跨地区增值电信业务经营许可的公示,2024-03-28,国融财汇金融服务外包(北京)有限公司,B2-20191030,国内呼叫中心业务,北京,B2-(全网),https://tsm.miit.gov.cn/dxxzsp/help/noticeDetail.jsp?id=349,2024
工信部,注销公示,关于拟注销北京恒信仪和信息技术有限公司等 174家企业跨地区增值电信业务经营许可的公示,2024-03-28,扬州鼎信信息科技咨询服务有限责任公司,B2-20191034,国内呼叫中心业务,未知,B2-(全网),https://tsm.miit.gov.cn/dxxzsp/help/noticeDetail.jsp?id=349,2024
工信部,注销公示,关于拟注销北京恒信仪和信息技术有限公司等 174家企业跨地区增值电信业务经营许可的公示,2024-03-28,广州市蜂鸟通信服务有限责任公司,B2-20191038,国内呼叫中心业务,广东,B2-(全网),https://tsm.miit.gov.cn/dxxzsp/help/noticeDetail.jsp?id=349,2024
工信部,注销公示,关于拟注销北京恒信仪和信息技术有限公司等 174家企业跨地区增值电信业务经营许可的公示,2024-03-28,陕西道可道通讯有限公司,B1.B2-20191040,互联网数据中心业务、互联网接入服务业务、国内呼叫中心业务、信息服务业务（不含互联网信息服务）,陕西,混合-(全网),https://tsm.miit.gov.cn/dxxzsp/help/noticeDetail.jsp?id=349,2024
工信部,注销公示,关于拟注销北京恒信仪和信息技术有限公司等 174家企业跨地区增值电信业务经营许可的公示,2024-03-28,河北巨康网络科技有限公司,B2-20191041,国内呼叫中心业务,河北,B2-(全网),https://tsm.miit.gov.cn/dxxzsp/help/noticeDetail.jsp?id=349,2024
工信部,注销公示,关于拟注销北京恒信仪和信息技术有限公司等 174家企业跨地区增值电信业务经营许可的公示,2024-03-28,湖南全猎网络科技有限公司,B2-20191042,国内呼叫中心业务,湖南,B2-(全网),https://tsm.miit.gov.cn/dxxzsp/help/noticeDetail.jsp?id=349,2024
工信部,注销公示,关于拟注销北京恒信仪和信息技术有限公司等 174家企业跨地区增值电信业务经营许可的公示,2024-03-28,深圳市佰星科技服务有限公司,B2-20191044,国内呼叫中心业务,广东,B2-(全网),https://tsm.miit.gov.cn/dxxzsp/help/noticeDetail.jsp?id=349,2024
工信部,注销公示,关于拟注销北京恒信仪和信息技术有限公司等 174家企业跨地区增值电信业务经营许可的公示,2024-03-28,北京睿柏科技有限公司,B2-20191045,国内呼叫中心业务,北京,B2-(全网),https://tsm.miit.gov.cn/dxxzsp/help/noticeDetail.jsp?id=349,2024
工信部,注销公示,关于拟注销北京恒信仪和信息技术有限公司等 174家企业跨地区增值电信业务经营许可的公示,2024-03-28,山东融托科技有限公司,B2-20191046,国内呼叫中心业务,山东,B2-(全网),https://tsm.miit.gov.cn/dxxzsp/help/noticeDetail.jsp?id=349,2024
工信部,注销公示,关于拟注销北京恒信仪和信息技术有限公司等 174家企业跨地区增值电信业务经营许可的公示,2024-03-28,聚数信息科技（昆山）有限公司,B2-20191048,国内呼叫中心业务,未知,B2-(全网),https://tsm.miit.gov.cn/dxxzsp/help/noticeDetail.jsp?id=349,2024
工信部,注销公示,关于拟注销北京恒信仪和信息技术有限公司等 174家企业跨地区增值电信业务经营许可的公示,2024-03-28,镇江五八到家供应链管理服务有限公司,B2-20191050,国内呼叫中心业务,未知,B2-(全网),https://tsm.miit.gov.cn/dxxzsp/help/noticeDetail.jsp?id=349,2024
工信部,注销公示,关于拟注销北京恒信仪和信息技术有限公司等 174家企业跨地区增值电信业务经营许可的公示,2024-03-28,沈阳鑫融汇电子科技有限公司,B2-20191051,国内呼叫中心业务,辽宁,B2-(全网),https://tsm.miit.gov.cn/dxxzsp/help/noticeDetail.jsp?id=349,2024
工信部,注销公示,关于拟注销北京恒信仪和信息技术有限公司等 174家企业跨地区增值电信业务经营许可的公示,2024-03-28,深圳市中惠蓝硕科技有限公司,B2-20191052,国内呼叫中心业务,广东,B2-(全网),https://tsm.miit.gov.cn/dxxzsp/help/noticeDetail.jsp?id=349,2024
工信部,注销公示,关于拟注销北京恒信仪和信息技术有限公司等 174家企业跨地区增值电信业务经营许可的公示,2024-03-28,烟台茂宸信息科技有限公司,B2-20191053,国内呼叫中心业务,未知,B2-(全网),https://tsm.miit.gov.cn/dxxzsp/help/noticeDetail.jsp?id=349,2024
工信部,注销公示,关于拟注销北京恒信仪和信息技术有限公司等 174家企业跨地区增值电信业务经营许可的公示,2024-03-28,惠州市捷联迅实业有限公司,B2-20191055,国内呼叫中心业务,未知,B2-(全网),https://tsm.miit.gov.cn/dxxzsp/help/noticeDetail.jsp?id=349,2024
工信部,注销公示,关于拟注销北京恒信仪和信息技术有限公司等 174家企业跨地区增值电信业务经营许可的公示,2024-03-28,深圳市步锐投资控股有限公司,B2-20191056,国内呼叫中心业务,广东,B2-(全网),https://tsm.miit.gov.cn/dxxzsp/help/noticeDetail.jsp?id=349,2024
工信部,注销公示,关于拟注销北京恒信仪和信息技术有限公司等 174家企业跨地区增值电信业务经营许可的公示,2024-03-28,北京兴农有道科技有限公司,B2-20191065,国内呼叫中心业务,北京,B2-(全网),https://tsm.miit.gov.cn/dxxzsp/help/noticeDetail.jsp?id=349,2024
工信部,注销公示,关于拟注销北京恒信仪和信息技术有限公司等 174家企业跨地区增值电信业务经营许可的公示,2024-03-28,成都诺易信科技有限公司,B2-20191066,国内呼叫中心业务,四川,B2-(全网),https://tsm.miit.gov.cn/dxxzsp/help/noticeDetail.jsp?id=349,2024
工信部,注销公示,关于拟注销北京恒信仪和信息技术有限公司等 174家企业跨地区增值电信业务经营许可的公示,2024-03-28,成都成诚通讯有限公司,B2-20191067,国内呼叫中心业务,四川,B2-(全网),https://tsm.miit.gov.cn/dxxzsp/help/noticeDetail.jsp?id=349,2024
工信部,注销公示,关于拟注销北京恒信仪和信息技术有限公司等 174家企业跨地区增值电信业务经营许可的公示,2024-03-28,陕西地矿科技产业股份有限公司,B2-20191068,国内呼叫中心业务,陕西,B2-(全网),https://tsm.miit.gov.cn/dxxzsp/help/noticeDetail.jsp?id=349,2024
工信部,注销公示,关于拟注销北京恒信仪和信息技术有限公司等 174家企业跨地区增值电信业务经营许可的公示,2024-03-28,西安佳果智能科技有限公司,B2-20191069,国内呼叫中心业务,陕西,B2-(全网),https://tsm.miit.gov.cn/dxxzsp/help/noticeDetail.jsp?id=349,2024
工信部,注销公示,关于拟注销北京恒信仪和信息技术有限公司等 174家企业跨地区增值电信业务经营许可的公示,2024-03-28,菏泽大祺信息科技有限公司,B2-20191070,国内呼叫中心业务,未知,B2-(全网),https://tsm.miit.gov.cn/dxxzsp/help/noticeDetail.jsp?id=349,2024
工信部,注销公示,关于拟注销北京恒信仪和信息技术有限公司等 174家企业跨地区增值电信业务经营许可的公示,2024-03-28,广东华粤金服科技有限公司,B2-20191073,国内呼叫中心业务、信息服务业务（不含互联网信息服务）,广东,B2-(全网),https://tsm.miit.gov.cn/dxxzsp/help/noticeDetail.jsp?id=349,2024
工信部,注销公示,关于拟注销北京恒信仪和信息技术有限公司等 174家企业跨地区增值电信业务经营许可的公示,2024-03-28,长空飞鹰商贸（营口）有限公司,B2-20191074,国内呼叫中心业务,未知,B2-(全网),https://tsm.miit.gov.cn/dxxzsp/help/noticeDetail.jsp?id=349,2024
工信部,注销公示,关于拟注销北京恒信仪和信息技术有限公司等 174家企业跨地区增值电信业务经营许可的公示,2024-03-28,湖南天烽科技有限公司,B2-20191075,国内呼叫中心业务,湖南,B2-(全网),https://tsm.miit.gov.cn/dxxzsp/help/noticeDetail.jsp?id=349,2024
工信部,注销公示,关于拟注销北京恒信仪和信息技术有限公司等 174家企业跨地区增值电信业务经营许可的公示,2024-03-28,联拓信通（北京）科技有限公司,B2-20191081,国内呼叫中心业务,北京,B2-(全网),https://tsm.miit.gov.cn/dxxzsp/help/noticeDetail.jsp?id=349,2024
工信部,注销公示,关于拟注销北京恒信仪和信息技术有限公司等 174家企业跨地区增值电信业务经营许可的公示,2024-03-28,安徽俊华科技有限公司,B2-20191149,国内呼叫中心业务、信息服务业务（不含互联网信息服务）,安徽,B2-(全网),https://tsm.miit.gov.cn/dxxzsp/help/noticeDetail.jsp?id=349,2024
工信部,注销公示,关于拟注销北京恒信仪和信息技术有限公司等 174家企业跨地区增值电信业务经营许可的公示,2024-03-28,广州千银通科技发展有限公司,B2-20191151,国内呼叫中心业务、信息服务业务（不含互联网信息服务）,广东,B2-(全网),https://tsm.miit.gov.cn/dxxzsp/help/noticeDetail.jsp?id=349,2024
工信部,注销公示,关于拟注销北京恒信仪和信息技术有限公司等 174家企业跨地区增值电信业务经营许可的公示,2024-03-28,江苏苏宁云计算有限公司,B1.B2-20191174,互联网数据中心业务、内容分发网络业务、国内互联网虚拟专用网业务、互联网接入服务业务、国内多方通信服务业务、存储转发类业务、国内呼叫中心业务、信息服务业务（不含互联网信息服务）,江苏,混合-(全网),https://tsm.miit.gov.cn/dxxzsp/help/noticeDetail.jsp?id=349,2024
工信部,注销公示,关于拟注销北京恒信仪和信息技术有限公司等 174家企业跨地区增值电信业务经营许可的公示,2024-03-28,河南顺旭通企业管理咨询有限公司,B2-20191175,国内呼叫中心业务,河南,B2-(全网),https://tsm.miit.gov.cn/dxxzsp/help/noticeDetail.jsp?id=349,2024
工信部,新发证名单,《中华人民共和国增值电信业务经营许可证》发放名单-(2024)第10批,2024-04-15,上海安畅网络科技股份有限公司,B2-20240959,国内呼叫中心业务,上海,B2-(全网),https://tsm.miit.gov.cn/dxxzsp/help/noticeDetail.jsp?id=353,2024
工信部,新发证名单,《中华人民共和国增值电信业务经营许可证》发放名单-(2024)第10批,2024-04-15,重庆人和数据研究院有限公司,B2-20240960,国内呼叫中心业务,重庆,B2-(全网),https://tsm.miit.gov.cn/dxxzsp/help/noticeDetail.jsp?id=353,2024
工信部,注销公示,关于拟注销河南省邦汇电子科技有限公司等 256家企业跨地区增值电信业务经营许可的公示,2024-04-30,北京创数纪信息技术有限责任公司,B2-20194381,国内呼叫中心业务、信息服务业务（不含互联网信息服务）,北京,B2-(全网),https://tsm.miit.gov.cn/dxxzsp/help/noticeDetail.jsp?id=356,2024
工信部,注销公示,关于拟注销河南省邦汇电子科技有限公司等 256家企业跨地区增值电信业务经营许可的公示,2024-04-30,西藏海涵实业有限公司,B2-20090066,国内呼叫中心业务,西藏,B2-(全网),https://tsm.miit.gov.cn/dxxzsp/help/noticeDetail.jsp?id=356,2024
工信部,注销公示,关于拟注销河南省邦汇电子科技有限公司等 256家企业跨地区增值电信业务经营许可的公示,2024-04-30,北京华云讯通科技有限公司,B2-20140193,国内呼叫中心业务、信息服务业务（不含互联网信息服务）,北京,B2-(全网),https://tsm.miit.gov.cn/dxxzsp/help/noticeDetail.jsp?id=356,2024
工信部,注销公示,关于拟注销河南省邦汇电子科技有限公司等 256家企业跨地区增值电信业务经营许可的公示,2024-04-30,浙江迎鸿科技有限公司,B2-20191218,国内多方通信服务业务、国内呼叫中心业务、信息服务业务（不含互联网信息服务）,浙江,B2-(全网),https://tsm.miit.gov.cn/dxxzsp/help/noticeDetail.jsp?id=356,2024
工信部,注销公示,关于拟注销河南省邦汇电子科技有限公司等 256家企业跨地区增值电信业务经营许可的公示,2024-04-30,郑州铭晨科技有限公司,B2-20191221,国内呼叫中心业务、信息服务业务（不含互联网信息服务）,河南,B2-(全网),https://tsm.miit.gov.cn/dxxzsp/help/noticeDetail.jsp?id=356,2024
工信部,注销公示,关于拟注销河南省邦汇电子科技有限公司等 256家企业跨地区增值电信业务经营许可的公示,2024-04-30,南京苗讯文化发展有限公司,B2-20191223,国内呼叫中心业务、信息服务业务（不含互联网信息服务）,江苏,B2-(全网),https://tsm.miit.gov.cn/dxxzsp/help/noticeDetail.jsp?id=356,2024
工信部,注销公示,关于拟注销河南省邦汇电子科技有限公司等 256家企业跨地区增值电信业务经营许可的公示,2024-04-30,南京务理信息技术有限公司,B2-20191234,国内呼叫中心业务、信息服务业务（不含互联网信息服务）,江苏,B2-(全网),https://tsm.miit.gov.cn/dxxzsp/help/noticeDetail.jsp?id=356,2024
工信部,注销公示,关于拟注销河南省邦汇电子科技有限公司等 256家企业跨地区增值电信业务经营许可的公示,2024-04-30,天津中石网络信息服务有限公司,B2-20191248,国内呼叫中心业务,天津,B2-(全网),https://tsm.miit.gov.cn/dxxzsp/help/noticeDetail.jsp?id=356,2024
工信部,注销公示,关于拟注销河南省邦汇电子科技有限公司等 256家企业跨地区增值电信业务经营许可的公示,2024-04-30,湖北天玖王酒店管理集团有限公司,B2-20191249,国内呼叫中心业务,湖北,B2-(全网),https://tsm.miit.gov.cn/dxxzsp/help/noticeDetail.jsp?id=356,2024
工信部,注销公示,关于拟注销河南省邦汇电子科技有限公司等 256家企业跨地区增值电信业务经营许可的公示,2024-04-30,广州柏俊企业管理有限公司,B2-20191251,国内呼叫中心业务,广东,B2-(全网),https://tsm.miit.gov.cn/dxxzsp/help/noticeDetail.jsp?id=356,2024
工信部,注销公示,关于拟注销河南省邦汇电子科技有限公司等 256家企业跨地区增值电信业务经营许可的公示,2024-04-30,哈尔滨万彩光环网络发展有限公司,B2-20191253,国内呼叫中心业务,黑龙江,B2-(全网),https://tsm.miit.gov.cn/dxxzsp/help/noticeDetail.jsp?id=356,2024
工信部,注销公示,关于拟注销河南省邦汇电子科技有限公司等 256家企业跨地区增值电信业务经营许可的公示,2024-04-30,上海橡果网络技术发展有限公司,B2-20191254,国内呼叫中心业务,上海,B2-(全网),https://tsm.miit.gov.cn/dxxzsp/help/noticeDetail.jsp?id=356,2024
工信部,注销公示,关于拟注销河南省邦汇电子科技有限公司等 256家企业跨地区增值电信业务经营许可的公示,2024-04-30,宁夏捷成数据科技有限公司,B2-20191255,国内呼叫中心业务,宁夏,B2-(全网),https://tsm.miit.gov.cn/dxxzsp/help/noticeDetail.jsp?id=356,2024
工信部,注销公示,关于拟注销河南省邦汇电子科技有限公司等 256家企业跨地区增值电信业务经营许可的公示,2024-04-30,深圳市金宇阳光文化发展有限公司,B2-20191257,国内呼叫中心业务,广东,B2-(全网),https://tsm.miit.gov.cn/dxxzsp/help/noticeDetail.jsp?id=356,2024
工信部,注销公示,关于拟注销河南省邦汇电子科技有限公司等 256家企业跨地区增值电信业务经营许可的公示,2024-04-30,盐城恒创信息科技有限公司,B2-20191258,国内呼叫中心业务,未知,B2-(全网),https://tsm.miit.gov.cn/dxxzsp/help/noticeDetail.jsp?id=356,2024
工信部,注销公示,关于拟注销河南省邦汇电子科技有限公司等 256家企业跨地区增值电信业务经营许可的公示,2024-04-30,茂名博泰信息科技有限公司,B2-20191259,国内呼叫中心业务,未知,B2-(全网),https://tsm.miit.gov.cn/dxxzsp/help/noticeDetail.jsp?id=356,2024
工信部,注销公示,关于拟注销河南省邦汇电子科技有限公司等 256家企业跨地区增值电信业务经营许可的公示,2024-04-30,上海双城通信设备有限公司,B2-20191261,固定网国内数据传送业务、国内呼叫中心业务,上海,B2-(全网),https://tsm.miit.gov.cn/dxxzsp/help/noticeDetail.jsp?id=356,2024
工信部,注销公示,关于拟注销河南省邦汇电子科技有限公司等 256家企业跨地区增值电信业务经营许可的公示,2024-04-30,成都蒙恩堂生物科技有限公司,B2-20191262,国内呼叫中心业务,四川,B2-(全网),https://tsm.miit.gov.cn/dxxzsp/help/noticeDetail.jsp?id=356,2024
工信部,注销公示,关于拟注销河南省邦汇电子科技有限公司等 256家企业跨地区增值电信业务经营许可的公示,2024-04-30,广东中丰宏创企业管理咨询有限公司,B2-20191265,国内呼叫中心业务,广东,B2-(全网),https://tsm.miit.gov.cn/dxxzsp/help/noticeDetail.jsp?id=356,2024
工信部,注销公示,关于拟注销河南省邦汇电子科技有限公司等 256家企业跨地区增值电信业务经营许可的公示,2024-04-30,东方云语（北京）科技有限公司,B2-20191267,国内呼叫中心业务,北京,B2-(全网),https://tsm.miit.gov.cn/dxxzsp/help/noticeDetail.jsp?id=356,2024
工信部,注销公示,关于拟注销河南省邦汇电子科技有限公司等 256家企业跨地区增值电信业务经营许可的公示,2024-04-30,福建炎信信息技术有限公司,B2-20191268,国内呼叫中心业务、信息服务业务（不含互联网信息服务）,福建,B2-(全网),https://tsm.miit.gov.cn/dxxzsp/help/noticeDetail.jsp?id=356,2024
工信部,注销公示,关于拟注销河南省邦汇电子科技有限公司等 256家企业跨地区增值电信业务经营许可的公示,2024-04-30,武汉万仲昱网络科技有限公司,B2-20191275,国内呼叫中心业务,湖北,B2-(全网),https://tsm.miit.gov.cn/dxxzsp/help/noticeDetail.jsp?id=356,2024
工信部,注销公示,关于拟注销河南省邦汇电子科技有限公司等 256家企业跨地区增值电信业务经营许可的公示,2024-04-30,南京悟极斋文化艺术有限公司,B2-20191276,国内呼叫中心业务,江苏,B2-(全网),https://tsm.miit.gov.cn/dxxzsp/help/noticeDetail.jsp?id=356,2024
工信部,注销公示,关于拟注销河南省邦汇电子科技有限公司等 256家企业跨地区增值电信业务经营许可的公示,2024-04-30,安徽蒙易网络科技有限公司,B2-20191288,国内呼叫中心业务,安徽,B2-(全网),https://tsm.miit.gov.cn/dxxzsp/help/noticeDetail.jsp?id=356,2024
工信部,注销公示,关于拟注销河南省邦汇电子科技有限公司等 256家企业跨地区增值电信业务经营许可的公示,2024-04-30,广州高翔企业管理服务有限公司,B2-20191289,国内呼叫中心业务,广东,B2-(全网),https://tsm.miit.gov.cn/dxxzsp/help/noticeDetail.jsp?id=356,2024
工信部,注销公示,关于拟注销河南省邦汇电子科技有限公司等 256家企业跨地区增值电信业务经营许可的公示,2024-04-30,北京龙脉安得资产管理有限公司,B2-20191291,国内呼叫中心业务,北京,B2-(全网),https://tsm.miit.gov.cn/dxxzsp/help/noticeDetail.jsp?id=356,2024
工信部,注销公示,关于拟注销河南省邦汇电子科技有限公司等 256家企业跨地区增值电信业务经营许可的公示,2024-04-30,安徽贷管佳金融外包服务有限公司,B2-20191293,国内呼叫中心业务,安徽,B2-(全网),https://tsm.miit.gov.cn/dxxzsp/help/noticeDetail.jsp?id=356,2024
工信部,注销公示,关于拟注销河南省邦汇电子科技有限公司等 256家企业跨地区增值电信业务经营许可的公示,2024-04-30,合肥迪凡网络科技服务有限公司,B2-20191294,国内呼叫中心业务,安徽,B2-(全网),https://tsm.miit.gov.cn/dxxzsp/help/noticeDetail.jsp?id=356,2024
工信部,注销公示,关于拟注销河南省邦汇电子科技有限公司等 256家企业跨地区增值电信业务经营许可的公示,2024-04-30,江苏恒汇电子商务有限公司,B2-20191295,国内呼叫中心业务,江苏,B2-(全网),https://tsm.miit.gov.cn/dxxzsp/help/noticeDetail.jsp?id=356,2024
工信部,注销公示,关于拟注销河南省邦汇电子科技有限公司等 256家企业跨地区增值电信业务经营许可的公示,2024-04-30,南宁市鹏远通讯有限责任公司,B2-20191296,国内呼叫中心业务,广西,B2-(全网),https://tsm.miit.gov.cn/dxxzsp/help/noticeDetail.jsp?id=356,2024
工信部,注销公示,关于拟注销河南省邦汇电子科技有限公司等 256家企业跨地区增值电信业务经营许可的公示,2024-04-30,黑龙江小安普惠信息技术服务有限公司,B2-20191297,国内呼叫中心业务,黑龙江,B2-(全网),https://tsm.miit.gov.cn/dxxzsp/help/noticeDetail.jsp?id=356,2024
工信部,注销公示,关于拟注销河南省邦汇电子科技有限公司等 256家企业跨地区增值电信业务经营许可的公示,2024-04-30,广州市紫翰信息科技有限公司,B1.B2-20191366,互联网数据中心业务、互联网接入服务业务、国内呼叫中心业务,广东,混合-(全网),https://tsm.miit.gov.cn/dxxzsp/help/noticeDetail.jsp?id=356,2024
工信部,注销公示,关于拟注销河南省邦汇电子科技有限公司等 256家企业跨地区增值电信业务经营许可的公示,2024-04-30,国科瑞达（北京）科技有限公司,B1.B2-20191410,固定网国内数据传送业务、内容分发网络业务、国内互联网虚拟专用网业务、国内多方通信服务业务、存储转发类业务、国内呼叫中心业务、信息服务业务（不含互联网信息服务）,北京,混合-(全网),https://tsm.miit.gov.cn/dxxzsp/help/noticeDetail.jsp?id=356,2024
工信部,注销公示,关于拟注销河南省邦汇电子科技有限公司等 256家企业跨地区增值电信业务经营许可的公示,2024-04-30,青岛小圣物联科技有限公司,B2-20191416,国内多方通信服务业务、国内呼叫中心业务、信息服务业务（不含互联网信息服务）,山东,B2-(全网),https://tsm.miit.gov.cn/dxxzsp/help/noticeDetail.jsp?id=356,2024
工信部,注销公示,关于拟注销河南省邦汇电子科技有限公司等 256家企业跨地区增值电信业务经营许可的公示,2024-04-30,山西杓度网络科技有限公司,B2-20191421,国内呼叫中心业务、信息服务业务（不含互联网信息服务）,山西,B2-(全网),https://tsm.miit.gov.cn/dxxzsp/help/noticeDetail.jsp?id=356,2024
工信部,注销公示,关于拟注销河南省邦汇电子科技有限公司等 256家企业跨地区增值电信业务经营许可的公示,2024-04-30,湖南裕源智联信息科技有限公司,B2-20191430,国内呼叫中心业务、信息服务业务（不含互联网信息服务）,湖南,B2-(全网),https://tsm.miit.gov.cn/dxxzsp/help/noticeDetail.jsp?id=356,2024
工信部,注销公示,关于拟注销河南省邦汇电子科技有限公司等 256家企业跨地区增值电信业务经营许可的公示,2024-04-30,深圳市玖达信息服务有限公司,B2-20191434,国内呼叫中心业务、信息服务业务（不含互联网信息服务）,广东,B2-(全网),https://tsm.miit.gov.cn/dxxzsp/help/noticeDetail.jsp?id=356,2024
工信部,注销公示,关于拟注销河南省邦汇电子科技有限公司等 256家企业跨地区增值电信业务经营许可的公示,2024-04-30,北京中赢信诚技术服务有限公司,B2-20191449,国内呼叫中心业务、信息服务业务（不含互联网信息服务）,北京,B2-(全网),https://tsm.miit.gov.cn/dxxzsp/help/noticeDetail.jsp?id=356,2024
工信部,注销公示,关于拟注销河南省邦汇电子科技有限公司等 256家企业跨地区增值电信业务经营许可的公示,2024-04-30,北京建洋鲲鹏信息科技有限公司,B2-20191453,国内呼叫中心业务、信息服务业务（不含互联网信息服务）,北京,B2-(全网),https://tsm.miit.gov.cn/dxxzsp/help/noticeDetail.jsp?id=356,2024
工信部,注销公示,关于拟注销河南省邦汇电子科技有限公司等 256家企业跨地区增值电信业务经营许可的公示,2024-04-30,南京启优网络科技有限公司,B2-20191467,国内呼叫中心业务、信息服务业务（不含互联网信息服务）,江苏,B2-(全网),https://tsm.miit.gov.cn/dxxzsp/help/noticeDetail.jsp?id=356,2024
工信部,注销公示,关于拟注销河南省邦汇电子科技有限公司等 256家企业跨地区增值电信业务经营许可的公示,2024-04-30,北京林亿讯科科技有限公司,B2-20191468,国内呼叫中心业务、信息服务业务（不含互联网信息服务）,北京,B2-(全网),https://tsm.miit.gov.cn/dxxzsp/help/noticeDetail.jsp?id=356,2024
工信部,注销公示,关于拟注销河南省邦汇电子科技有限公司等 256家企业跨地区增值电信业务经营许可的公示,2024-04-30,广州稳米信息科技有限公司,B2-20191476,国内呼叫中心业务、信息服务业务（不含互联网信息服务）,广东,B2-(全网),https://tsm.miit.gov.cn/dxxzsp/help/noticeDetail.jsp?id=356,2024
工信部,注销公示,关于拟注销河南省邦汇电子科技有限公司等 256家企业跨地区增值电信业务经营许可的公示,2024-04-30,福建盈商联信息科技有限公司,B2-20191485,国内呼叫中心业务,福建,B2-(全网),https://tsm.miit.gov.cn/dxxzsp/help/noticeDetail.jsp?id=356,2024
工信部,注销公示,关于拟注销河南省邦汇电子科技有限公司等 256家企业跨地区增值电信业务经营许可的公示,2024-04-30,北京佳瑞盈泰通信技术有限公司,B2-20191486,国内呼叫中心业务、信息服务业务（不含互联网信息服务）,北京,B2-(全网),https://tsm.miit.gov.cn/dxxzsp/help/noticeDetail.jsp?id=356,2024
工信部,注销公示,关于拟注销河南省邦汇电子科技有限公司等 256家企业跨地区增值电信业务经营许可的公示,2024-04-30,江苏居才数据科技有限公司,B2-20191488,国内呼叫中心业务,江苏,B2-(全网),https://tsm.miit.gov.cn/dxxzsp/help/noticeDetail.jsp?id=356,2024
工信部,注销公示,关于拟注销河南省邦汇电子科技有限公司等 256家企业跨地区增值电信业务经营许可的公示,2024-04-30,广州百立达电子科技有限公司,B2-20191490,国内呼叫中心业务、信息服务业务（不含互联网信息服务）,广东,B2-(全网),https://tsm.miit.gov.cn/dxxzsp/help/noticeDetail.jsp?id=356,2024
工信部,注销公示,关于拟注销河南省邦汇电子科技有限公司等 256家企业跨地区增值电信业务经营许可的公示,2024-04-30,河南亘昶信息科技有限公司,B2-20191493,国内呼叫中心业务,河南,B2-(全网),https://tsm.miit.gov.cn/dxxzsp/help/noticeDetail.jsp?id=356,2024
工信部,注销公示,关于拟注销河南省邦汇电子科技有限公司等 256家企业跨地区增值电信业务经营许可的公示,2024-04-30,浙江飞鸟通讯科技有限公司,B2-20191496,国内呼叫中心业务,浙江,B2-(全网),https://tsm.miit.gov.cn/dxxzsp/help/noticeDetail.jsp?id=356,2024
工信部,注销公示,关于拟注销河南省邦汇电子科技有限公司等 256家企业跨地区增值电信业务经营许可的公示,2024-04-30,江苏南方电信有限公司,B2-20191501,国内呼叫中心业务,江苏,B2-(全网),https://tsm.miit.gov.cn/dxxzsp/help/noticeDetail.jsp?id=356,2024
工信部,注销公示,关于拟注销河南省邦汇电子科技有限公司等 256家企业跨地区增值电信业务经营许可的公示,2024-04-30,浙江好记科技有限公司,B2-20191502,国内呼叫中心业务,浙江,B2-(全网),https://tsm.miit.gov.cn/dxxzsp/help/noticeDetail.jsp?id=356,2024
工信部,注销公示,关于拟注销河南省邦汇电子科技有限公司等 256家企业跨地区增值电信业务经营许可的公示,2024-04-30,合肥万马堂汽车服务有限公司,B2-20191504,国内呼叫中心业务,安徽,B2-(全网),https://tsm.miit.gov.cn/dxxzsp/help/noticeDetail.jsp?id=356,2024
工信部,注销公示,关于拟注销河南省邦汇电子科技有限公司等 256家企业跨地区增值电信业务经营许可的公示,2024-04-30,湘潭寒纬通讯科技有限公司,B2-20191511,国内呼叫中心业务,未知,B2-(全网),https://tsm.miit.gov.cn/dxxzsp/help/noticeDetail.jsp?id=356,2024
工信部,注销公示,关于拟注销河南省邦汇电子科技有限公司等 256家企业跨地区增值电信业务经营许可的公示,2024-04-30,广东六律科技有限责任公司,B2-20191517,国内呼叫中心业务,广东,B2-(全网),https://tsm.miit.gov.cn/dxxzsp/help/noticeDetail.jsp?id=356,2024
工信部,注销公示,关于拟注销河南省邦汇电子科技有限公司等 256家企业跨地区增值电信业务经营许可的公示,2024-04-30,南京长音智能科技有限公司,B2-20191518,国内呼叫中心业务,江苏,B2-(全网),https://tsm.miit.gov.cn/dxxzsp/help/noticeDetail.jsp?id=356,2024
工信部,注销公示,关于拟注销河南省邦汇电子科技有限公司等 256家企业跨地区增值电信业务经营许可的公示,2024-04-30,杭州九洲大药房连锁有限公司,B2-20191522,国内呼叫中心业务,浙江,B2-(全网),https://tsm.miit.gov.cn/dxxzsp/help/noticeDetail.jsp?id=356,2024
工信部,注销公示,关于拟注销河南省邦汇电子科技有限公司等 256家企业跨地区增值电信业务经营许可的公示,2024-04-30,北京国瀚文化发展有限公司,B2-20191523,国内呼叫中心业务,北京,B2-(全网),https://tsm.miit.gov.cn/dxxzsp/help/noticeDetail.jsp?id=356,2024
工信部,注销公示,关于拟注销河南省邦汇电子科技有限公司等 256家企业跨地区增值电信业务经营许可的公示,2024-04-30,武汉嘉音讯通讯有限公司,B2-20191525,国内呼叫中心业务,湖北,B2-(全网),https://tsm.miit.gov.cn/dxxzsp/help/noticeDetail.jsp?id=356,2024
工信部,注销公示,关于拟注销河南省邦汇电子科技有限公司等 256家企业跨地区增值电信业务经营许可的公示,2024-04-30,北京恒远人力资源管理有限公司,B2-20191527,国内呼叫中心业务,北京,B2-(全网),https://tsm.miit.gov.cn/dxxzsp/help/noticeDetail.jsp?id=356,2024
工信部,注销公示,关于拟注销河南省邦汇电子科技有限公司等 256家企业跨地区增值电信业务经营许可的公示,2024-04-30,逍遥游旅游集团有限公司,B2-20191529,国内呼叫中心业务,未知,B2-(全网),https://tsm.miit.gov.cn/dxxzsp/help/noticeDetail.jsp?id=356,2024
工信部,注销公示,关于拟注销河南省邦汇电子科技有限公司等 256家企业跨地区增值电信业务经营许可的公示,2024-04-30,新疆京品聚电子科技有限公司,B2-20191530,国内呼叫中心业务,新疆,B2-(全网),https://tsm.miit.gov.cn/dxxzsp/help/noticeDetail.jsp?id=356,2024
工信部,注销公示,关于拟注销河南省邦汇电子科技有限公司等 256家企业跨地区增值电信业务经营许可的公示,2024-04-30,慧之声科技（上海）有限公司,B2-20191537,国内呼叫中心业务,上海,B2-(全网),https://tsm.miit.gov.cn/dxxzsp/help/noticeDetail.jsp?id=356,2024
工信部,注销公示,关于拟注销河南省邦汇电子科技有限公司等 256家企业跨地区增值电信业务经营许可的公示,2024-04-30,安康协创商务咨询有限公司,B2-20191538,国内呼叫中心业务,未知,B2-(全网),https://tsm.miit.gov.cn/dxxzsp/help/noticeDetail.jsp?id=356,2024
工信部,注销公示,关于拟注销河南省邦汇电子科技有限公司等 256家企业跨地区增值电信业务经营许可的公示,2024-04-30,南京聚力云成电子科技有限公司,B2-20191539,国内呼叫中心业务、信息服务业务（不含互联网信息服务）,江苏,B2-(全网),https://tsm.miit.gov.cn/dxxzsp/help/noticeDetail.jsp?id=356,2024
工信部,注销公示,关于拟注销河南省邦汇电子科技有限公司等 256家企业跨地区增值电信业务经营许可的公示,2024-04-30,哈尔滨协亨科技开发有限公司,B1.B2-20191541,互联网接入服务业务、国内呼叫中心业务,黑龙江,混合-(全网),https://tsm.miit.gov.cn/dxxzsp/help/noticeDetail.jsp?id=356,2024
工信部,注销公示,关于拟注销河南省邦汇电子科技有限公司等 256家企业跨地区增值电信业务经营许可的公示,2024-04-30,包头市欣浩斌通讯有限公司,B2-20191543,国内呼叫中心业务,未知,B2-(全网),https://tsm.miit.gov.cn/dxxzsp/help/noticeDetail.jsp?id=356,2024
工信部,注销公示,关于拟注销河南省邦汇电子科技有限公司等 256家企业跨地区增值电信业务经营许可的公示,2024-04-30,安徽硕恒企业管理有限公司,B2-20191544,国内呼叫中心业务、信息服务业务（不含互联网信息服务）,安徽,B2-(全网),https://tsm.miit.gov.cn/dxxzsp/help/noticeDetail.jsp?id=356,2024
工信部,注销公示,关于拟注销河南省邦汇电子科技有限公司等 256家企业跨地区增值电信业务经营许可的公示,2024-04-30,沈阳五颗珍珠网络科技有限公司,B2-20191545,国内多方通信服务业务、国内呼叫中心业务,辽宁,B2-(全网),https://tsm.miit.gov.cn/dxxzsp/help/noticeDetail.jsp?id=356,2024
工信部,注销公示,关于拟注销河南省邦汇电子科技有限公司等 256家企业跨地区增值电信业务经营许可的公示,2024-04-30,宁波你好投网络科技有限公司,B2-20191546,国内呼叫中心业务,浙江,B2-(全网),https://tsm.miit.gov.cn/dxxzsp/help/noticeDetail.jsp?id=356,2024
工信部,注销公示,关于拟注销河南省邦汇电子科技有限公司等 256家企业跨地区增值电信业务经营许可的公示,2024-04-30,扬州市顶峰科技信息咨询有限公司,B2-20191549,国内呼叫中心业务,未知,B2-(全网),https://tsm.miit.gov.cn/dxxzsp/help/noticeDetail.jsp?id=356,2024
工信部,注销公示,关于拟注销河南省邦汇电子科技有限公司等 256家企业跨地区增值电信业务经营许可的公示,2024-04-30,广州市贵华商务服务有限公司,B2-20191552,国内呼叫中心业务,广东,B2-(全网),https://tsm.miit.gov.cn/dxxzsp/help/noticeDetail.jsp?id=356,2024
工信部,注销公示,关于拟注销河南省邦汇电子科技有限公司等 256家企业跨地区增值电信业务经营许可的公示,2024-04-30,合肥晨熙商务咨询有限公司,B2-20191555,国内呼叫中心业务,安徽,B2-(全网),https://tsm.miit.gov.cn/dxxzsp/help/noticeDetail.jsp?id=356,2024
工信部,注销公示,关于拟注销河南省邦汇电子科技有限公司等 256家企业跨地区增值电信业务经营许可的公示,2024-04-30,福建搜索互动网络科技有限公司,B2-20191623,国内呼叫中心业务、信息服务业务（不含互联网信息服务）,福建,B2-(全网),https://tsm.miit.gov.cn/dxxzsp/help/noticeDetail.jsp?id=356,2024
工信部,新发证名单,《中华人民共和国增值电信业务经营许可证》发放名单-(2024)第4批,2024-02-19,深圳市博迈科技服务有限公司,B2-20222617,国内呼叫中心业务,广东,B2-(全网),https://tsm.miit.gov.cn/dxxzsp/help/noticeDetail.jsp?id=343,2024
工信部,新发证名单,《中华人民共和国增值电信业务经营许可证》发放名单-(2024)第4批,2024-02-19,宜人帮有限公司,B2-20193138,（1）注销业务种类：国内呼叫中心业务、信息服务业务（不含互联网信息服务）,未知,B2-(全网),https://tsm.miit.gov.cn/dxxzsp/help/noticeDetail.jsp?id=343,2024
工信部,注销批准,《中华人民共和国增值电信业务经营许可证》发放名单-(2024)第4批,2024-02-19,宜人帮有限公司,,国内呼叫中心业务、信息服务业务（不含互联网信息服务）,未知,未知,https://tsm.miit.gov.cn/dxxzsp/help/noticeDetail.jsp?id=343,2024
工信部,新发证名单,《中华人民共和国增值电信业务经营许可证》发放名单-(2024)第2批,2024-01-26,山西图励科技有限公司,B1.B2-20240115,互联网数据中心业务互联网接入服务业务国内多方通信服务业务国内呼叫中心业务,山西,混合-(全网),https://tsm.miit.gov.cn/dxxzsp/help/noticeDetail.jsp?id=338,2024
工信部,新发证名单,《中华人民共和国增值电信业务经营许可证》发放名单-(2024)第2批,2024-01-26,福建新奔腾商务咨询有限公司,B2-20240187,国内呼叫中心业务,福建,B2-(全网),https://tsm.miit.gov.cn/dxxzsp/help/noticeDetail.jsp?id=338,2024
工信部,新发证名单,《中华人民共和国增值电信业务经营许可证》发放名单-(2024)第2批,2024-01-26,北京语联国际信息技术有限公司,B2-20240188,国内呼叫中心业务,北京,B2-(全网),https://tsm.miit.gov.cn/dxxzsp/help/noticeDetail.jsp?id=338,2024
工信部,新发证名单,《中华人民共和国增值电信业务经营许可证》发放名单-(2024)第2批,2024-01-26,河北宇栾通信科技有限公司,B2-20240189,国内呼叫中心业务,河北,B2-(全网),https://tsm.miit.gov.cn/dxxzsp/help/noticeDetail.jsp?id=338,2024
工信部,新发证名单,《中华人民共和国增值电信业务经营许可证》发放名单-(2024)第2批,2024-01-26,北京赢和博雅文化发展有限公司,B2-20170737,国内呼叫中心业务,北京,B2-(全网),https://tsm.miit.gov.cn/dxxzsp/help/noticeDetail.jsp?id=338,2024
工信部,新发证名单,《中华人民共和国增值电信业务经营许可证》发放名单-(2024)第2批,2024-01-26,沈阳创领信息科技有限公司,B2-20232397,国内呼叫中心业务,辽宁,B2-(全网),https://tsm.miit.gov.cn/dxxzsp/help/noticeDetail.jsp?id=338,2024
工信部,新发证名单,《中华人民共和国增值电信业务经营许可证》发放名单-(2024)第1批,2024-01-22,陕西淘丁实业集团有限公司,B2-20240091,国内呼叫中心业务,陕西,B2-(全网),https://tsm.miit.gov.cn/dxxzsp/help/noticeDetail.jsp?id=337,2024
工信部,新发证名单,《中华人民共和国增值电信业务经营许可证》发放名单-(2024)第1批,2024-01-22,深圳市厚利联明信息技术有限公司,B2-20240092,国内呼叫中心业务,广东,B2-(全网),https://tsm.miit.gov.cn/dxxzsp/help/noticeDetail.jsp?id=337,2024
工信部,新发证名单,《中华人民共和国增值电信业务经营许可证》发放名单-(2024)第1批,2024-01-22,中电金信软件（上海）有限公司,B2-20240093,国内呼叫中心业务,上海,B2-(全网),https://tsm.miit.gov.cn/dxxzsp/help/noticeDetail.jsp?id=337,2024
工信部,新发证名单,《中华人民共和国增值电信业务经营许可证》发放名单-(2024)第1批,2024-01-22,江西鑫隆佳通信服务有限公司,合字B2-20240022,国内呼叫中心业务,江西,B2-(全网),https://tsm.miit.gov.cn/dxxzsp/help/noticeDetail.jsp?id=337,2024
工信部,新发证名单,《中华人民共和国增值电信业务经营许可证》发放名单-(2024)第1批,2024-01-22,河北智客银桥网络信息技术有限公司,B2-20210579,国内呼叫中心业务,河北,B2-(全网),https://tsm.miit.gov.cn/dxxzsp/help/noticeDetail.jsp?id=337,2024
工信部,新发证名单,《中华人民共和国增值电信业务经营许可证》发放名单-(2024)第1批,2024-01-22,江西蚨旭信息咨询有限责任公司,B2-20214144,国内呼叫中心业务,江西,B2-(全网),https://tsm.miit.gov.cn/dxxzsp/help/noticeDetail.jsp?id=337,2024
工信部,新发证名单,《中华人民共和国增值电信业务经营许可证》发放名单-(2024)第1批,2024-01-22,厦门银信达管理咨询有限公司,B2-20222422,国内呼叫中心业务,福建,B2-(全网),https://tsm.miit.gov.cn/dxxzsp/help/noticeDetail.jsp?id=337,2024
工信部,新发证名单,《中华人民共和国增值电信业务经营许可证》发放名单-(2024)第1批,2024-01-22,百融至信（北京）科技有限公司,合字B2-20230404,国内呼叫中心业务,北京,B2-(全网),https://tsm.miit.gov.cn/dxxzsp/help/noticeDetail.jsp?id=337,2024
工信部,新发证名单,《中华人民共和国增值电信业务经营许可证》发放名单-(2024)第1批,2024-01-22,太原智源通讯服务有限公司,B2-20191060,（1）注销业务种类：国内呼叫中心业务,未知,B2-(全网),https://tsm.miit.gov.cn/dxxzsp/help/noticeDetail.jsp?id=337,2024
工信部,新发证名单,《中华人民共和国增值电信业务经营许可证》发放名单-(2024)第1批,2024-01-22,万声（临沂）信息技术有限公司,B2-20192444,（1）注销业务种类：国内呼叫中心业务、信息服务业务（不含互联网信息服务）,未知,B2-(全网),https://tsm.miit.gov.cn/dxxzsp/help/noticeDetail.jsp?id=337,2024
工信部,注销批准,《中华人民共和国增值电信业务经营许可证》发放名单-(2024)第1批,2024-01-22,太原智源通讯服务有限公司,,国内呼叫中心业务,未知,未知,https://tsm.miit.gov.cn/dxxzsp/help/noticeDetail.jsp?id=337,2024
工信部,注销批准,《中华人民共和国增值电信业务经营许可证》发放名单-(2024)第1批,2024-01-22,万声（临沂）信息技术有限公司,,国内呼叫中心业务、信息服务业务（不含互联网信息服务）,未知,未知,https://tsm.miit.gov.cn/dxxzsp/help/noticeDetail.jsp?id=337,2024
工信部,新发证名单,《中华人民共和国增值电信业务经营许可证》发放名单-(2024)第3批,2024-02-01,深圳市南深人力资源股份有限公司,B2-20240349,国内呼叫中心业务,广东,B2-(全网),https://tsm.miit.gov.cn/dxxzsp/help/noticeDetail.jsp?id=341,2024
工信部,新发证名单,《中华人民共和国增值电信业务经营许可证》发放名单-(2024)第3批,2024-02-01,深圳市人力资本（集团）有限公司,B2-20240350,国内呼叫中心业务,广东,B2-(全网),https://tsm.miit.gov.cn/dxxzsp/help/noticeDetail.jsp?id=341,2024
工信部,新发证名单,《中华人民共和国增值电信业务经营许可证》发放名单-(2024)第3批,2024-02-01,中道汽车救援股份有限公司,B2-20240351,国内呼叫中心业务,未知,B2-(全网),https://tsm.miit.gov.cn/dxxzsp/help/noticeDetail.jsp?id=341,2024
工信部,新发证名单,《中华人民共和国增值电信业务经营许可证》发放名单-(2024)第3批,2024-02-01,重庆江廷科技有限公司,B2-20240352,国内呼叫中心业务,重庆,B2-(全网),https://tsm.miit.gov.cn/dxxzsp/help/noticeDetail.jsp?id=341,2024
工信部,新发证名单,《中华人民共和国增值电信业务经营许可证》发放名单-(2024)第3批,2024-02-01,高柏（中国）企业管理咨询有限公司,合字B2-20240066,国内呼叫中心业务,未知,B2-(全网),https://tsm.miit.gov.cn/dxxzsp/help/noticeDetail.jsp?id=341,2024
工信部,新发证名单,《中华人民共和国增值电信业务经营许可证》发放名单-(2024)第3批,2024-02-01,深圳蓝海通信息技术有限公司,B2-20150681,国内呼叫中心业务,广东,B2-(全网),https://tsm.miit.gov.cn/dxxzsp/help/noticeDetail.jsp?id=341,2024
工信部,新发证名单,《中华人民共和国增值电信业务经营许可证》发放名单-(2023)第43批,2024-01-05,河南平煤神马人力资源有限公司,B2-20236276,国内呼叫中心业务,河南,B2-(全网),https://tsm.miit.gov.cn/dxxzsp/help/noticeDetail.jsp?id=335,2024
工信部,新发证名单,《中华人民共和国增值电信业务经营许可证》发放名单-(2023)第43批,2024-01-05,武汉鑫众意商务信息咨询有限公司,B1.B2-20231188,国内呼叫中心业务,湖北,混合-(全网),https://tsm.miit.gov.cn/dxxzsp/help/noticeDetail.jsp?id=335,2024
工信部,新发证名单,《中华人民共和国增值电信业务经营许可证》发放名单-(2023)第42批,2023-12-29,北京奇易企业管理有限公司,B2-20236158,国内呼叫中心业务,北京,B2-(全网),https://tsm.miit.gov.cn/dxxzsp/help/noticeDetail.jsp?id=333,2023
工信部,新发证名单,《中华人民共和国增值电信业务经营许可证》发放名单-(2023)第42批,2023-12-29,南通天正信息技术服务有限公司,B2-20236159,国内呼叫中心业务,江苏,B2-(全网),https://tsm.miit.gov.cn/dxxzsp/help/noticeDetail.jsp?id=333,2023
工信部,新发证名单,《中华人民共和国增值电信业务经营许可证》发放名单-(2023)第42批,2023-12-29,上海合杰人才服务有限公司,B2-20212043,国内呼叫中心业务,上海,B2-(全网),https://tsm.miit.gov.cn/dxxzsp/help/noticeDetail.jsp?id=333,2023
工信部,新发证名单,《中华人民共和国增值电信业务经营许可证》发放名单-(2023)第42批,2023-12-29,上海鲲鲤网络科技有限公司,B2-20234592,国内呼叫中心业务,上海,B2-(全网),https://tsm.miit.gov.cn/dxxzsp/help/noticeDetail.jsp?id=333,2023
工信部,新发证名单,《中华人民共和国增值电信业务经营许可证》发放名单-(2023)第41批,2023-12-27,陕西博龙文化艺术品有限公司,B2-20236023,国内呼叫中心业务,陕西,B2-(全网),https://tsm.miit.gov.cn/dxxzsp/help/noticeDetail.jsp?id=332,2023
工信部,新发证名单,《中华人民共和国增值电信业务经营许可证》发放名单-(2023)第41批,2023-12-27,四川正信诚邦科技有限公司,B2-20236024,国内多方通信服务业务国内呼叫中心业务,四川,B2-(全网),https://tsm.miit.gov.cn/dxxzsp/help/noticeDetail.jsp?id=332,2023
工信部,新发证名单,《中华人民共和国增值电信业务经营许可证》发放名单-(2023)第41批,2023-12-27,东风日产数据服务有限公司,合字B2-20160014,国内呼叫中心业务,未知,B2-(全网),https://tsm.miit.gov.cn/dxxzsp/help/noticeDetail.jsp?id=332,2023
工信部,新发证名单,《中华人民共和国增值电信业务经营许可证》发放名单-(2023)第41批,2023-12-27,北京天畅科隆科技有限公司,B2-20231350,国内呼叫中心业务,北京,B2-(全网),https://tsm.miit.gov.cn/dxxzsp/help/noticeDetail.jsp?id=332,2023
工信部,新发证名单,《中华人民共和国增值电信业务经营许可证》发放名单-(2023)第41批,2023-12-27,四川发展龙蟒股份有限公司（原公司名称：成都三泰控股集团股份有限公司）,B2-20184720,（1）注销业务种类：国内呼叫中心业务,四川,B2-(全网),https://tsm.miit.gov.cn/dxxzsp/help/noticeDetail.jsp?id=332,2023
工信部,新发证名单,《中华人民共和国增值电信业务经营许可证》发放名单-(2023)第41批,2023-12-27,广东宏大认证咨询集团有限公司（原公司名称：广东宏大认证咨询有限公司）,B2-20190113,（1）注销业务种类：国内呼叫中心业务,广东,B2-(全网),https://tsm.miit.gov.cn/dxxzsp/help/noticeDetail.jsp?id=332,2023
工信部,新发证名单,《中华人民共和国增值电信业务经营许可证》发放名单-(2023)第41批,2023-12-27,万声（威海）信息技术有限公司,B2-20190400,（1）注销业务种类：国内呼叫中心业务、信息服务业务（不含互联网信息服务）,未知,B2-(全网),https://tsm.miit.gov.cn/dxxzsp/help/noticeDetail.jsp?id=332,2023
工信部,新发证名单,《中华人民共和国增值电信业务经营许可证》发放名单-(2023)第41批,2023-12-27,金惠家信息技术有限公司,B2-20190467,（1）注销业务种类：国内呼叫中心业务,未知,B2-(全网),https://tsm.miit.gov.cn/dxxzsp/help/noticeDetail.jsp?id=332,2023
工信部,新发证名单,《中华人民共和国增值电信业务经营许可证》发放名单-(2023)第41批,2023-12-27,湘潭市华丰实业有限公司,B2-20190509,（1）注销业务种类：国内呼叫中心业务,未知,B2-(全网),https://tsm.miit.gov.cn/dxxzsp/help/noticeDetail.jsp?id=332,2023
工信部,新发证名单,《中华人民共和国增值电信业务经营许可证》发放名单-(2023)第41批,2023-12-27,扶余市环球电子科技有限公司,B2-20190780,（1）注销业务种类：国内呼叫中心业务,未知,B2-(全网),https://tsm.miit.gov.cn/dxxzsp/help/noticeDetail.jsp?id=332,2023
工信部,新发证名单,《中华人民共和国增值电信业务经营许可证》发放名单-(2023)第41批,2023-12-27,北京手挽手劳务派遣有限责任公司,B2-20192505,（1）注销业务种类：国内呼叫中心业务,北京,B2-(全网),https://tsm.miit.gov.cn/dxxzsp/help/noticeDetail.jsp?id=332,2023
工信部,新发证名单,《中华人民共和国增值电信业务经营许可证》发放名单-(2023)第41批,2023-12-27,河南美天支付信息技术有限公司,B2-20193847,（1）注销业务种类：国内呼叫中心业务,河南,B2-(全网),https://tsm.miit.gov.cn/dxxzsp/help/noticeDetail.jsp?id=332,2023
工信部,新发证名单,《中华人民共和国增值电信业务经营许可证》发放名单-(2023)第41批,2023-12-27,四川省腾兴信息科技有限公司,B2-20193902,（1）注销业务种类：国内呼叫中心业务,四川,B2-(全网),https://tsm.miit.gov.cn/dxxzsp/help/noticeDetail.jsp?id=332,2023
工信部,注销批准,《中华人民共和国增值电信业务经营许可证》发放名单-(2023)第41批,2023-12-27,1,,国内呼叫中心业务,未知,未知,https://tsm.miit.gov.cn/dxxzsp/help/noticeDetail.jsp?id=332,2023
工信部,注销批准,《中华人民共和国增值电信业务经营许可证》发放名单-(2023)第41批,2023-12-27,1,,国内呼叫中心业务、信息服务业务（不含互联网信息服务）,未知,未知,https://tsm.miit.gov.cn/dxxzsp/help/noticeDetail.jsp?id=332,2023
工信部,新发证名单,《中华人民共和国增值电信业务经营许可证》发放名单-(2023)第40批,2023-12-11,醒字技术有限公司,A2.B1.B2-20196433,国内呼叫中心业务,未知,混合-(全网),https://tsm.miit.gov.cn/dxxzsp/help/noticeDetail.jsp?id=330,2023
工信部,新发证名单,《中华人民共和国增值电信业务经营许可证》发放名单-(2023)第40批,2023-12-11,江苏谦润信息科技有限公司,B2-20233992,国内呼叫中心业务,江苏,B2-(全网),https://tsm.miit.gov.cn/dxxzsp/help/noticeDetail.jsp?id=330,2023
工信部,新发证名单,《中华人民共和国增值电信业务经营许可证》发放名单-(2023)第39批,2023-12-04,嘉银数科信息技术有限公司,B2-20235812,国内呼叫中心业务,未知,B2-(全网),https://tsm.miit.gov.cn/dxxzsp/help/noticeDetail.jsp?id=327,2023
工信部,新发证名单,《中华人民共和国增值电信业务经营许可证》发放名单-(2023)第39批,2023-12-04,杭州邻猫网络科技有限公司,B2-20184759,（1）注销业务种类：国内呼叫中心业务,浙江,B2-(全网),https://tsm.miit.gov.cn/dxxzsp/help/noticeDetail.jsp?id=327,2023
工信部,新发证名单,《中华人民共和国增值电信业务经营许可证》发放名单-(2023)第39批,2023-12-04,广东景致科技有限公司,B2-20190073,（1）注销业务种类：国内呼叫中心业务、信息服务业务（不含互联网信息服务）,广东,B2-(全网),https://tsm.miit.gov.cn/dxxzsp/help/noticeDetail.jsp?id=327,2023
工信部,新发证名单,《中华人民共和国增值电信业务经营许可证》发放名单-(2023)第39批,2023-12-04,河北昭元信息科技有限公司,B2-20190153,（1）注销业务种类：国内呼叫中心业务、信息服务业务（不含互联网信息服务）,河北,B2-(全网),https://tsm.miit.gov.cn/dxxzsp/help/noticeDetail.jsp?id=327,2023
工信部,新发证名单,《中华人民共和国增值电信业务经营许可证》发放名单-(2023)第39批,2023-12-04,山东小蚁网络科技有限公司,B2-20190175,（1）注销业务种类：国内呼叫中心业务,山东,B2-(全网),https://tsm.miit.gov.cn/dxxzsp/help/noticeDetail.jsp?id=327,2023
工信部,新发证名单,《中华人民共和国增值电信业务经营许可证》发放名单-(2023)第39批,2023-12-04,深圳市赢创信息咨询有限公司,B2-20190188,（1）注销业务种类：国内呼叫中心业务,广东,B2-(全网),https://tsm.miit.gov.cn/dxxzsp/help/noticeDetail.jsp?id=327,2023
工信部,新发证名单,《中华人民共和国增值电信业务经营许可证》发放名单-(2023)第39批,2023-12-04,湖南安丽达贸易有限公司,B2-20190439,（1）注销业务种类：国内呼叫中心业务,湖南,B2-(全网),https://tsm.miit.gov.cn/dxxzsp/help/noticeDetail.jsp?id=327,2023
工信部,新发证名单,《中华人民共和国增值电信业务经营许可证》发放名单-(2023)第39批,2023-12-04,湖北金海国信科技有限公司,B2-20190976,（1）注销业务种类：国内呼叫中心业务、信息服务业务（不含互联网信息服务）,湖北,B2-(全网),https://tsm.miit.gov.cn/dxxzsp/help/noticeDetail.jsp?id=327,2023
工信部,新发证名单,《中华人民共和国增值电信业务经营许可证》发放名单-(2023)第39批,2023-12-04,广西嘉保俐信息科技有限公司,B2-20190987,（1）注销业务种类：国内呼叫中心业务、信息服务业务（不含互联网信息服务）,广西,B2-(全网),https://tsm.miit.gov.cn/dxxzsp/help/noticeDetail.jsp?id=327,2023
工信部,新发证名单,《中华人民共和国增值电信业务经营许可证》发放名单-(2023)第39批,2023-12-04,山东必普电子商务有限责任公司（原名称：必普电子商务集团股份有限公司）,B2-20191032,（1）注销业务种类：国内呼叫中心业务,山东,B2-(全网),https://tsm.miit.gov.cn/dxxzsp/help/noticeDetail.jsp?id=327,2023
工信部,新发证名单,《中华人民共和国增值电信业务经营许可证》发放名单-(2023)第39批,2023-12-04,厦门拓客网络科技有限公司,B2-20192495,（1）注销业务种类：国内呼叫中心业务,福建,B2-(全网),https://tsm.miit.gov.cn/dxxzsp/help/noticeDetail.jsp?id=327,2023
工信部,新发证名单,《中华人民共和国增值电信业务经营许可证》发放名单-(2023)第39批,2023-12-04,北京宝汇集国际文化发展有限公司,B2-20192510,（1）注销业务种类：国内呼叫中心业务,北京,B2-(全网),https://tsm.miit.gov.cn/dxxzsp/help/noticeDetail.jsp?id=327,2023
工信部,新发证名单,《中华人民共和国增值电信业务经营许可证》发放名单-(2023)第39批,2023-12-04,广州长通信息科技有限公司,B2-20192796,（1）注销业务种类：国内呼叫中心业务、信息服务业务（不含互联网信息服务）,广东,B2-(全网),https://tsm.miit.gov.cn/dxxzsp/help/noticeDetail.jsp?id=327,2023
工信部,新发证名单,《中华人民共和国增值电信业务经营许可证》发放名单-(2023)第39批,2023-12-04,四川辰运通讯设备有限公司,B2-20194083,（1）注销业务种类：国内呼叫中心业务,四川,B2-(全网),https://tsm.miit.gov.cn/dxxzsp/help/noticeDetail.jsp?id=327,2023
工信部,新发证名单,《中华人民共和国增值电信业务经营许可证》发放名单-(2023)第39批,2023-12-04,广州市铭创企业管理有限公司,B2-20194648,（1）注销业务种类：国内呼叫中心业务,广东,B2-(全网),https://tsm.miit.gov.cn/dxxzsp/help/noticeDetail.jsp?id=327,2023
工信部,新发证名单,《中华人民共和国增值电信业务经营许可证》发放名单-(2023)第39批,2023-12-04,杭州亿事通网络技术有限公司,B2-20195008,（1）注销业务种类：国内呼叫中心业务、信息服务业务（不含互联网信息服务）,浙江,B2-(全网),https://tsm.miit.gov.cn/dxxzsp/help/noticeDetail.jsp?id=327,2023
工信部,新发证名单,《中华人民共和国增值电信业务经营许可证》发放名单-(2023)第39批,2023-12-04,深圳市科略智谷企业管理顾问有限公司,B2-20195103,（1）注销业务种类：国内呼叫中心业务,广东,B2-(全网),https://tsm.miit.gov.cn/dxxzsp/help/noticeDetail.jsp?id=327,2023
工信部,新发证名单,《中华人民共和国增值电信业务经营许可证》发放名单-(2023)第39批,2023-12-04,沈阳品志企业管理有限公司,B2-20195137,（1）注销业务种类：国内呼叫中心业务,辽宁,B2-(全网),https://tsm.miit.gov.cn/dxxzsp/help/noticeDetail.jsp?id=327,2023
工信部,注销批准,《中华人民共和国增值电信业务经营许可证》发放名单-(2023)第39批,2023-12-04,杭州邻猫网络科技有限公司,,国内呼叫中心业务,浙江,未知,https://tsm.miit.gov.cn/dxxzsp/help/noticeDetail.jsp?id=327,2023
工信部,注销批准,《中华人民共和国增值电信业务经营许可证》发放名单-(2023)第39批,2023-12-04,广东景致科技有限公司,,国内呼叫中心业务、信息服务业务（不含互联网信息服务）,广东,未知,https://tsm.miit.gov.cn/dxxzsp/help/noticeDetail.jsp?id=327,2023
工信部,注销批准,《中华人民共和国增值电信业务经营许可证》发放名单-(2023)第39批,2023-12-04,河北昭元信息科技有限公司,,国内呼叫中心业务、信息服务业务（不含互联网信息服务）,河北,未知,https://tsm.miit.gov.cn/dxxzsp/help/noticeDetail.jsp?id=327,2023
工信部,注销批准,《中华人民共和国增值电信业务经营许可证》发放名单-(2023)第39批,2023-12-04,山东小蚁网络科技有限公司,,国内呼叫中心业务,山东,未知,https://tsm.miit.gov.cn/dxxzsp/help/noticeDetail.jsp?id=327,2023
工信部,注销批准,《中华人民共和国增值电信业务经营许可证》发放名单-(2023)第39批,2023-12-04,深圳市赢创信息咨询有限公司,,国内呼叫中心业务,广东,未知,https://tsm.miit.gov.cn/dxxzsp/help/noticeDetail.jsp?id=327,2023
工信部,注销批准,《中华人民共和国增值电信业务经营许可证》发放名单-(2023)第39批,2023-12-04,湖南安丽达贸易有限公司,,国内呼叫中心业务,湖南,未知,https://tsm.miit.gov.cn/dxxzsp/help/noticeDetail.jsp?id=327,2023
工信部,注销批准,《中华人民共和国增值电信业务经营许可证》发放名单-(2023)第39批,2023-12-04,湖北金海国信科技有限公司,,国内呼叫中心业务、信息服务业务（不含互联网信息服务）,湖北,未知,https://tsm.miit.gov.cn/dxxzsp/help/noticeDetail.jsp?id=327,2023
工信部,注销批准,《中华人民共和国增值电信业务经营许可证》发放名单-(2023)第39批,2023-12-04,广西嘉保俐信息科技有限公司,,国内呼叫中心业务、信息服务业务（不含互联网信息服务）,广西,未知,https://tsm.miit.gov.cn/dxxzsp/help/noticeDetail.jsp?id=327,2023
工信部,注销批准,《中华人民共和国增值电信业务经营许可证》发放名单-(2023)第39批,2023-12-04,必普电子商务集团股份有限公司）,,国内呼叫中心业务,未知,未知,https://tsm.miit.gov.cn/dxxzsp/help/noticeDetail.jsp?id=327,2023
工信部,注销批准,《中华人民共和国增值电信业务经营许可证》发放名单-(2023)第39批,2023-12-04,厦门拓客网络科技有限公司,,国内呼叫中心业务,福建,未知,https://tsm.miit.gov.cn/dxxzsp/help/noticeDetail.jsp?id=327,2023
工信部,注销批准,《中华人民共和国增值电信业务经营许可证》发放名单-(2023)第39批,2023-12-04,北京宝汇集国际文化发展有限公司,,国内呼叫中心业务,北京,未知,https://tsm.miit.gov.cn/dxxzsp/help/noticeDetail.jsp?id=327,2023
工信部,注销批准,《中华人民共和国增值电信业务经营许可证》发放名单-(2023)第39批,2023-12-04,广州长通信息科技有限公司,,国内呼叫中心业务、信息服务业务（不含互联网信息服务）,广东,未知,https://tsm.miit.gov.cn/dxxzsp/help/noticeDetail.jsp?id=327,2023
工信部,注销批准,《中华人民共和国增值电信业务经营许可证》发放名单-(2023)第39批,2023-12-04,四川辰运通讯设备有限公司,,国内呼叫中心业务,四川,未知,https://tsm.miit.gov.cn/dxxzsp/help/noticeDetail.jsp?id=327,2023
工信部,注销批准,《中华人民共和国增值电信业务经营许可证》发放名单-(2023)第39批,2023-12-04,广州市铭创企业管理有限公司,,国内呼叫中心业务,广东,未知,https://tsm.miit.gov.cn/dxxzsp/help/noticeDetail.jsp?id=327,2023
工信部,注销批准,《中华人民共和国增值电信业务经营许可证》发放名单-(2023)第39批,2023-12-04,杭州亿事通网络技术有限公司,,国内呼叫中心业务、信息服务业务（不含互联网信息服务）,浙江,未知,https://tsm.miit.gov.cn/dxxzsp/help/noticeDetail.jsp?id=327,2023
工信部,注销批准,《中华人民共和国增值电信业务经营许可证》发放名单-(2023)第39批,2023-12-04,深圳市科略智谷企业管理顾问有限公司,,国内呼叫中心业务,广东,未知,https://tsm.miit.gov.cn/dxxzsp/help/noticeDetail.jsp?id=327,2023
工信部,注销批准,《中华人民共和国增值电信业务经营许可证》发放名单-(2023)第39批,2023-12-04,沈阳品志企业管理有限公司,,国内呼叫中心业务,辽宁,未知,https://tsm.miit.gov.cn/dxxzsp/help/noticeDetail.jsp?id=327,2023
工信部,新发证名单,《中华人民共和国增值电信业务经营许可证》发放名单-(2023)第38批,2023-11-27,张家口幸福金融科技有限公司,B2-20235716,国内呼叫中心业务,未知,B2-(全网),https://tsm.miit.gov.cn/dxxzsp/help/noticeDetail.jsp?id=326,2023
工信部,新发证名单,《中华人民共和国增值电信业务经营许可证》发放名单-(2023)第38批,2023-11-27,青岛联信商务咨询有限公司,合字B2-20230444,国内呼叫中心业务,山东,B2-(全网),https://tsm.miit.gov.cn/dxxzsp/help/noticeDetail.jsp?id=326,2023
工信部,新发证名单,《中华人民共和国增值电信业务经营许可证》发放名单-(2023)第38批,2023-11-27,浙江连连科技有限公司,A1.B1.B2-20130135,国内呼叫中心业务,浙江,混合-(全网),https://tsm.miit.gov.cn/dxxzsp/help/noticeDetail.jsp?id=326,2023
工信部,新发证名单,《中华人民共和国增值电信业务经营许可证》发放名单-(2023)第38批,2023-11-27,北京远翔互动科技有限公司,A2.B1.B2-20200410,国内呼叫中心业务,北京,混合-(全网),https://tsm.miit.gov.cn/dxxzsp/help/noticeDetail.jsp?id=326,2023
工信部,新发证名单,《中华人民共和国增值电信业务经营许可证》发放名单-(2023)第38批,2023-11-27,银泓信息科技有限公司,B2-20220545,国内呼叫中心业务,未知,B2-(全网),https://tsm.miit.gov.cn/dxxzsp/help/noticeDetail.jsp?id=326,2023
工信部,新发证名单,《中华人民共和国增值电信业务经营许可证》发放名单-(2023)第37批,2023-11-16,西安文曲星空网络科技有限公司,B2-20235587,国内呼叫中心业务,陕西,B2-(全网),https://tsm.miit.gov.cn/dxxzsp/help/noticeDetail.jsp?id=324,2023
工信部,新发证名单,《中华人民共和国增值电信业务经营许可证》发放名单-(2023)第37批,2023-11-16,南京元泰数据科技有限公司,B2-20235588,国内呼叫中心业务,江苏,B2-(全网),https://tsm.miit.gov.cn/dxxzsp/help/noticeDetail.jsp?id=324,2023
工信部,新发证名单,《中华人民共和国增值电信业务经营许可证》发放名单-(2023)第37批,2023-11-16,广州方舟云康信息科技集团有限公司,B2-20235589,国内呼叫中心业务,广东,B2-(全网),https://tsm.miit.gov.cn/dxxzsp/help/noticeDetail.jsp?id=324,2023
工信部,新发证名单,《中华人民共和国增值电信业务经营许可证》发放名单-(2023)第37批,2023-11-16,南京鼎山信息科技有限公司,B2-20171739,国内呼叫中心业务,江苏,B2-(全网),https://tsm.miit.gov.cn/dxxzsp/help/noticeDetail.jsp?id=324,2023
工信部,新发证名单,《中华人民共和国增值电信业务经营许可证》发放名单-(2023)第37批,2023-11-16,深圳联友科技有限公司,合字B2-20180011,国内呼叫中心业务,广东,B2-(全网),https://tsm.miit.gov.cn/dxxzsp/help/noticeDetail.jsp?id=324,2023
工信部,新发证名单,《中华人民共和国增值电信业务经营许可证》发放名单-(2023)第37批,2023-11-16,北京华翔联信科技股份有限公司,合字A1.B2-20220316,国内呼叫中心业务,北京,其他,https://tsm.miit.gov.cn/dxxzsp/help/noticeDetail.jsp?id=324,2023
工信部,新发证名单,《中华人民共和国增值电信业务经营许可证》发放名单-(2023)第37批,2023-11-16,北京智奇数美科技有限公司,B2-20222130,国内呼叫中心业务,北京,B2-(全网),https://tsm.miit.gov.cn/dxxzsp/help/noticeDetail.jsp?id=324,2023
工信部,新发证名单,《中华人民共和国增值电信业务经营许可证》发放名单-(2023)第36批,2023-11-10,深圳市小码快跑网络有限公司,B2-20235466,国内多方通信服务业务国内呼叫中心业务,广东,B2-(全网),https://tsm.miit.gov.cn/dxxzsp/help/noticeDetail.jsp?id=323,2023
工信部,新发证名单,《中华人民共和国增值电信业务经营许可证》发放名单-(2023)第35批,2023-10-31,北京堃禾技术有限公司,B2-20235373,国内呼叫中心业务,北京,B2-(全网),https://tsm.miit.gov.cn/dxxzsp/help/noticeDetail.jsp?id=321,2023
工信部,新发证名单,《中华人民共和国增值电信业务经营许可证》发放名单-(2023)第35批,2023-10-31,福建中源恒富商务咨询有限公司,B2-20235374,国内呼叫中心业务,福建,B2-(全网),https://tsm.miit.gov.cn/dxxzsp/help/noticeDetail.jsp?id=321,2023
工信部,新发证名单,《中华人民共和国增值电信业务经营许可证》发放名单-(2023)第35批,2023-10-31,湖北省信产通信服务有限公司,B2-20235375,国内呼叫中心业务,湖北,B2-(全网),https://tsm.miit.gov.cn/dxxzsp/help/noticeDetail.jsp?id=321,2023
工信部,新发证名单,《中华人民共和国增值电信业务经营许可证》发放名单-(2023)第35批,2023-10-31,八度云计算（安徽）有限公司,B2-20212627,国内呼叫中心业务,安徽,B2-(全网),https://tsm.miit.gov.cn/dxxzsp/help/noticeDetail.jsp?id=321,2023
工信部,新发证名单,《中华人民共和国增值电信业务经营许可证》发放名单-(2023)第35批,2023-10-31,北京天眼智能科技有限公司,B2-20230656,国内呼叫中心业务,北京,B2-(全网),https://tsm.miit.gov.cn/dxxzsp/help/noticeDetail.jsp?id=321,2023
工信部,新发证名单,《中华人民共和国增值电信业务经营许可证》发放名单-(2023)第32批,2023-10-07,河南捷斯通讯科技有限公司,B2-20235081,国内呼叫中心业务,河南,B2-(全网),https://tsm.miit.gov.cn/dxxzsp/help/noticeDetail.jsp?id=315,2023
工信部,新发证名单,《中华人民共和国增值电信业务经营许可证》发放名单-(2023)第32批,2023-10-07,上海东方财富期货有限公司,B2-20190433,（1）注销业务种类：国内呼叫中心业务,上海,B2-(全网),https://tsm.miit.gov.cn/dxxzsp/help/noticeDetail.jsp?id=315,2023
工信部,新发证名单,《中华人民共和国增值电信业务经营许可证》发放名单-(2023)第32批,2023-10-07,辽宁儒虎通讯科技有限公司,B2-20191418,（1）注销业务种类：国内多方通信服务业务、国内呼叫中心业务、信息服务业务（不含互联网信息服务）,辽宁,B2-(全网),https://tsm.miit.gov.cn/dxxzsp/help/noticeDetail.jsp?id=315,2023
工信部,注销批准,《中华人民共和国增值电信业务经营许可证》发放名单-(2023)第32批,2023-10-07,上海东方财富期货有限公司,,国内呼叫中心业务,上海,未知,https://tsm.miit.gov.cn/dxxzsp/help/noticeDetail.jsp?id=315,2023
工信部,注销批准,《中华人民共和国增值电信业务经营许可证》发放名单-(2023)第32批,2023-10-07,辽宁儒虎通讯科技有限公司,,国内多方通信服务业务、国内呼叫中心业务、信息服务业务（不含互联网信息服务）,辽宁,未知,https://tsm.miit.gov.cn/dxxzsp/help/noticeDetail.jsp?id=315,2023
工信部,新发证名单,《中华人民共和国增值电信业务经营许可证》发放名单-(2023)第33批,2023-10-19,爱康国宾健康体检管理集团有限公司,B2-20202707,国内呼叫中心业务,未知,B2-(全网),https://tsm.miit.gov.cn/dxxzsp/help/noticeDetail.jsp?id=317,2023
工信部,新发证名单,《中华人民共和国增值电信业务经营许可证》发放名单-(2023)第33批,2023-10-19,深圳软通动力信息技术有限公司,合字B2-20220489,国内呼叫中心业务,广东,B2-(全网),https://tsm.miit.gov.cn/dxxzsp/help/noticeDetail.jsp?id=317,2023
工信部,新发证名单,中华人民共和国增值电信业务经营许可证》发放名单-(2023)第31批,2023-09-27,移联佰汇（北京）网络技术有限公司,B2-20211989,国内呼叫中心业务,北京,B2-(全网),https://tsm.miit.gov.cn/dxxzsp/help/noticeDetail.jsp?id=314,2023
工信部,新发证名单,《中华人民共和国增值电信业务经营许可证》发放名单-(2023)第30批,2023-09-12,北京彩星科技有限公司,B2-20223668,国内呼叫中心业务,北京,B2-(全网),https://tsm.miit.gov.cn/dxxzsp/help/noticeDetail.jsp?id=312,2023
工信部,新发证名单,《中华人民共和国增值电信业务经营许可证》发放名单-(2023)第30批,2023-09-12,上海博泰悦臻网络技术服务有限公司,B2-20232730,国内呼叫中心业务,上海,B2-(全网),https://tsm.miit.gov.cn/dxxzsp/help/noticeDetail.jsp?id=312,2023
工信部,新发证名单,《中华人民共和国增值电信业务经营许可证》发放名单-(2023)第29批,2023-09-04,安联世合国际救援服务（北京）有限公司,合字B2-20230331,国内呼叫中心业务,北京,B2-(全网),https://tsm.miit.gov.cn/dxxzsp/help/noticeDetail.jsp?id=308,2023
工信部,新发证名单,《中华人民共和国增值电信业务经营许可证》发放名单-(2023)第29批,2023-09-04,龙口科诺商贸有限公司（新名称：青岛世科网企业管理有限公司）,B2-20183119,不予批准：国内呼叫中心业务续期,山东,B2-(全网),https://tsm.miit.gov.cn/dxxzsp/help/noticeDetail.jsp?id=308,2023
工信部,新发证名单,《中华人民共和国增值电信业务经营许可证》发放名单-(2023)第29批,2023-09-04,济南敏盈信息科技有限公司,B2-20183246,不予批准：国内呼叫中心业务续期,山东,B2-(全网),https://tsm.miit.gov.cn/dxxzsp/help/noticeDetail.jsp?id=308,2023
工信部,新发证名单,《中华人民共和国增值电信业务经营许可证》发放名单-(2023)第28批,2023-08-18,广州优盛文化传媒有限公司,B2-20182829,不予批准：国内呼叫中心业务续期,广东,B2-(全网),https://tsm.miit.gov.cn/dxxzsp/help/noticeDetail.jsp?id=307,2023
工信部,新发证名单,《中华人民共和国增值电信业务经营许可证》发放名单-(2023)第28批,2023-08-18,融科信息科技（河北）有限公司,B2-20183996,（1）注销业务种类：国内呼叫中心业务,河北,B2-(全网),https://tsm.miit.gov.cn/dxxzsp/help/noticeDetail.jsp?id=307,2023
工信部,新发证名单,《中华人民共和国增值电信业务经营许可证》发放名单-(2023)第28批,2023-08-18,辽宁米鼠通讯科技有限公司,B2-20193805,（1）注销业务种类：国内多方通信服务业务、国内呼叫中心业务、信息服务业务（不含互联网信息服务）,辽宁,B2-(全网),https://tsm.miit.gov.cn/dxxzsp/help/noticeDetail.jsp?id=307,2023
工信部,注销批准,《中华人民共和国增值电信业务经营许可证》发放名单-(2023)第28批,2023-08-18,（,,国内呼叫中心业务,未知,未知,https://tsm.miit.gov.cn/dxxzsp/help/noticeDetail.jsp?id=307,2023
工信部,注销批准,《中华人民共和国增值电信业务经营许可证》发放名单-(2023)第28批,2023-08-18,（,,国内多方通信服务业务、国内呼叫中心业务、信息服务业务（不含互联网信息服务）,未知,未知,https://tsm.miit.gov.cn/dxxzsp/help/noticeDetail.jsp?id=307,2023
工信部,新发证名单,《中华人民共和国增值电信业务经营许可证》发放名单-(2023)第25批,2023-08-14,深圳明辉智能技术有限公司,B2-20233930,国内呼叫中心业务,广东,B2-(全网),https://tsm.miit.gov.cn/dxxzsp/help/noticeDetail.jsp?id=303,2023
工信部,新发证名单,《中华人民共和国增值电信业务经营许可证》发放名单-(2023)第25批,2023-08-14,陕西金易化成电子商务有限公司,B2-20215112,国内呼叫中心业务,陕西,B2-(全网),https://tsm.miit.gov.cn/dxxzsp/help/noticeDetail.jsp?id=303,2023
工信部,新发证名单,《中华人民共和国增值电信业务经营许可证》发放名单-(2023)第25批,2023-08-14,浙江友信科技服务有限公司,B2-20215246,国内呼叫中心业务,浙江,B2-(全网),https://tsm.miit.gov.cn/dxxzsp/help/noticeDetail.jsp?id=303,2023
工信部,新发证名单,《中华人民共和国增值电信业务经营许可证》发放名单-(2023)第25批,2023-08-14,安徽大企网络科技有限公司,B1.B2-20231340,国内呼叫中心业务,安徽,混合-(全网),https://tsm.miit.gov.cn/dxxzsp/help/noticeDetail.jsp?id=303,2023
工信部,新发证名单,《中华人民共和国增值电信业务经营许可证》发放名单-(2023)第27批,2023-08-18,吉林省鑫月宇科技有限公司,B2-20234378,国内呼叫中心业务,吉林,B2-(全网),https://tsm.miit.gov.cn/dxxzsp/help/noticeDetail.jsp?id=306,2023
工信部,新发证名单,《中华人民共和国增值电信业务经营许可证》发放名单-(2023)第27批,2023-08-18,福建畅聊科技有限公司,B2-20213421,国内呼叫中心业务,福建,B2-(全网),https://tsm.miit.gov.cn/dxxzsp/help/noticeDetail.jsp?id=306,2023
工信部,新发证名单,《中华人民共和国增值电信业务经营许可证》发放名单-(2023)第27批,2023-08-18,吉林省凯新投资信息咨询有限公司,B2-20182804,不予批准：国内呼叫中心业务续期,吉林,B2-(全网),https://tsm.miit.gov.cn/dxxzsp/help/noticeDetail.jsp?id=306,2023
工信部,新发证名单,《中华人民共和国增值电信业务经营许可证》发放名单-(2023)第26批,2023-08-15,北京吉祥格商贸有限公司,B2-20221310,国内呼叫中心业务,北京,B2-(全网),https://tsm.miit.gov.cn/dxxzsp/help/noticeDetail.jsp?id=301,2023
工信部,新发证名单,《中华人民共和国增值电信业务经营许可证》发放名单-(2023)第26批,2023-08-15,百富邦技术服务有限公司,B2-20225521,国内呼叫中心业务,未知,B2-(全网),https://tsm.miit.gov.cn/dxxzsp/help/noticeDetail.jsp?id=301,2023
工信部,新发证名单,《中华人民共和国增值电信业务经营许可证》发放名单-(2023)第23批,2023-07-21,北京空间变换科技有限公司,B2-20233590,国内呼叫中心业务,北京,B2-(全网),https://tsm.miit.gov.cn/dxxzsp/help/noticeDetail.jsp?id=298,2023
工信部,新发证名单,《中华人民共和国增值电信业务经营许可证》发放名单-(2023)第23批,2023-07-21,无锡凯泽信息技术服务有限公司,B2-20233591,国内呼叫中心业务,江苏,B2-(全网),https://tsm.miit.gov.cn/dxxzsp/help/noticeDetail.jsp?id=298,2023
工信部,新发证名单,《中华人民共和国增值电信业务经营许可证》发放名单-(2023)第23批,2023-07-21,海纳实业控股集团有限公司,B2-20233592,国内呼叫中心业务,未知,B2-(全网),https://tsm.miit.gov.cn/dxxzsp/help/noticeDetail.jsp?id=298,2023
工信部,新发证名单,《中华人民共和国增值电信业务经营许可证》发放名单-(2023)第23批,2023-07-21,北京远盟健康科技有限公司,合字B2-20230264,国内呼叫中心业务,北京,B2-(全网),https://tsm.miit.gov.cn/dxxzsp/help/noticeDetail.jsp?id=298,2023
工信部,新发证名单,《中华人民共和国增值电信业务经营许可证》发放名单-(2023)第34批,2023-10-20,大连聚恒信息技术服务有限公司,B2-20235270,国内呼叫中心业务,辽宁,B2-(全网),https://tsm.miit.gov.cn/dxxzsp/help/noticeDetail.jsp?id=318,2023
工信部,新发证名单,《中华人民共和国增值电信业务经营许可证》发放名单-(2023)第34批,2023-10-20,杭州拓天科技有限公司,B2-20235271,国内呼叫中心业务,浙江,B2-(全网),https://tsm.miit.gov.cn/dxxzsp/help/noticeDetail.jsp?id=318,2023
工信部,新发证名单,《中华人民共和国增值电信业务经营许可证》发放名单-(2023)第34批,2023-10-20,山东利明网络科技有限公司,B2-20235272,国内呼叫中心业务,山东,B2-(全网),https://tsm.miit.gov.cn/dxxzsp/help/noticeDetail.jsp?id=318,2023
工信部,新发证名单,《中华人民共和国增值电信业务经营许可证》发放名单-(2023)第34批,2023-10-20,上海晶世信息技术服务外包有限公司,合字B2-20230388,国内呼叫中心业务,上海,B2-(全网),https://tsm.miit.gov.cn/dxxzsp/help/noticeDetail.jsp?id=318,2023
工信部,新发证名单,《中华人民共和国增值电信业务经营许可证》发放名单-(2023)第34批,2023-10-20,上海创蓝云智信息科技股份有限公司,B2-20120076,国内呼叫中心业务,上海,B2-(全网),https://tsm.miit.gov.cn/dxxzsp/help/noticeDetail.jsp?id=318,2023
工信部,新发证名单,《中华人民共和国增值电信业务经营许可证》发放名单-(2023)第34批,2023-10-20,山东乘舜企业管理咨询有限公司,B2-20183806,不予批准：国内呼叫中心业务续期,山东,B2-(全网),https://tsm.miit.gov.cn/dxxzsp/help/noticeDetail.jsp?id=318,2023
工信部,新发证名单,《中华人民共和国增值电信业务经营许可证》发放名单-(2023)第34批,2023-10-20,苏州芊芊祥信息咨询有限公司,B2-20193514,（1）注销业务种类：国内呼叫中心业务,江苏,B2-(全网),https://tsm.miit.gov.cn/dxxzsp/help/noticeDetail.jsp?id=318,2023
工信部,注销批准,《中华人民共和国增值电信业务经营许可证》发放名单-(2023)第34批,2023-10-20,苏州芊芊祥信息咨询有限公司,,国内呼叫中心业务,江苏,未知,https://tsm.miit.gov.cn/dxxzsp/help/noticeDetail.jsp?id=318,2023
工信部,新发证名单,《中华人民共和国增值电信业务经营许可证》发放名单-(2023)第22批,2023-07-14,北京移数通电讯有限公司,B2-20233260,国内呼叫中心业务信息服务业务（不含互联网信息服务）,北京,B2-(全网),https://tsm.miit.gov.cn/dxxzsp/help/noticeDetail.jsp?id=297,2023
工信部,新发证名单,《中华人民共和国增值电信业务经营许可证》发放名单-(2023)第22批,2023-07-14,杭州诚智天扬科技有限公司,B2-20100012,国内呼叫中心业务,浙江,B2-(全网),https://tsm.miit.gov.cn/dxxzsp/help/noticeDetail.jsp?id=297,2023
工信部,新发证名单,《中华人民共和国增值电信业务经营许可证》发放名单-(2023)第22批,2023-07-14,陕西锦鑫智语智能科技有限公司,B2-20214068,国内呼叫中心业务,陕西,B2-(全网),https://tsm.miit.gov.cn/dxxzsp/help/noticeDetail.jsp?id=297,2023
工信部,新发证名单,《中华人民共和国增值电信业务经营许可证》发放名单-(2023)第22批,2023-07-14,重庆了凡法律咨询有限公司,B2-20221208,国内呼叫中心业务,重庆,B2-(全网),https://tsm.miit.gov.cn/dxxzsp/help/noticeDetail.jsp?id=297,2023
工信部,新发证名单,《中华人民共和国增值电信业务经营许可证》发放名单-(2023)第22批,2023-07-14,安徽弘益通盈科技有限公司,B2-20184718,（1）注销业务种类：国内呼叫中心业务,安徽,B2-(全网),https://tsm.miit.gov.cn/dxxzsp/help/noticeDetail.jsp?id=297,2023
工信部,注销批准,《中华人民共和国增值电信业务经营许可证》发放名单-(2023)第22批,2023-07-14,安徽弘益通盈科技有限公司,,国内呼叫中心业务,安徽,未知,https://tsm.miit.gov.cn/dxxzsp/help/noticeDetail.jsp?id=297,2023
工信部,新发证名单,《中华人民共和国增值电信业务经营许可证》发放名单-(2023)第21批,2023-07-12,深圳天云祥网络科技有限公司,B2-20233258,国内呼叫中心业务,广东,B2-(全网),https://tsm.miit.gov.cn/dxxzsp/help/noticeDetail.jsp?id=296,2023
工信部,新发证名单,《中华人民共和国增值电信业务经营许可证》发放名单-(2023)第21批,2023-07-12,重庆库田科技有限公司,B2-20233259,国内呼叫中心业务,重庆,B2-(全网),https://tsm.miit.gov.cn/dxxzsp/help/noticeDetail.jsp?id=296,2023
工信部,新发证名单,《中华人民共和国增值电信业务经营许可证》发放名单-(2023)第21批,2023-07-12,中智科技服务（成都）有限公司,合字B2-20230243,国内呼叫中心业务,四川,B2-(全网),https://tsm.miit.gov.cn/dxxzsp/help/noticeDetail.jsp?id=296,2023
工信部,新发证名单,《中华人民共和国增值电信业务经营许可证》发放名单-(2023)第18批,2023-06-20,深圳市南方国讯科技有限公司,B1.B2-20171303,国内呼叫中心业务,广东,混合-(全网),https://tsm.miit.gov.cn/dxxzsp/help/noticeDetail.jsp?id=290,2023
工信部,新发证名单,《中华人民共和国增值电信业务经营许可证》发放名单-(2023)第18批,2023-06-20,上海信息化服务热线有限公司,B2-20182576,（1）注销业务种类：国内呼叫中心业务,上海,B2-(全网),https://tsm.miit.gov.cn/dxxzsp/help/noticeDetail.jsp?id=290,2023
工信部,新发证名单,《中华人民共和国增值电信业务经营许可证》发放名单-(2023)第18批,2023-06-20,福建好牛科技有限公司,B2-20184018,（1）注销业务种类：国内呼叫中心业务,福建,B2-(全网),https://tsm.miit.gov.cn/dxxzsp/help/noticeDetail.jsp?id=290,2023
工信部,注销批准,《中华人民共和国增值电信业务经营许可证》发放名单-(2023)第18批,2023-06-20,上海信息化服务热线有限公司,,国内呼叫中心业务,上海,未知,https://tsm.miit.gov.cn/dxxzsp/help/noticeDetail.jsp?id=290,2023
工信部,注销批准,《中华人民共和国增值电信业务经营许可证》发放名单-(2023)第18批,2023-06-20,福建好牛科技有限公司,,国内呼叫中心业务,福建,未知,https://tsm.miit.gov.cn/dxxzsp/help/noticeDetail.jsp?id=290,2023
工信部,新发证名单,《中华人民共和国增值电信业务经营许可证》发放名单-(2023)第17批,2023-06-09,山东声谷信息科技有限公司,B2-20232435,国内呼叫中心业务,山东,B2-(全网),https://tsm.miit.gov.cn/dxxzsp/help/noticeDetail.jsp?id=289,2023
工信部,新发证名单,《中华人民共和国增值电信业务经营许可证》发放名单-(2023)第17批,2023-06-09,南京云声信息技术有限公司,B2-20232436,国内呼叫中心业务,江苏,B2-(全网),https://tsm.miit.gov.cn/dxxzsp/help/noticeDetail.jsp?id=289,2023
工信部,新发证名单,《中华人民共和国增值电信业务经营许可证》发放名单-(2023)第17批,2023-06-09,陕西百贝通信技术有限公司,B2-20232438,国内呼叫中心业务,陕西,B2-(全网),https://tsm.miit.gov.cn/dxxzsp/help/noticeDetail.jsp?id=289,2023
工信部,新发证名单,《中华人民共和国增值电信业务经营许可证》发放名单-(2023)第17批,2023-06-09,深圳安时达技术服务有限公司,合字B2-20200158,国内呼叫中心业务,广东,B2-(全网),https://tsm.miit.gov.cn/dxxzsp/help/noticeDetail.jsp?id=289,2023
工信部,新发证名单,《中华人民共和国增值电信业务经营许可证》发放名单-(2023)第24批,2023-07-25,宿迁兆盈商服科技有限公司,B2-20233780,国内呼叫中心业务,未知,B2-(全网),https://tsm.miit.gov.cn/dxxzsp/help/noticeDetail.jsp?id=299,2023
工信部,新发证名单,《中华人民共和国增值电信业务经营许可证》发放名单-(2023)第24批,2023-07-25,河北广兴企业管理咨询有限公司,B2-20233781,国内呼叫中心业务,河北,B2-(全网),https://tsm.miit.gov.cn/dxxzsp/help/noticeDetail.jsp?id=299,2023
工信部,新发证名单,《中华人民共和国增值电信业务经营许可证》发放名单-(2023)第24批,2023-07-25,上海百秋新网商数字科技有限公司,B2-20233782,国内呼叫中心业务,上海,B2-(全网),https://tsm.miit.gov.cn/dxxzsp/help/noticeDetail.jsp?id=299,2023
工信部,新发证名单,《中华人民共和国增值电信业务经营许可证》发放名单-(2023)第16批,2023-06-05,东郭科技（北京）有限公司,B2-20232267,国内呼叫中心业务信息服务业务（不含互联网信息服务）,北京,B2-(全网),https://tsm.miit.gov.cn/dxxzsp/help/noticeDetail.jsp?id=288,2023
工信部,新发证名单,《中华人民共和国增值电信业务经营许可证》发放名单-(2023)第16批,2023-06-05,重庆泛易科技有限公司,B2-20232269,国内呼叫中心业务,重庆,B2-(全网),https://tsm.miit.gov.cn/dxxzsp/help/noticeDetail.jsp?id=288,2023
工信部,新发证名单,《中华人民共和国增值电信业务经营许可证》发放名单-(2023)第16批,2023-06-05,深圳方思鼎云科技有限公司,B2-20232270,国内呼叫中心业务,广东,B2-(全网),https://tsm.miit.gov.cn/dxxzsp/help/noticeDetail.jsp?id=288,2023
工信部,新发证名单,《中华人民共和国增值电信业务经营许可证》发放名单-(2023)第16批,2023-06-05,新国脉文旅科技有限公司,B2-20232271,国内呼叫中心业务,未知,B2-(全网),https://tsm.miit.gov.cn/dxxzsp/help/noticeDetail.jsp?id=288,2023
工信部,新发证名单,《中华人民共和国增值电信业务经营许可证》发放名单-(2023)第16批,2023-06-05,四川保全界企业管理有限公司,B2-20222096,国内呼叫中心业务,四川,B2-(全网),https://tsm.miit.gov.cn/dxxzsp/help/noticeDetail.jsp?id=288,2023
工信部,新发证名单,《中华人民共和国增值电信业务经营许可证》发放名单-(2023)第16批,2023-06-05,浙江思极科技服务有限公司,A2.B1.B2-20223385,国内呼叫中心业务,浙江,混合-(全网),https://tsm.miit.gov.cn/dxxzsp/help/noticeDetail.jsp?id=288,2023
工信部,新发证名单,《中华人民共和国增值电信业务经营许可证》发放名单-(2023)第16批,2023-06-05,浙江兰创通信有限公司,B2-20080106,（1）注销业务种类：国内呼叫中心业务、信息服务业务（不含互联网信息服务）,浙江,B2-(全网),https://tsm.miit.gov.cn/dxxzsp/help/noticeDetail.jsp?id=288,2023
工信部,新发证名单,《中华人民共和国增值电信业务经营许可证》发放名单-(2023)第16批,2023-06-05,二六三网络通信股份有限公司,A1.B2-20090386,（1）注销业务种类：通过转售方式提供的蜂窝移动通信业务（2）继续经营：国内多方通信服务业务、国内呼叫中心业务,未知,其他,https://tsm.miit.gov.cn/dxxzsp/help/noticeDetail.jsp?id=288,2023
工信部,新发证名单,《中华人民共和国增值电信业务经营许可证》发放名单-(2023)第16批,2023-06-05,晓程序（深圳）信息技术服务有限公司,B2-20183276,（1）注销业务种类：国内呼叫中心业务,广东,B2-(全网),https://tsm.miit.gov.cn/dxxzsp/help/noticeDetail.jsp?id=288,2023
工信部,新发证名单,《中华人民共和国增值电信业务经营许可证》发放名单-(2023)第16批,2023-06-05,北京意向天下科技有限公司,B2-20183554,（1）注销业务种类：信息服务业务（不含互联网信息服务）（2）继续经营：国内多方通信服务业务、国内呼叫中心业务（3）公司名称变更：“北京意向天下科技有限公司”变更为“北京意向天下供应链管理有限公司”（4）法定代表人变更：“王立军”变更后“王莎莎”,北京,B2-(全网),https://tsm.miit.gov.cn/dxxzsp/help/noticeDetail.jsp?id=288,2023
工信部,新发证名单,《中华人民共和国增值电信业务经营许可证》发放名单-(2023)第16批,2023-06-05,上海声帆网络科技有限公司,B2-20194085,（1）注销业务种类：国内呼叫中心业务,上海,B2-(全网),https://tsm.miit.gov.cn/dxxzsp/help/noticeDetail.jsp?id=288,2023
工信部,新发证名单,《中华人民共和国增值电信业务经营许可证》发放名单-(2023)第16批,2023-06-05,湖南么子信息技术有限公司,B2-20195631,（1）注销业务种类：信息服务业务（不含互联网信息服务）（2）继续经营：国内呼叫中心业务,湖南,B2-(全网),https://tsm.miit.gov.cn/dxxzsp/help/noticeDetail.jsp?id=288,2023
工信部,注销批准,《中华人民共和国增值电信业务经营许可证》发放名单-(2023)第16批,2023-06-05,（,,国内呼叫中心业务、信息服务业务（不含互联网信息服务）,未知,未知,https://tsm.miit.gov.cn/dxxzsp/help/noticeDetail.jsp?id=288,2023
工信部,注销批准,《中华人民共和国增值电信业务经营许可证》发放名单-(2023)第16批,2023-06-05,（,,国内呼叫中心业务,未知,未知,https://tsm.miit.gov.cn/dxxzsp/help/noticeDetail.jsp?id=288,2023
工信部,注销公示,关于拟注销深圳市华博科技开发有限公司等233家企业跨地区增值电信业务经营许可的公示,2023-06-05,安徽弘益通盈科技有限公司,B2-20184718,国内呼叫中心业务,安徽,B2-(全网),https://tsm.miit.gov.cn/dxxzsp/help/noticeDetail.jsp?id=286,2023
工信部,注销公示,关于拟注销深圳市华博科技开发有限公司等233家企业跨地区增值电信业务经营许可的公示,2023-06-05,江苏南邮洲腾健康科技有限公司,B2-20130123,国内呼叫中心业务、信息服务业务（不含互联网信息服务）,江苏,B2-(全网),https://tsm.miit.gov.cn/dxxzsp/help/noticeDetail.jsp?id=286,2023
工信部,注销公示,关于拟注销深圳市华博科技开发有限公司等233家企业跨地区增值电信业务经营许可的公示,2023-06-05,北京国电高科科技有限公司,B1.B2-20181406,国内甚小口径终端地球站通信业务、固定网国内数据传送业务、互联网数据中心业务、内容分发网络业务、国内互联网虚拟专用网业务、互联网接入服务业务、国内多方通信服务业务、存储转发类业务、国内呼叫中心业务、信息服务业务（不含互联网信息服务）,北京,混合-(全网),https://tsm.miit.gov.cn/dxxzsp/help/noticeDetail.jsp?id=286,2023
工信部,注销公示,关于拟注销深圳市华博科技开发有限公司等233家企业跨地区增值电信业务经营许可的公示,2023-06-05,山东金斗云物联科技有限公司,B1.B2-20181410,互联网接入服务业务、国内多方通信服务业务、国内呼叫中心业务、信息服务业务（不含互联网信息服务）,山东,混合-(全网),https://tsm.miit.gov.cn/dxxzsp/help/noticeDetail.jsp?id=286,2023
工信部,注销公示,关于拟注销深圳市华博科技开发有限公司等233家企业跨地区增值电信业务经营许可的公示,2023-06-05,深圳助保控股有限公司,B2-20181418,国内呼叫中心业务、信息服务业务（不含互联网信息服务）,广东,B2-(全网),https://tsm.miit.gov.cn/dxxzsp/help/noticeDetail.jsp?id=286,2023
工信部,注销公示,关于拟注销深圳市华博科技开发有限公司等233家企业跨地区增值电信业务经营许可的公示,2023-06-05,星瀚联动科技（北京）有限公司,B2-20181420,国内呼叫中心业务、信息服务业务（不含互联网信息服务）,北京,B2-(全网),https://tsm.miit.gov.cn/dxxzsp/help/noticeDetail.jsp?id=286,2023
工信部,注销公示,关于拟注销深圳市华博科技开发有限公司等233家企业跨地区增值电信业务经营许可的公示,2023-06-05,广州煌鼎信息科技有限公司,B2-20181422,国内呼叫中心业务、信息服务业务（不含互联网信息服务）,广东,B2-(全网),https://tsm.miit.gov.cn/dxxzsp/help/noticeDetail.jsp?id=286,2023
工信部,注销公示,关于拟注销深圳市华博科技开发有限公司等233家企业跨地区增值电信业务经营许可的公示,2023-06-05,南京轩鼎科技有限公司,B2-20181425,国内呼叫中心业务、信息服务业务（不含互联网信息服务）,江苏,B2-(全网),https://tsm.miit.gov.cn/dxxzsp/help/noticeDetail.jsp?id=286,2023
工信部,注销公示,关于拟注销深圳市华博科技开发有限公司等233家企业跨地区增值电信业务经营许可的公示,2023-06-05,深圳市金年轮通信技术有限公司,B2-20181427,国内呼叫中心业务、信息服务业务（不含互联网信息服务）,广东,B2-(全网),https://tsm.miit.gov.cn/dxxzsp/help/noticeDetail.jsp?id=286,2023
工信部,注销公示,关于拟注销深圳市华博科技开发有限公司等233家企业跨地区增值电信业务经营许可的公示,2023-06-05,浙江上信科技有限公司,B2-20181428,国内呼叫中心业务、信息服务业务（不含互联网信息服务）,浙江,B2-(全网),https://tsm.miit.gov.cn/dxxzsp/help/noticeDetail.jsp?id=286,2023
工信部,注销公示,关于拟注销深圳市华博科技开发有限公司等233家企业跨地区增值电信业务经营许可的公示,2023-06-05,广州天沐信息科技有限公司,B2-20181429,国内呼叫中心业务、信息服务业务（不含互联网信息服务）,广东,B2-(全网),https://tsm.miit.gov.cn/dxxzsp/help/noticeDetail.jsp?id=286,2023
工信部,注销公示,关于拟注销深圳市华博科技开发有限公司等233家企业跨地区增值电信业务经营许可的公示,2023-06-05,沈阳中科瑞智科技有限公司,B2-20181430,国内呼叫中心业务、信息服务业务（不含互联网信息服务）,辽宁,B2-(全网),https://tsm.miit.gov.cn/dxxzsp/help/noticeDetail.jsp?id=286,2023
工信部,注销公示,关于拟注销深圳市华博科技开发有限公司等233家企业跨地区增值电信业务经营许可的公示,2023-06-05,深圳市华富龙企业管理服务有限公司,B2-20181436,国内呼叫中心业务,广东,B2-(全网),https://tsm.miit.gov.cn/dxxzsp/help/noticeDetail.jsp?id=286,2023
工信部,注销公示,关于拟注销深圳市华博科技开发有限公司等233家企业跨地区增值电信业务经营许可的公示,2023-06-05,深圳市橙呦网络科技有限公司,B2-20181439,国内呼叫中心业务,广东,B2-(全网),https://tsm.miit.gov.cn/dxxzsp/help/noticeDetail.jsp?id=286,2023
工信部,注销公示,关于拟注销深圳市华博科技开发有限公司等233家企业跨地区增值电信业务经营许可的公示,2023-06-05,广州盈创信息服务有限公司,B2-20181440,国内呼叫中心业务,广东,B2-(全网),https://tsm.miit.gov.cn/dxxzsp/help/noticeDetail.jsp?id=286,2023
工信部,注销公示,关于拟注销深圳市华博科技开发有限公司等233家企业跨地区增值电信业务经营许可的公示,2023-06-05,四川五机网科技有限公司,B2-20181441,国内呼叫中心业务、信息服务业务（不含互联网信息服务）,四川,B2-(全网),https://tsm.miit.gov.cn/dxxzsp/help/noticeDetail.jsp?id=286,2023
工信部,注销公示,关于拟注销深圳市华博科技开发有限公司等233家企业跨地区增值电信业务经营许可的公示,2023-06-05,上海弘又升电子商务有限公司,B2-20181442,国内呼叫中心业务,上海,B2-(全网),https://tsm.miit.gov.cn/dxxzsp/help/noticeDetail.jsp?id=286,2023
工信部,注销公示,关于拟注销深圳市华博科技开发有限公司等233家企业跨地区增值电信业务经营许可的公示,2023-06-05,江苏桓金资产管理有限公司,B2-20181447,国内呼叫中心业务,江苏,B2-(全网),https://tsm.miit.gov.cn/dxxzsp/help/noticeDetail.jsp?id=286,2023
工信部,注销公示,关于拟注销深圳市华博科技开发有限公司等233家企业跨地区增值电信业务经营许可的公示,2023-06-05,石家庄禄宏网络科技有限公司,B2-20181449,国内呼叫中心业务,未知,B2-(全网),https://tsm.miit.gov.cn/dxxzsp/help/noticeDetail.jsp?id=286,2023
工信部,注销公示,关于拟注销深圳市华博科技开发有限公司等233家企业跨地区增值电信业务经营许可的公示,2023-06-05,福建思迈网络科技有限公司,B2-20181450,国内呼叫中心业务,福建,B2-(全网),https://tsm.miit.gov.cn/dxxzsp/help/noticeDetail.jsp?id=286,2023
工信部,注销公示,关于拟注销深圳市华博科技开发有限公司等233家企业跨地区增值电信业务经营许可的公示,2023-06-05,中道汽车救援产业有限公司,B1.B2-20181451,互联网接入服务业务、国内呼叫中心业务,未知,混合-(全网),https://tsm.miit.gov.cn/dxxzsp/help/noticeDetail.jsp?id=286,2023
工信部,注销公示,关于拟注销深圳市华博科技开发有限公司等233家企业跨地区增值电信业务经营许可的公示,2023-06-05,赛诺贝斯（北京）营销技术股份有限公司,B1.B2-20181453,互联网数据中心业务、国内呼叫中心业务,北京,混合-(全网),https://tsm.miit.gov.cn/dxxzsp/help/noticeDetail.jsp?id=286,2023
工信部,注销公示,关于拟注销深圳市华博科技开发有限公司等233家企业跨地区增值电信业务经营许可的公示,2023-06-05,致融鑫达金融服务外包（北京）有限公司,B2-20181456,国内呼叫中心业务,北京,B2-(全网),https://tsm.miit.gov.cn/dxxzsp/help/noticeDetail.jsp?id=286,2023
工信部,注销公示,关于拟注销深圳市华博科技开发有限公司等233家企业跨地区增值电信业务经营许可的公示,2023-06-05,湖南百城易通信息技术有限公司,B2-20181461,国内呼叫中心业务,湖南,B2-(全网),https://tsm.miit.gov.cn/dxxzsp/help/noticeDetail.jsp?id=286,2023
工信部,注销公示,关于拟注销深圳市华博科技开发有限公司等233家企业跨地区增值电信业务经营许可的公示,2023-06-05,南京新之瑞信息科技有限公司,B2-20181474,国内呼叫中心业务、信息服务业务（不含互联网信息服务）,江苏,B2-(全网),https://tsm.miit.gov.cn/dxxzsp/help/noticeDetail.jsp?id=286,2023
工信部,注销公示,关于拟注销深圳市华博科技开发有限公司等233家企业跨地区增值电信业务经营许可的公示,2023-06-05,一线信息技术有限公司,B1.B2-20181526,固定网国内数据传送业务、互联网数据中心业务、内容分发网络业务、国内互联网虚拟专用网业务、互联网接入服务业务、国内多方通信服务业务、存储转发类业务、国内呼叫中心业务、信息服务业务（不含互联网信息服务）,未知,混合-(全网),https://tsm.miit.gov.cn/dxxzsp/help/noticeDetail.jsp?id=286,2023
工信部,注销公示,关于拟注销深圳市华博科技开发有限公司等233家企业跨地区增值电信业务经营许可的公示,2023-06-05,福建创新大陆网络科技有限公司,B2-20181552,国内多方通信服务业务、国内呼叫中心业务,福建,B2-(全网),https://tsm.miit.gov.cn/dxxzsp/help/noticeDetail.jsp?id=286,2023
工信部,注销公示,关于拟注销深圳市华博科技开发有限公司等233家企业跨地区增值电信业务经营许可的公示,2023-06-05,江苏睿甲云通信息科技有限公司,B2-20181553,国内多方通信服务业务、国内呼叫中心业务,江苏,B2-(全网),https://tsm.miit.gov.cn/dxxzsp/help/noticeDetail.jsp?id=286,2023
工信部,注销公示,关于拟注销深圳市华博科技开发有限公司等233家企业跨地区增值电信业务经营许可的公示,2023-06-05,广州赢镝信息科技有限公司,B2-20181555,国内呼叫中心业务、信息服务业务（不含互联网信息服务）,广东,B2-(全网),https://tsm.miit.gov.cn/dxxzsp/help/noticeDetail.jsp?id=286,2023
工信部,注销公示,关于拟注销深圳市华博科技开发有限公司等233家企业跨地区增值电信业务经营许可的公示,2023-06-05,厦门赢和网络科技有限公司,B2-20181559,国内呼叫中心业务、信息服务业务（不含互联网信息服务）,福建,B2-(全网),https://tsm.miit.gov.cn/dxxzsp/help/noticeDetail.jsp?id=286,2023
工信部,注销公示,关于拟注销深圳市华博科技开发有限公司等233家企业跨地区增值电信业务经营许可的公示,2023-06-05,山东千骏信息技术有限公司,B2-20181560,国内呼叫中心业务、信息服务业务（不含互联网信息服务）,山东,B2-(全网),https://tsm.miit.gov.cn/dxxzsp/help/noticeDetail.jsp?id=286,2023
工信部,注销公示,关于拟注销深圳市华博科技开发有限公司等233家企业跨地区增值电信业务经营许可的公示,2023-06-05,重庆超游网络科技有限公司,B2-20181561,国内呼叫中心业务、信息服务业务（不含互联网信息服务）,重庆,B2-(全网),https://tsm.miit.gov.cn/dxxzsp/help/noticeDetail.jsp?id=286,2023
工信部,注销公示,关于拟注销深圳市华博科技开发有限公司等233家企业跨地区增值电信业务经营许可的公示,2023-06-05,北京蜜蜂来了科技有限公司,B2-20181563,国内呼叫中心业务、信息服务业务（不含互联网信息服务）,北京,B2-(全网),https://tsm.miit.gov.cn/dxxzsp/help/noticeDetail.jsp?id=286,2023
工信部,注销公示,关于拟注销深圳市华博科技开发有限公司等233家企业跨地区增值电信业务经营许可的公示,2023-06-05,河南博之凯信息科技有限公司,B2-20181569,国内呼叫中心业务,河南,B2-(全网),https://tsm.miit.gov.cn/dxxzsp/help/noticeDetail.jsp?id=286,2023
工信部,注销公示,关于拟注销深圳市华博科技开发有限公司等233家企业跨地区增值电信业务经营许可的公示,2023-06-05,上海百秋电子商务有限公司,B2-20181570,国内呼叫中心业务,上海,B2-(全网),https://tsm.miit.gov.cn/dxxzsp/help/noticeDetail.jsp?id=286,2023
工信部,注销公示,关于拟注销深圳市华博科技开发有限公司等233家企业跨地区增值电信业务经营许可的公示,2023-06-05,潍坊滨海信息科技有限公司,B2-20181572,国内呼叫中心业务,未知,B2-(全网),https://tsm.miit.gov.cn/dxxzsp/help/noticeDetail.jsp?id=286,2023
工信部,注销公示,关于拟注销深圳市华博科技开发有限公司等233家企业跨地区增值电信业务经营许可的公示,2023-06-05,广东科维创信息科技有限公司,B2-20181573,国内呼叫中心业务,广东,B2-(全网),https://tsm.miit.gov.cn/dxxzsp/help/noticeDetail.jsp?id=286,2023
工信部,注销公示,关于拟注销深圳市华博科技开发有限公司等233家企业跨地区增值电信业务经营许可的公示,2023-06-05,广州市波浪信息技术有限公司,B2-20181574,国内呼叫中心业务,广东,B2-(全网),https://tsm.miit.gov.cn/dxxzsp/help/noticeDetail.jsp?id=286,2023
工信部,注销公示,关于拟注销深圳市华博科技开发有限公司等233家企业跨地区增值电信业务经营许可的公示,2023-06-05,康朝药业有限公司,B2-20181576,国内呼叫中心业务,未知,B2-(全网),https://tsm.miit.gov.cn/dxxzsp/help/noticeDetail.jsp?id=286,2023
工信部,注销公示,关于拟注销深圳市华博科技开发有限公司等233家企业跨地区增值电信业务经营许可的公示,2023-06-05,河北京迅信息技术有限公司,B2-20181577,国内呼叫中心业务,北京,B2-(全网),https://tsm.miit.gov.cn/dxxzsp/help/noticeDetail.jsp?id=286,2023
工信部,注销公示,关于拟注销深圳市华博科技开发有限公司等233家企业跨地区增值电信业务经营许可的公示,2023-06-05,成都么么行商务信息咨询有限公司,B2-20181581,国内呼叫中心业务,四川,B2-(全网),https://tsm.miit.gov.cn/dxxzsp/help/noticeDetail.jsp?id=286,2023
工信部,注销公示,关于拟注销深圳市华博科技开发有限公司等233家企业跨地区增值电信业务经营许可的公示,2023-06-05,苏州绿派生物科技有限公司,B2-20181582,国内呼叫中心业务,江苏,B2-(全网),https://tsm.miit.gov.cn/dxxzsp/help/noticeDetail.jsp?id=286,2023
工信部,注销公示,关于拟注销深圳市华博科技开发有限公司等233家企业跨地区增值电信业务经营许可的公示,2023-06-05,深圳市鼎迈金融信息咨询有限公司,B2-20181586,国内呼叫中心业务,广东,B2-(全网),https://tsm.miit.gov.cn/dxxzsp/help/noticeDetail.jsp?id=286,2023
工信部,注销公示,关于拟注销深圳市华博科技开发有限公司等233家企业跨地区增值电信业务经营许可的公示,2023-06-05,昆山元海慧诚网络科技有限公司,B2-20181589,国内呼叫中心业务,未知,B2-(全网),https://tsm.miit.gov.cn/dxxzsp/help/noticeDetail.jsp?id=286,2023
工信部,注销公示,关于拟注销深圳市华博科技开发有限公司等233家企业跨地区增值电信业务经营许可的公示,2023-06-05,上海腾焰信息科技有限公司,B2-20181591,国内呼叫中心业务,上海,B2-(全网),https://tsm.miit.gov.cn/dxxzsp/help/noticeDetail.jsp?id=286,2023
工信部,注销公示,关于拟注销深圳市华博科技开发有限公司等233家企业跨地区增值电信业务经营许可的公示,2023-06-05,温州企盟科技信息服务有限公司,B2-20181596,国内呼叫中心业务、信息服务业务（不含互联网信息服务）,未知,B2-(全网),https://tsm.miit.gov.cn/dxxzsp/help/noticeDetail.jsp?id=286,2023
工信部,注销公示,关于拟注销深圳市华博科技开发有限公司等233家企业跨地区增值电信业务经营许可的公示,2023-06-05,指动信息技术有限公司,B2-20181610,国内呼叫中心业务、信息服务业务（不含互联网信息服务）,未知,B2-(全网),https://tsm.miit.gov.cn/dxxzsp/help/noticeDetail.jsp?id=286,2023
工信部,注销公示,关于拟注销深圳市华博科技开发有限公司等233家企业跨地区增值电信业务经营许可的公示,2023-06-05,辽宁国运通达通信集团有限公司,B1.B2-20181615,互联网数据中心业务、内容分发网络业务、互联网接入服务业务、国内呼叫中心业务、信息服务业务（不含互联网信息服务）,辽宁,混合-(全网),https://tsm.miit.gov.cn/dxxzsp/help/noticeDetail.jsp?id=286,2023
工信部,注销公示,关于拟注销深圳市华博科技开发有限公司等233家企业跨地区增值电信业务经营许可的公示,2023-06-05,上海蓝珀通信技术有限公司,B2-20130134,国内呼叫中心业务、信息服务业务（不含互联网信息服务）,上海,B2-(全网),https://tsm.miit.gov.cn/dxxzsp/help/noticeDetail.jsp?id=286,2023
工信部,注销公示,关于拟注销深圳市华博科技开发有限公司等233家企业跨地区增值电信业务经营许可的公示,2023-06-05,河北企标网络科技有限公司,B1.B2-20181680,国内互联网虚拟专用网业务、互联网接入服务业务、国内呼叫中心业务、信息服务业务（不含互联网信息服务）,河北,混合-(全网),https://tsm.miit.gov.cn/dxxzsp/help/noticeDetail.jsp?id=286,2023
工信部,注销公示,关于拟注销深圳市华博科技开发有限公司等233家企业跨地区增值电信业务经营许可的公示,2023-06-05,扬州市天语信息科技有限公司,B2-20181683,国内呼叫中心业务、信息服务业务（不含互联网信息服务）,未知,B2-(全网),https://tsm.miit.gov.cn/dxxzsp/help/noticeDetail.jsp?id=286,2023
工信部,注销公示,关于拟注销深圳市华博科技开发有限公司等233家企业跨地区增值电信业务经营许可的公示,2023-06-05,上海聚石信息科技有限公司,B2-20181685,国内呼叫中心业务、信息服务业务（不含互联网信息服务）,上海,B2-(全网),https://tsm.miit.gov.cn/dxxzsp/help/noticeDetail.jsp?id=286,2023
工信部,注销公示,关于拟注销深圳市华博科技开发有限公司等233家企业跨地区增值电信业务经营许可的公示,2023-06-05,辽宁云欧网络科技股份有限公司,B1.B2-20181693,互联网数据中心业务、内容分发网络业务、国内互联网虚拟专用网业务、互联网接入服务业务、国内呼叫中心业务、信息服务业务（不含互联网信息服务）,辽宁,混合-(全网),https://tsm.miit.gov.cn/dxxzsp/help/noticeDetail.jsp?id=286,2023
工信部,注销公示,关于拟注销深圳市华博科技开发有限公司等233家企业跨地区增值电信业务经营许可的公示,2023-06-05,合肥雅恩网络科技有限公司,B2-20181694,国内呼叫中心业务、信息服务业务（不含互联网信息服务）,安徽,B2-(全网),https://tsm.miit.gov.cn/dxxzsp/help/noticeDetail.jsp?id=286,2023
工信部,注销公示,关于拟注销深圳市华博科技开发有限公司等233家企业跨地区增值电信业务经营许可的公示,2023-06-05,厦门慧网天下科技有限公司,B1.B2-20181699,互联网数据中心业务、内容分发网络业务、互联网接入服务业务、国内呼叫中心业务、信息服务业务（不含互联网信息服务）,福建,混合-(全网),https://tsm.miit.gov.cn/dxxzsp/help/noticeDetail.jsp?id=286,2023
工信部,注销公示,关于拟注销深圳市华博科技开发有限公司等233家企业跨地区增值电信业务经营许可的公示,2023-06-05,成都致远天欧科技有限公司,B2-20181703,国内呼叫中心业务、信息服务业务（不含互联网信息服务）,四川,B2-(全网),https://tsm.miit.gov.cn/dxxzsp/help/noticeDetail.jsp?id=286,2023
工信部,注销公示,关于拟注销深圳市华博科技开发有限公司等233家企业跨地区增值电信业务经营许可的公示,2023-06-05,厦门富斯特企业管理咨询有限公司,B2-20181707,国内呼叫中心业务,福建,B2-(全网),https://tsm.miit.gov.cn/dxxzsp/help/noticeDetail.jsp?id=286,2023
工信部,注销公示,关于拟注销深圳市华博科技开发有限公司等233家企业跨地区增值电信业务经营许可的公示,2023-06-05,北京宝玉通文化科技有限公司,B2-20181711,国内呼叫中心业务,北京,B2-(全网),https://tsm.miit.gov.cn/dxxzsp/help/noticeDetail.jsp?id=286,2023
工信部,注销公示,关于拟注销深圳市华博科技开发有限公司等233家企业跨地区增值电信业务经营许可的公示,2023-06-05,沈阳易贷金控金融服务有限公司,B2-20181712,国内呼叫中心业务,辽宁,B2-(全网),https://tsm.miit.gov.cn/dxxzsp/help/noticeDetail.jsp?id=286,2023
工信部,注销公示,关于拟注销深圳市华博科技开发有限公司等233家企业跨地区增值电信业务经营许可的公示,2023-06-05,吉林省京东科技有限公司,B2-20181713,国内呼叫中心业务,吉林,B2-(全网),https://tsm.miit.gov.cn/dxxzsp/help/noticeDetail.jsp?id=286,2023
工信部,注销公示,关于拟注销深圳市华博科技开发有限公司等233家企业跨地区增值电信业务经营许可的公示,2023-06-05,邢台无界电子商务有限公司,B2-20181714,国内呼叫中心业务,未知,B2-(全网),https://tsm.miit.gov.cn/dxxzsp/help/noticeDetail.jsp?id=286,2023
工信部,注销公示,关于拟注销深圳市华博科技开发有限公司等233家企业跨地区增值电信业务经营许可的公示,2023-06-05,四川铭创首赫科技有限公司,B2-20181717,国内呼叫中心业务,四川,B2-(全网),https://tsm.miit.gov.cn/dxxzsp/help/noticeDetail.jsp?id=286,2023
工信部,注销公示,关于拟注销深圳市华博科技开发有限公司等233家企业跨地区增值电信业务经营许可的公示,2023-06-05,湖南同合蓝图文化传媒有限公司,B2-20181720,国内呼叫中心业务,湖南,B2-(全网),https://tsm.miit.gov.cn/dxxzsp/help/noticeDetail.jsp?id=286,2023
工信部,注销公示,关于拟注销深圳市华博科技开发有限公司等233家企业跨地区增值电信业务经营许可的公示,2023-06-05,哈尔滨佳禾网络科技有限公司,B2-20181722,国内呼叫中心业务,黑龙江,B2-(全网),https://tsm.miit.gov.cn/dxxzsp/help/noticeDetail.jsp?id=286,2023
工信部,注销公示,关于拟注销深圳市华博科技开发有限公司等233家企业跨地区增值电信业务经营许可的公示,2023-06-05,深圳市弘辰咨询服务有限公司,B2-20181723,国内呼叫中心业务,广东,B2-(全网),https://tsm.miit.gov.cn/dxxzsp/help/noticeDetail.jsp?id=286,2023
工信部,注销公示,关于拟注销深圳市华博科技开发有限公司等233家企业跨地区增值电信业务经营许可的公示,2023-06-05,安徽钱多多信息技术有限公司,B2-20181724,国内呼叫中心业务,安徽,B2-(全网),https://tsm.miit.gov.cn/dxxzsp/help/noticeDetail.jsp?id=286,2023
工信部,注销公示,关于拟注销深圳市华博科技开发有限公司等233家企业跨地区增值电信业务经营许可的公示,2023-06-05,河南华谊网络科技有限公司,B2-20181727,国内呼叫中心业务,河南,B2-(全网),https://tsm.miit.gov.cn/dxxzsp/help/noticeDetail.jsp?id=286,2023
工信部,注销公示,关于拟注销深圳市华博科技开发有限公司等233家企业跨地区增值电信业务经营许可的公示,2023-06-05,广东华盈光达科技有限公司,B2-20181728,国内呼叫中心业务,广东,B2-(全网),https://tsm.miit.gov.cn/dxxzsp/help/noticeDetail.jsp?id=286,2023
工信部,注销公示,关于拟注销深圳市华博科技开发有限公司等233家企业跨地区增值电信业务经营许可的公示,2023-06-05,河北儒涵网络科技有限公司,B2-20181729,国内呼叫中心业务,河北,B2-(全网),https://tsm.miit.gov.cn/dxxzsp/help/noticeDetail.jsp?id=286,2023
工信部,注销公示,关于拟注销深圳市华博科技开发有限公司等233家企业跨地区增值电信业务经营许可的公示,2023-06-05,鹤壁百达通利信息技术有限公司,B2-20181731,国内呼叫中心业务,未知,B2-(全网),https://tsm.miit.gov.cn/dxxzsp/help/noticeDetail.jsp?id=286,2023
工信部,注销公示,关于拟注销深圳市华博科技开发有限公司等233家企业跨地区增值电信业务经营许可的公示,2023-06-05,厦门博润丰信息科技有限公司,B2-20181732,国内呼叫中心业务,福建,B2-(全网),https://tsm.miit.gov.cn/dxxzsp/help/noticeDetail.jsp?id=286,2023
工信部,注销公示,关于拟注销深圳市华博科技开发有限公司等233家企业跨地区增值电信业务经营许可的公示,2023-06-05,北京朝庭科技有限公司,B2-20181734,国内呼叫中心业务,北京,B2-(全网),https://tsm.miit.gov.cn/dxxzsp/help/noticeDetail.jsp?id=286,2023
工信部,注销公示,关于拟注销深圳市华博科技开发有限公司等233家企业跨地区增值电信业务经营许可的公示,2023-06-05,云天软件科技有限公司,B2-20181735,国内呼叫中心业务、信息服务业务（不含互联网信息服务）,未知,B2-(全网),https://tsm.miit.gov.cn/dxxzsp/help/noticeDetail.jsp?id=286,2023
工信部,注销公示,关于拟注销深圳市华博科技开发有限公司等233家企业跨地区增值电信业务经营许可的公示,2023-06-05,广东南油对外服务有限公司,B2-20181736,国内呼叫中心业务,广东,B2-(全网),https://tsm.miit.gov.cn/dxxzsp/help/noticeDetail.jsp?id=286,2023
工信部,注销公示,关于拟注销深圳市华博科技开发有限公司等233家企业跨地区增值电信业务经营许可的公示,2023-06-05,湖南北隆数码科技有限公司,B2-20181737,国内呼叫中心业务,湖南,B2-(全网),https://tsm.miit.gov.cn/dxxzsp/help/noticeDetail.jsp?id=286,2023
工信部,注销公示,关于拟注销深圳市华博科技开发有限公司等233家企业跨地区增值电信业务经营许可的公示,2023-06-05,天津天润文化传媒有限公司,B2-20181738,国内呼叫中心业务,天津,B2-(全网),https://tsm.miit.gov.cn/dxxzsp/help/noticeDetail.jsp?id=286,2023
工信部,注销公示,关于拟注销深圳市华博科技开发有限公司等233家企业跨地区增值电信业务经营许可的公示,2023-06-05,江苏信佳网络科技有限公司,B2-20181739,国内呼叫中心业务,江苏,B2-(全网),https://tsm.miit.gov.cn/dxxzsp/help/noticeDetail.jsp?id=286,2023
工信部,注销公示,关于拟注销深圳市华博科技开发有限公司等233家企业跨地区增值电信业务经营许可的公示,2023-06-05,上海浚汰商务咨询有限公司,B2-20181740,国内呼叫中心业务,上海,B2-(全网),https://tsm.miit.gov.cn/dxxzsp/help/noticeDetail.jsp?id=286,2023
工信部,注销公示,关于拟注销深圳市华博科技开发有限公司等233家企业跨地区增值电信业务经营许可的公示,2023-06-05,上海洪昇智能科技有限公司,B2-20181743,国内呼叫中心业务,上海,B2-(全网),https://tsm.miit.gov.cn/dxxzsp/help/noticeDetail.jsp?id=286,2023
工信部,注销公示,关于拟注销深圳市华博科技开发有限公司等233家企业跨地区增值电信业务经营许可的公示,2023-06-05,广州雷商文化发展有限公司,B2-20181757,国内呼叫中心业务、信息服务业务（不含互联网信息服务）,广东,B2-(全网),https://tsm.miit.gov.cn/dxxzsp/help/noticeDetail.jsp?id=286,2023
工信部,注销公示,关于拟注销深圳市华博科技开发有限公司等233家企业跨地区增值电信业务经营许可的公示,2023-06-05,山东御银智慧金融设备有限公司,B2-20181783,国内呼叫中心业务、信息服务业务（不含互联网信息服务）,山东,B2-(全网),https://tsm.miit.gov.cn/dxxzsp/help/noticeDetail.jsp?id=286,2023
工信部,新发证名单,《中华人民共和国增值电信业务经营许可证》发放名单-(2023)第19批,2023-06-29,四川蓉城蕾茗科技有限公司,B2-20232773,国内呼叫中心业务,四川,B2-(全网),https://tsm.miit.gov.cn/dxxzsp/help/noticeDetail.jsp?id=292,2023
工信部,新发证名单,《中华人民共和国增值电信业务经营许可证》发放名单-(2023)第19批,2023-06-29,深圳中裕信息技术有限公司,B2-20232774,国内呼叫中心业务,广东,B2-(全网),https://tsm.miit.gov.cn/dxxzsp/help/noticeDetail.jsp?id=292,2023
工信部,新发证名单,《中华人民共和国增值电信业务经营许可证》发放名单-(2023)第19批,2023-06-29,贵阳朗玛通信科技有限公司,B2-20196362,国内呼叫中心业务,贵州,B2-(全网),https://tsm.miit.gov.cn/dxxzsp/help/noticeDetail.jsp?id=292,2023
工信部,新发证名单,《中华人民共和国增值电信业务经营许可证》发放名单-(2023)第14批,2023-05-09,安庆路之通数据科技有限公司,B2-20181970,（1）注销业务种类：国内呼叫中心业务,安徽,B2-(全网),https://tsm.miit.gov.cn/dxxzsp/help/noticeDetail.jsp?id=282,2023
工信部,新发证名单,《中华人民共和国增值电信业务经营许可证》发放名单-(2023)第14批,2023-05-09,杭州美道科技有限公司,B2-20183817,（1）注销业务种类：国内呼叫中心业务、信息服务业务（不含互联网信息服务）,浙江,B2-(全网),https://tsm.miit.gov.cn/dxxzsp/help/noticeDetail.jsp?id=282,2023
工信部,新发证名单,《中华人民共和国增值电信业务经营许可证》发放名单-(2023)第14批,2023-05-09,武汉宝多商贸有限公司,B2-20194166,（1）注销业务种类：国内呼叫中心业务、信息服务业务（不含互联网信息服务）,湖北,B2-(全网),https://tsm.miit.gov.cn/dxxzsp/help/noticeDetail.jsp?id=282,2023
工信部,注销批准,《中华人民共和国增值电信业务经营许可证》发放名单-(2023)第14批,2023-05-09,安庆路之通数据科技有限公司,,国内呼叫中心业务,安徽,未知,https://tsm.miit.gov.cn/dxxzsp/help/noticeDetail.jsp?id=282,2023
工信部,注销批准,《中华人民共和国增值电信业务经营许可证》发放名单-(2023)第14批,2023-05-09,杭州美道科技有限公司,,国内呼叫中心业务、信息服务业务（不含互联网信息服务）,浙江,未知,https://tsm.miit.gov.cn/dxxzsp/help/noticeDetail.jsp?id=282,2023
工信部,注销批准,《中华人民共和国增值电信业务经营许可证》发放名单-(2023)第14批,2023-05-09,武汉宝多商贸有限公司,,国内呼叫中心业务、信息服务业务（不含互联网信息服务）,湖北,未知,https://tsm.miit.gov.cn/dxxzsp/help/noticeDetail.jsp?id=282,2023
工信部,新发证名单,《中华人民共和国增值电信业务经营许可证》发放名单-(2023)第13批,2023-04-26,吉林省讯达科技发展有限公司,B2-20231721,国内呼叫中心业务,吉林,B2-(全网),https://tsm.miit.gov.cn/dxxzsp/help/noticeDetail.jsp?id=281,2023
工信部,新发证名单,《中华人民共和国增值电信业务经营许可证》发放名单-(2023)第12批,2023-04-19,京东数字城市（成都）科技有限公司,B2-20231487,国内呼叫中心业务,四川,B2-(全网),https://tsm.miit.gov.cn/dxxzsp/help/noticeDetail.jsp?id=279,2023
工信部,新发证名单,《中华人民共和国增值电信业务经营许可证》发放名单-(2023)第20批,2023-06-30,山东远传科技信息服务有限公司,B2-20233003,国内呼叫中心业务,山东,B2-(全网),https://tsm.miit.gov.cn/dxxzsp/help/noticeDetail.jsp?id=293,2023
工信部,新发证名单,《中华人民共和国增值电信业务经营许可证》发放名单-(2023)第20批,2023-06-30,上海志行合力软件技术有限公司,B2-20233004,国内呼叫中心业务,上海,B2-(全网),https://tsm.miit.gov.cn/dxxzsp/help/noticeDetail.jsp?id=293,2023
工信部,新发证名单,《中华人民共和国增值电信业务经营许可证》发放名单-(2023)第20批,2023-06-30,江苏极鼎网络科技有限公司,B2-20171921,国内呼叫中心业务,江苏,B2-(全网),https://tsm.miit.gov.cn/dxxzsp/help/noticeDetail.jsp?id=293,2023
工信部,新发证名单,《中华人民共和国增值电信业务经营许可证》发放名单-(2023)第20批,2023-06-30,浙江银隆企业管理有限公司,B2-20213247,国内呼叫中心业务,浙江,B2-(全网),https://tsm.miit.gov.cn/dxxzsp/help/noticeDetail.jsp?id=293,2023
工信部,新发证名单,《中华人民共和国增值电信业务经营许可证》发放名单-(2023)第11批,2023-04-19,东软云科技有限公司,合字B2-20230114,国内呼叫中心业务,未知,B2-(全网),https://tsm.miit.gov.cn/dxxzsp/help/noticeDetail.jsp?id=278,2023
工信部,新发证名单,《中华人民共和国增值电信业务经营许可证》发放名单-(2023)第11批,2023-04-19,北京中交兴路信息科技有限公司,合字B2-20200061,国内呼叫中心业务,北京,B2-(全网),https://tsm.miit.gov.cn/dxxzsp/help/noticeDetail.jsp?id=278,2023
工信部,新发证名单,《中华人民共和国增值电信业务经营许可证》发放名单-(2023)第07批,2023-03-14,深圳市北辰德科技股份有限公司,B2-20230873,国内呼叫中心业务,广东,B2-(全网),https://tsm.miit.gov.cn/dxxzsp/help/noticeDetail.jsp?id=273,2023
工信部,新发证名单,《中华人民共和国增值电信业务经营许可证》发放名单-(2023)第07批,2023-03-14,深圳华望企业管理有限公司,合字B2-20230078,国内呼叫中心业务,广东,B2-(全网),https://tsm.miit.gov.cn/dxxzsp/help/noticeDetail.jsp?id=273,2023
工信部,新发证名单,《中华人民共和国增值电信业务经营许可证》发放名单-(2023)第05批,2023-02-27,贵州黔中泰富科技有限公司,B2-20230659,国内呼叫中心业务,贵州,B2-(全网),https://tsm.miit.gov.cn/dxxzsp/help/noticeDetail.jsp?id=271,2023
工信部,新发证名单,《中华人民共和国增值电信业务经营许可证》发放名单-(2023)第03批,2023-02-13,沈阳蓬勃盛网络科技有限公司,B2-20230417,国内呼叫中心业务信息服务业务（不含互联网信息服务）,辽宁,B2-(全网),https://tsm.miit.gov.cn/dxxzsp/help/noticeDetail.jsp?id=269,2023
工信部,新发证名单,《中华人民共和国增值电信业务经营许可证》发放名单-(2023)第01批,2023-01-30,浙江海博数字技术服务有限公司,B2-20230169,国内呼叫中心业务,浙江,B2-(全网),https://tsm.miit.gov.cn/dxxzsp/help/noticeDetail.jsp?id=267,2023
工信部,新发证名单,《中华人民共和国增值电信业务经营许可证》发放名单-(2023)第01批,2023-01-30,北京有限元科技有限公司,合字B2-20230021,国内呼叫中心业务,北京,B2-(全网),https://tsm.miit.gov.cn/dxxzsp/help/noticeDetail.jsp?id=267,2023
工信部,新发证名单,《中华人民共和国增值电信业务经营许可证》发放名单-(2023)第01批,2023-01-30,深圳平安综合金融服务有限公司,合字B2-20200091,国内呼叫中心业务,广东,B2-(全网),https://tsm.miit.gov.cn/dxxzsp/help/noticeDetail.jsp?id=267,2023
工信部,新发证名单,《中华人民共和国增值电信业务经营许可证》发放名单-(2023)第01批,2023-01-30,昆山青橙互联网信息技术有限公司,B2-20180367,（1）注销业务种类：国内呼叫中心业务,未知,B2-(全网),https://tsm.miit.gov.cn/dxxzsp/help/noticeDetail.jsp?id=267,2023
工信部,新发证名单,《中华人民共和国增值电信业务经营许可证》发放名单-(2023)第01批,2023-01-30,中讯通（福建）技术服务有限公司,B2-20180541,（1）注销业务种类：国内多方通信服务业务、国内呼叫中心业务、信息服务业务（不含互联网信息服务）,福建,B2-(全网),https://tsm.miit.gov.cn/dxxzsp/help/noticeDetail.jsp?id=267,2023
工信部,新发证名单,《中华人民共和国增值电信业务经营许可证》发放名单-(2023)第01批,2023-01-30,福州摩雷拜登信息科技有限公司,B2-20180577,（1）注销业务种类：国内呼叫中心业务、信息服务业务（不含互联网信息服务）,福建,B2-(全网),https://tsm.miit.gov.cn/dxxzsp/help/noticeDetail.jsp?id=267,2023
工信部,注销批准,《中华人民共和国增值电信业务经营许可证》发放名单-(2023)第01批,2023-02-01,1,,国内呼叫中心业务,未知,未知,https://tsm.miit.gov.cn/dxxzsp/help/noticeDetail.jsp?id=267,2023
工信部,注销批准,《中华人民共和国增值电信业务经营许可证》发放名单-(2023)第01批,2023-02-01,1,,国内多方通信服务业务、国内呼叫中心业务、信息服务业务（不含互联网信息服务）,未知,未知,https://tsm.miit.gov.cn/dxxzsp/help/noticeDetail.jsp?id=267,2023
工信部,注销批准,《中华人民共和国增值电信业务经营许可证》发放名单-(2023)第01批,2023-02-01,1,,国内呼叫中心业务、信息服务业务（不含互联网信息服务）,未知,未知,https://tsm.miit.gov.cn/dxxzsp/help/noticeDetail.jsp?id=267,2023
工信部,新发证名单,《中华人民共和国增值电信业务经营许可证》发放名单-(2023)第04批,2023-02-17,前海昊盈资本（深圳）有限公司,B2-20223450,国内呼叫中心业务,广东,B2-(全网),https://tsm.miit.gov.cn/dxxzsp/help/noticeDetail.jsp?id=270,2023
工信部,新发证名单,《中华人民共和国增值电信业务经营许可证》发放名单-(2023)第10批,2023-04-04,广州回龙企业管理咨询有限公司,B2-20203873,国内呼叫中心业务,广东,B2-(全网),https://tsm.miit.gov.cn/dxxzsp/help/noticeDetail.jsp?id=277,2023
工信部,新发证名单,《中华人民共和国增值电信业务经营许可证》发放名单-(2023)第10批,2023-04-04,厦门众冠捷管理咨询有限公司,B2-20221263,国内呼叫中心业务,福建,B2-(全网),https://tsm.miit.gov.cn/dxxzsp/help/noticeDetail.jsp?id=277,2023
工信部,新发证名单,《中华人民共和国增值电信业务经营许可证》发放名单-(2022)第45批,0000-18-00,中通文博技术服务有限公司,B2-20225628,国内呼叫中心业务,未知,B2-(全网),https://tsm.miit.gov.cn/dxxzsp/help/noticeDetail.jsp?id=264,0000
工信部,新发证名单,《中华人民共和国增值电信业务经营许可证》发放名单-(2022)第45批,0000-18-00,北京热热文化科技有限公司,合字B2-20220502,国内呼叫中心业务,北京,B2-(全网),https://tsm.miit.gov.cn/dxxzsp/help/noticeDetail.jsp?id=264,0000
工信部,新发证名单,《中华人民共和国增值电信业务经营许可证》发放名单-（2022）第42批,2022-12-08,杭州笋尖网络科技有限公司,B2-20161534,国内呼叫中心业务,浙江,B2-(全网),https://tsm.miit.gov.cn/dxxzsp/help/noticeDetail.jsp?id=261,2022
工信部,新发证名单,《中华人民共和国增值电信业务经营许可证》发放名单-（2022）第42批,2022-12-08,四川航天天盛实业有限公司,B2-20173310,（1）注销业务种类：国内呼叫中心业务,四川,B2-(全网),https://tsm.miit.gov.cn/dxxzsp/help/noticeDetail.jsp?id=261,2022
工信部,新发证名单,《中华人民共和国增值电信业务经营许可证》发放名单-（2022）第42批,2022-12-08,陕西联合四海文化传播有限公司,B2-20173317,（1）注销业务种类：国内呼叫中心业务,陕西,B2-(全网),https://tsm.miit.gov.cn/dxxzsp/help/noticeDetail.jsp?id=261,2022
工信部,新发证名单,《中华人民共和国增值电信业务经营许可证》发放名单-（2022）第42批,2022-12-08,河北江然网络科技有限公司,B2-20180235,（1）注销业务种类：国内呼叫中心业务、信息服务业务（不含互联网信息服务）,河北,B2-(全网),https://tsm.miit.gov.cn/dxxzsp/help/noticeDetail.jsp?id=261,2022
工信部,新发证名单,《中华人民共和国增值电信业务经营许可证》发放名单-（2022）第42批,2022-12-08,唐山嘉骏文化传媒有限公司,B2-20180358,（1）注销业务种类：国内呼叫中心业务,未知,B2-(全网),https://tsm.miit.gov.cn/dxxzsp/help/noticeDetail.jsp?id=261,2022
工信部,新发证名单,《中华人民共和国增值电信业务经营许可证》发放名单-（2022）第42批,2022-12-08,辽宁齐迈国际商贸有限公司,B2-20180895,（1）注销业务种类：国内呼叫中心业务,辽宁,B2-(全网),https://tsm.miit.gov.cn/dxxzsp/help/noticeDetail.jsp?id=261,2022
工信部,新发证名单,《中华人民共和国增值电信业务经营许可证》发放名单-（2022）第42批,2022-12-08,河南省信鸽信息技术有限公司,B1.B2-20184109,（1）注销业务种类：互联网接入服务业务、国内呼叫中心业务、信息服务业务（不含互联网信息服务）,河南,混合-(全网),https://tsm.miit.gov.cn/dxxzsp/help/noticeDetail.jsp?id=261,2022
工信部,新发证名单,《中华人民共和国增值电信业务经营许可证》发放名单-（2022）第42批,2022-12-08,珠海市镜恬金融服务有限公司,B2-20180899,（1）注销业务种类：国内呼叫中心业务,未知,B2-(全网),https://tsm.miit.gov.cn/dxxzsp/help/noticeDetail.jsp?id=261,2022
工信部,新发证名单,《中华人民共和国增值电信业务经营许可证》发放名单-（2022）第42批,2022-12-08,安徽梦成控股有限公司,B2-20181432,（1）注销业务种类：国内呼叫中心业务,安徽,B2-(全网),https://tsm.miit.gov.cn/dxxzsp/help/noticeDetail.jsp?id=261,2022
工信部,新发证名单,《中华人民共和国增值电信业务经营许可证》发放名单-（2022）第42批,2022-12-08,北京信索咨询股份有限公司,B2-20183114,（1）注销业务种类：国内呼叫中心业务,北京,B2-(全网),https://tsm.miit.gov.cn/dxxzsp/help/noticeDetail.jsp?id=261,2022
工信部,新发证名单,《中华人民共和国增值电信业务经营许可证》发放名单-（2022）第42批,2022-12-08,南京优比格信息技术有限公司,B2-20183791,（1）注销业务种类：国内呼叫中心业务,江苏,B2-(全网),https://tsm.miit.gov.cn/dxxzsp/help/noticeDetail.jsp?id=261,2022
工信部,新发证名单,《中华人民共和国增值电信业务经营许可证》发放名单-（2022）第42批,2022-12-08,内蒙古蒙商消费金融股份有限公司（原公司名称：包头市包银消费金融股份有限公司）,B2-20184366,（1）注销业务种类：国内呼叫中心业务,内蒙古,B2-(全网),https://tsm.miit.gov.cn/dxxzsp/help/noticeDetail.jsp?id=261,2022
工信部,新发证名单,《中华人民共和国增值电信业务经营许可证》发放名单-（2022）第42批,2022-12-08,浙江小睿网络技术有限公司,B2-20184430,（1）注销业务种类：国内呼叫中心业务、信息服务业务（不含互联网信息服务）,浙江,B2-(全网),https://tsm.miit.gov.cn/dxxzsp/help/noticeDetail.jsp?id=261,2022
工信部,新发证名单,《中华人民共和国增值电信业务经营许可证》发放名单-（2022）第42批,2022-12-08,上海欣峰信息科技有限公司,B1.B2-20190679,（1）注销业务种类：互联网数据中心业务、国内多方通信服务业务、国内呼叫中心业务,上海,混合-(全网),https://tsm.miit.gov.cn/dxxzsp/help/noticeDetail.jsp?id=261,2022
工信部,新发证名单,《中华人民共和国增值电信业务经营许可证》发放名单-（2022）第42批,2022-12-08,讯康信息技术（深圳）有限公司,B2-20190737,（1）注销业务种类：国内呼叫中心业务,广东,B2-(全网),https://tsm.miit.gov.cn/dxxzsp/help/noticeDetail.jsp?id=261,2022
工信部,新发证名单,《中华人民共和国增值电信业务经营许可证》发放名单-（2022）第42批,2022-12-08,云南优备通信技术有限公司,B1.B2-20191697,（1）注销业务种类：互联网接入服务业务、信息服务业务（不含互联网信息服务）（2）继续经营：国内呼叫中心业务（3）公司名称变更：“云南优备通信技术有限公司”变更为“优备科技股份有限公司”,云南,混合-(全网),https://tsm.miit.gov.cn/dxxzsp/help/noticeDetail.jsp?id=261,2022
工信部,注销批准,《中华人民共和国增值电信业务经营许可证》发放名单-（2022）第42批,2022-12-21,1,,国内呼叫中心业务,未知,未知,https://tsm.miit.gov.cn/dxxzsp/help/noticeDetail.jsp?id=261,2022
工信部,注销批准,《中华人民共和国增值电信业务经营许可证》发放名单-（2022）第42批,2022-12-21,1,,国内呼叫中心业务、信息服务业务（不含互联网信息服务）,未知,未知,https://tsm.miit.gov.cn/dxxzsp/help/noticeDetail.jsp?id=261,2022
工信部,注销批准,《中华人民共和国增值电信业务经营许可证》发放名单-（2022）第42批,2022-12-21,1,,互联网接入服务业务、国内呼叫中心业务、信息服务业务（不含互联网信息服务）,未知,未知,https://tsm.miit.gov.cn/dxxzsp/help/noticeDetail.jsp?id=261,2022
工信部,注销批准,《中华人民共和国增值电信业务经营许可证》发放名单-（2022）第42批,2022-12-21,1,,互联网数据中心业务、国内多方通信服务业务、国内呼叫中心业务,未知,未知,https://tsm.miit.gov.cn/dxxzsp/help/noticeDetail.jsp?id=261,2022
工信部,新发证名单,中华人民共和国增值电信业务经营许可证》发放名单-(2022)第41批,2022-12-26,湖南众兴电子科技有限公司,B2-20204047,国内呼叫中心业务,湖南,B2-(全网),https://tsm.miit.gov.cn/dxxzsp/help/noticeDetail.jsp?id=260,2022
工信部,新发证名单,《中华人民共和国增值电信业务经营许可证》发放名单-(2022)第39批,2022-11-08,众源仁和（北京）企业管理咨询有限公司,B2-20224955,国内呼叫中心业务,北京,B2-(全网),https://tsm.miit.gov.cn/dxxzsp/help/noticeDetail.jsp?id=257,2022
工信部,新发证名单,《中华人民共和国增值电信业务经营许可证》发放名单-(2022)第39批,2022-11-08,唯荷（苏州）数据服务有限公司,合字B2-20220425,国内呼叫中心业务,江苏,B2-(全网),https://tsm.miit.gov.cn/dxxzsp/help/noticeDetail.jsp?id=257,2022
工信部,新发证名单,《中华人民共和国增值电信业务经营许可证》发放名单-(2022)第39批,2022-11-08,长沙拓银电子科技有限公司,B2-20214073,国内呼叫中心业务,湖南,B2-(全网),https://tsm.miit.gov.cn/dxxzsp/help/noticeDetail.jsp?id=257,2022
工信部,新发证名单,《中华人民共和国增值电信业务经营许可证》发放名单-(2022)第37批,2022-10-31,昆山华泛信息服务有限公司,合字B2-20220397,国内呼叫中心业务,未知,B2-(全网),https://tsm.miit.gov.cn/dxxzsp/help/noticeDetail.jsp?id=255,2022
工信部,新发证名单,《中华人民共和国增值电信业务经营许可证》发放名单-(2022)第35批,2022-10-17,天津新奥信息技术有限公司,B2-20224379,国内呼叫中心业务,天津,B2-(全网),https://tsm.miit.gov.cn/dxxzsp/help/noticeDetail.jsp?id=253,2022
工信部,新发证名单,《中华人民共和国增值电信业务经营许可证》发放名单-(2022)第35批,2022-10-17,徐州和君纵达数据科技有限公司,B2-20224380,国内呼叫中心业务,未知,B2-(全网),https://tsm.miit.gov.cn/dxxzsp/help/noticeDetail.jsp?id=253,2022
工信部,新发证名单,《中华人民共和国增值电信业务经营许可证》发放名单-(2022)第38批,2022-11-03,广东佰成通信服务有限公司,B2-20140161,（1）注销业务种类：国内呼叫中心业务,广东,B2-(全网),https://tsm.miit.gov.cn/dxxzsp/help/noticeDetail.jsp?id=256,2022
工信部,新发证名单,《中华人民共和国增值电信业务经营许可证》发放名单-(2022)第38批,2022-11-03,梧桐树保险经纪有限公司,B2-20180124,（1）注销业务种类：国内呼叫中心业务,未知,B2-(全网),https://tsm.miit.gov.cn/dxxzsp/help/noticeDetail.jsp?id=256,2022
工信部,注销批准,《中华人民共和国增值电信业务经营许可证》发放名单-(2022)第38批,2022-11-03,广东佰成通信服务有限公司,,国内呼叫中心业务,广东,未知,https://tsm.miit.gov.cn/dxxzsp/help/noticeDetail.jsp?id=256,2022
工信部,注销批准,《中华人民共和国增值电信业务经营许可证》发放名单-(2022)第38批,2022-11-03,梧桐树保险经纪有限公司,,国内呼叫中心业务,未知,未知,https://tsm.miit.gov.cn/dxxzsp/help/noticeDetail.jsp?id=256,2022
工信部,新发证名单,《中华人民共和国增值电信业务经营许可证》发放名单-(2023)第02批,2023-02-03,浙江同花顺智能科技有限公司,B2-20202794,国内呼叫中心业务,浙江,B2-(全网),https://tsm.miit.gov.cn/dxxzsp/help/noticeDetail.jsp?id=268,2023
工信部,新发证名单,《中华人民共和国增值电信业务经营许可证》发放名单-(2023)第02批,2023-02-03,四川西沃信息技术有限公司,B2-20180613,（1）注销业务种类：国内呼叫中心业务,四川,B2-(全网),https://tsm.miit.gov.cn/dxxzsp/help/noticeDetail.jsp?id=268,2023
工信部,新发证名单,《中华人民共和国增值电信业务经营许可证》发放名单-(2023)第02批,2023-02-03,聚康优品（北京）电子商务有限公司,B2-20180660,（1）注销业务种类：国内呼叫中心业务,北京,B2-(全网),https://tsm.miit.gov.cn/dxxzsp/help/noticeDetail.jsp?id=268,2023
工信部,新发证名单,《中华人民共和国增值电信业务经营许可证》发放名单-(2023)第02批,2023-02-03,四川省四顺科技有限公司,B2-20180701,（1）注销业务种类：国内呼叫中心业务,四川,B2-(全网),https://tsm.miit.gov.cn/dxxzsp/help/noticeDetail.jsp?id=268,2023
工信部,新发证名单,《中华人民共和国增值电信业务经营许可证》发放名单-(2023)第02批,2023-02-03,四川易催天下科技有限公司,B2-20180892,（1）注销业务种类：国内呼叫中心业务,四川,B2-(全网),https://tsm.miit.gov.cn/dxxzsp/help/noticeDetail.jsp?id=268,2023
工信部,新发证名单,《中华人民共和国增值电信业务经营许可证》发放名单-(2023)第02批,2023-02-03,广东通牌教育装备发展有限公司,B2-20181174,（1）注销业务种类：国内呼叫中心业务、信息服务业务（不含互联网信息服务）,广东,B2-(全网),https://tsm.miit.gov.cn/dxxzsp/help/noticeDetail.jsp?id=268,2023
工信部,新发证名单,《中华人民共和国增值电信业务经营许可证》发放名单-(2023)第02批,2023-02-03,陕西升力网络通讯有限公司,B2-20181460,（1）注销业务种类：国内呼叫中心业务、信息服务业务（不含互联网信息服务）,陕西,B2-(全网),https://tsm.miit.gov.cn/dxxzsp/help/noticeDetail.jsp?id=268,2023
工信部,新发证名单,《中华人民共和国增值电信业务经营许可证》发放名单-(2023)第02批,2023-02-03,江苏畅佳信息技术有限公司,B2-20184676,（1）注销业务种类：国内呼叫中心业务,江苏,B2-(全网),https://tsm.miit.gov.cn/dxxzsp/help/noticeDetail.jsp?id=268,2023
工信部,新发证名单,《中华人民共和国增值电信业务经营许可证》发放名单-(2023)第02批,2023-02-03,重庆叁有实业有限公司,B2-20192246,（1）注销业务种类：国内呼叫中心业务,重庆,B2-(全网),https://tsm.miit.gov.cn/dxxzsp/help/noticeDetail.jsp?id=268,2023
工信部,新发证名单,《中华人民共和国增值电信业务经营许可证》发放名单-(2023)第02批,2023-02-03,山西三速金服科技有限公司,B2-20193068,（1）注销业务种类：国内呼叫中心业务、信息服务业务（不含互联网信息服务）,山西,B2-(全网),https://tsm.miit.gov.cn/dxxzsp/help/noticeDetail.jsp?id=268,2023
工信部,注销批准,《中华人民共和国增值电信业务经营许可证》发放名单-(2023)第02批,2023-02-01,1,,国内呼叫中心业务,未知,未知,https://tsm.miit.gov.cn/dxxzsp/help/noticeDetail.jsp?id=268,2023
工信部,注销批准,《中华人民共和国增值电信业务经营许可证》发放名单-(2023)第02批,2023-02-01,1,,国内呼叫中心业务、信息服务业务（不含互联网信息服务）,未知,未知,https://tsm.miit.gov.cn/dxxzsp/help/noticeDetail.jsp?id=268,2023
工信部,新发证名单,《中华人民共和国增值电信业务经营许可证》发放名单-(2022)第34批,2022-10-08,北京益诺康电子商务有限公司,B2-20180095,（1）注销业务种类：国内呼叫中心业务,北京,B2-(全网),https://tsm.miit.gov.cn/dxxzsp/help/noticeDetail.jsp?id=252,2022
工信部,新发证名单,《中华人民共和国增值电信业务经营许可证》发放名单-(2022)第34批,2022-10-08,北京恢弘科技有限公司,B2-20180332,（1）注销业务种类：国内呼叫中心业务（2）继续经营：信息服务业务（不含互联网信息服务）,北京,B2-(全网),https://tsm.miit.gov.cn/dxxzsp/help/noticeDetail.jsp?id=252,2022
工信部,新发证名单,《中华人民共和国增值电信业务经营许可证》发放名单-(2022)第34批,2022-10-08,武汉优必讯科技有限公司,B2-20193505,（1）注销业务种类：国内呼叫中心业务,湖北,B2-(全网),https://tsm.miit.gov.cn/dxxzsp/help/noticeDetail.jsp?id=252,2022
工信部,注销批准,《中华人民共和国增值电信业务经营许可证》发放名单-(2022)第34批,2022-10-08,北京益诺康电子商务有限公司,,国内呼叫中心业务,北京,未知,https://tsm.miit.gov.cn/dxxzsp/help/noticeDetail.jsp?id=252,2022
工信部,注销批准,《中华人民共和国增值电信业务经营许可证》发放名单-(2022)第34批,2022-10-08,北京恢弘科技有限公司,,国内呼叫中心业务（2）,北京,未知,https://tsm.miit.gov.cn/dxxzsp/help/noticeDetail.jsp?id=252,2022
工信部,注销批准,《中华人民共和国增值电信业务经营许可证》发放名单-(2022)第34批,2022-10-08,武汉优必讯科技有限公司,,国内呼叫中心业务,湖北,未知,https://tsm.miit.gov.cn/dxxzsp/help/noticeDetail.jsp?id=252,2022
工信部,新发证名单,《中华人民共和国增值电信业务经营许可证》发放名单-(2022)第27批,2022-08-17,建信融通有限责任公司,合字B2-20220283,国内呼叫中心业务,未知,B2-(全网),https://tsm.miit.gov.cn/dxxzsp/help/noticeDetail.jsp?id=244,2022
工信部,新发证名单,《中华人民共和国增值电信业务经营许可证》发放名单-(2022)第27批,2022-08-17,北京巨量引擎网络技术有限公司,B2-20220280,国内呼叫中心业务,北京,B2-(全网),https://tsm.miit.gov.cn/dxxzsp/help/noticeDetail.jsp?id=244,2022
工信部,新发证名单,《中华人民共和国增值电信业务经营许可证》发放名单-(2022)第31批,2022-09-09,慧捷（上海）科技有限公司,合字B2-20220324,国内呼叫中心业务,上海,B2-(全网),https://tsm.miit.gov.cn/dxxzsp/help/noticeDetail.jsp?id=248,2022
工信部,新发证名单,《中华人民共和国增值电信业务经营许可证》发放名单-(2022)第31批,2022-09-09,银联商务股份有限公司,合字B1.B2-20210098,在线数据处理与交易处理业务国内呼叫中心业务信息服务业务,未知,混合-(全网),https://tsm.miit.gov.cn/dxxzsp/help/noticeDetail.jsp?id=248,2022
工信部,新发证名单,《中华人民共和国增值电信业务经营许可证》发放名单-(2022)第40批,2022-11-18,北京冠客科技有限公司,B2-20225116,国内呼叫中心业务,北京,B2-(全网),https://tsm.miit.gov.cn/dxxzsp/help/noticeDetail.jsp?id=258,2022
工信部,新发证名单,《中华人民共和国增值电信业务经营许可证》发放名单-(2022)第40批,2022-11-18,深圳市博安云科技有限公司,B2-20212434,国内呼叫中心业务,广东,B2-(全网),https://tsm.miit.gov.cn/dxxzsp/help/noticeDetail.jsp?id=258,2022
工信部,新发证名单,《中华人民共和国增值电信业务经营许可证》发放名单-(2022)第25批 （2022年08月03日开始发放）,2022-25-20,四川馨枫叶科技有限公司,B2-20160256,国内呼叫中心业务,四川,B2-(全网),https://tsm.miit.gov.cn/dxxzsp/help/noticeDetail.jsp?id=242,2022
工信部,新发证名单,《中华人民共和国增值电信业务经营许可证》发放名单-(2022)第25批 （2022年08月03日开始发放）,2022-25-20,鸿泰鼎石资产管理有限责任公司,合字B2-20210325,国内呼叫中心业务,未知,B2-(全网),https://tsm.miit.gov.cn/dxxzsp/help/noticeDetail.jsp?id=242,2022
工信部,新发证名单,《中华人民共和国增值电信业务经营许可证》发放名单-(2022)第24批 （2022年07月27日开始发放）,2022-24-20,山东声谷信息科技有限公司,B2-20171700,不予批准继续经营：国内呼叫中心业务,山东,B2-(全网),https://tsm.miit.gov.cn/dxxzsp/help/noticeDetail.jsp?id=241,2022
工信部,新发证名单,《中华人民共和国增值电信业务经营许可证》发放名单-(2022)第24批 （2022年07月27日开始发放）,2022-24-20,中北雅酷（北京）科技有限公司,B2-20172174,（1）注销业务种类：国内呼叫中心业务、信息服务业务（不含互联网信息服务）,北京,B2-(全网),https://tsm.miit.gov.cn/dxxzsp/help/noticeDetail.jsp?id=241,2022
工信部,新发证名单,《中华人民共和国增值电信业务经营许可证》发放名单-(2022)第24批 （2022年07月27日开始发放）,2022-24-20,厦门千德顺网络科技有限公司,B2-20172308,（1）注销业务种类：国内呼叫中心业务、信息服务业务（不含互联网信息服务）,福建,B2-(全网),https://tsm.miit.gov.cn/dxxzsp/help/noticeDetail.jsp?id=241,2022
工信部,新发证名单,《中华人民共和国增值电信业务经营许可证》发放名单-(2022)第24批 （2022年07月27日开始发放）,2022-24-20,福建省腾龙讯飞通信科技有限公司,B2-20172319,（1）注销业务种类：国内呼叫中心业务、信息服务业务（不含互联网信息服务）,福建,B2-(全网),https://tsm.miit.gov.cn/dxxzsp/help/noticeDetail.jsp?id=241,2022
工信部,新发证名单,《中华人民共和国增值电信业务经营许可证》发放名单-(2022)第24批 （2022年07月27日开始发放）,2022-24-20,厦门互联星空网络科技有限公司,B2-20172321,（1）注销业务种类：国内呼叫中心业务、信息服务业务（不含互联网信息服务）,福建,B2-(全网),https://tsm.miit.gov.cn/dxxzsp/help/noticeDetail.jsp?id=241,2022
工信部,新发证名单,《中华人民共和国增值电信业务经营许可证》发放名单-(2022)第24批 （2022年07月27日开始发放）,2022-24-20,中国邮电器材深圳有限公司,B2-20172340,（1）注销业务种类：国内呼叫中心业务,广东,B2-(全网),https://tsm.miit.gov.cn/dxxzsp/help/noticeDetail.jsp?id=241,2022
工信部,新发证名单,《中华人民共和国增值电信业务经营许可证》发放名单-(2022)第24批 （2022年07月27日开始发放）,2022-24-20,广州市大湾融智科技有限公司,B2-20181516,（1）注销业务种类：国内呼叫中心业务、信息服务业务（不含互联网信息服务）,广东,B2-(全网),https://tsm.miit.gov.cn/dxxzsp/help/noticeDetail.jsp?id=241,2022
工信部,新发证名单,《中华人民共和国增值电信业务经营许可证》发放名单-(2022)第24批 （2022年07月27日开始发放）,2022-24-20,卓诚恒远科技有限公司（原公司名称：百融卓诚科技有限公司）,B2-20182568,（1）注销业务种类：国内呼叫中心业务,未知,B2-(全网),https://tsm.miit.gov.cn/dxxzsp/help/noticeDetail.jsp?id=241,2022
工信部,新发证名单,《中华人民共和国增值电信业务经营许可证》发放名单-(2022)第24批 （2022年07月27日开始发放）,2022-24-20,吉林协赢科技有限公司,B2-20192700,（1）注销业务种类：国内呼叫中心业务,吉林,B2-(全网),https://tsm.miit.gov.cn/dxxzsp/help/noticeDetail.jsp?id=241,2022
工信部,注销批准,《中华人民共和国增值电信业务经营许可证》发放名单-(2022)第24批 （2022年07月27日开始发放）,2022-07-26,中北雅酷（北京）科技有限公司,,国内呼叫中心业务、信息服务业务（不含互联网信息服务）,北京,未知,https://tsm.miit.gov.cn/dxxzsp/help/noticeDetail.jsp?id=241,2022
工信部,注销批准,《中华人民共和国增值电信业务经营许可证》发放名单-(2022)第24批 （2022年07月27日开始发放）,2022-07-26,厦门千德顺网络科技有限公司,,国内呼叫中心业务、信息服务业务（不含互联网信息服务）,福建,未知,https://tsm.miit.gov.cn/dxxzsp/help/noticeDetail.jsp?id=241,2022
工信部,注销批准,《中华人民共和国增值电信业务经营许可证》发放名单-(2022)第24批 （2022年07月27日开始发放）,2022-07-26,福建省腾龙讯飞通信科技有限公司,,国内呼叫中心业务、信息服务业务（不含互联网信息服务）,福建,未知,https://tsm.miit.gov.cn/dxxzsp/help/noticeDetail.jsp?id=241,2022
工信部,注销批准,《中华人民共和国增值电信业务经营许可证》发放名单-(2022)第24批 （2022年07月27日开始发放）,2022-07-26,厦门互联星空网络科技有限公司,,国内呼叫中心业务、信息服务业务（不含互联网信息服务）,福建,未知,https://tsm.miit.gov.cn/dxxzsp/help/noticeDetail.jsp?id=241,2022
工信部,注销批准,《中华人民共和国增值电信业务经营许可证》发放名单-(2022)第24批 （2022年07月27日开始发放）,2022-07-26,中国邮电器材深圳有限公司,,国内呼叫中心业务,广东,未知,https://tsm.miit.gov.cn/dxxzsp/help/noticeDetail.jsp?id=241,2022
工信部,注销批准,《中华人民共和国增值电信业务经营许可证》发放名单-(2022)第24批 （2022年07月27日开始发放）,2022-07-26,广州市大湾融智科技有限公司,,国内呼叫中心业务、信息服务业务（不含互联网信息服务）,广东,未知,https://tsm.miit.gov.cn/dxxzsp/help/noticeDetail.jsp?id=241,2022
工信部,注销批准,《中华人民共和国增值电信业务经营许可证》发放名单-(2022)第24批 （2022年07月27日开始发放）,2022-07-26,百融卓诚科技有限公司）,,国内呼叫中心业务,未知,未知,https://tsm.miit.gov.cn/dxxzsp/help/noticeDetail.jsp?id=241,2022
工信部,注销批准,《中华人民共和国增值电信业务经营许可证》发放名单-(2022)第24批 （2022年07月27日开始发放）,2022-07-26,吉林协赢科技有限公司,,国内呼叫中心业务,吉林,未知,https://tsm.miit.gov.cn/dxxzsp/help/noticeDetail.jsp?id=241,2022
工信部,新发证名单,《中华人民共和国增值电信业务经营许可证》发放名单-(2022)第23批 （2022年07月20日开始发放）,2022-23-20,贵州四方鼎立咨询服务有限公司,B1.B2-20222986,互联网数据中心业务国内呼叫中心业务,贵州,混合-(全网),https://tsm.miit.gov.cn/dxxzsp/help/noticeDetail.jsp?id=240,2022
工信部,新发证名单,《中华人民共和国增值电信业务经营许可证》发放名单-(2022)第22批 （2022年07月13日开始发放）,2022-22-20,湖北万声通讯有限公司,B2-20222901,国内呼叫中心业务信息服务业务（不含互联网信息服务）,湖北,B2-(全网),https://tsm.miit.gov.cn/dxxzsp/help/noticeDetail.jsp?id=239,2022
工信部,新发证名单,《中华人民共和国增值电信业务经营许可证》发放名单-(2022)第22批 （2022年07月13日开始发放）,2022-22-20,贵州呼哪儿数据服务有限公司,B2-20214467,国内呼叫中心业务,贵州,B2-(全网),https://tsm.miit.gov.cn/dxxzsp/help/noticeDetail.jsp?id=239,2022
工信部,新发证名单,《中华人民共和国增值电信业务经营许可证》发放名单-(2022)第22批 （2022年07月13日开始发放）,2022-22-20,联通智网科技股份有限公司,合字B2-20220123,国内呼叫中心业务,未知,B2-(全网),https://tsm.miit.gov.cn/dxxzsp/help/noticeDetail.jsp?id=239,2022
工信部,新发证名单,《中华人民共和国增值电信业务经营许可证》发放名单-(2022)第36批,2022-10-24,建信金融信息服务有限公司,合字B2-20220386,国内呼叫中心业务信息服务业务（不含互联网信息服务）,未知,B2-(全网),https://tsm.miit.gov.cn/dxxzsp/help/noticeDetail.jsp?id=254,2022
工信部,新发证名单,《中华人民共和国增值电信业务经营许可证》发放名单-(2022)第20批,2022-06-24,福州易宝支衍梓付信息科技有限公司,B2-20172511,（1）注销业务种类：国内呼叫中心业务、信息服务业务（不含互联网信息服务）,福建,B2-(全网),https://tsm.miit.gov.cn/dxxzsp/help/noticeDetail.jsp?id=237,2022
工信部,新发证名单,《中华人民共和国增值电信业务经营许可证》发放名单-(2022)第20批,2022-06-24,广州跨界整合网络科技有限公司,B2-20191429,（1）注销业务种类：国内呼叫中心业务、信息服务业务（不含互联网信息服务）,广东,B2-(全网),https://tsm.miit.gov.cn/dxxzsp/help/noticeDetail.jsp?id=237,2022
工信部,注销批准,《中华人民共和国增值电信业务经营许可证》发放名单-(2022)第20批,2022-06-24,（,,国内呼叫中心业务、信息服务业务（不含互联网信息服务）,未知,未知,https://tsm.miit.gov.cn/dxxzsp/help/noticeDetail.jsp?id=237,2022
工信部,新发证名单,《中华人民共和国增值电信业务经营许可证》发放名单-(2022)第18批,2022-06-10,弘晟世纪科技有限公司,B2-20222440,国内呼叫中心业务,未知,B2-(全网),https://tsm.miit.gov.cn/dxxzsp/help/noticeDetail.jsp?id=234,2022
工信部,新发证名单,《中华人民共和国增值电信业务经营许可证》发放名单-(2022)第29批,2022-08-29,合肥天源迪科信息技术有限公司,B2-20223730,国内呼叫中心业务,安徽,B2-(全网),https://tsm.miit.gov.cn/dxxzsp/help/noticeDetail.jsp?id=246,2022
工信部,新发证名单,《中华人民共和国增值电信业务经营许可证》发放名单-(2022)第29批,2022-08-29,贵州汇联通电子商务服务有限公司,B2-20181609,国内呼叫中心业务,贵州,B2-(全网),https://tsm.miit.gov.cn/dxxzsp/help/noticeDetail.jsp?id=246,2022
工信部,新发证名单,《中华人民共和国增值电信业务经营许可证》发放名单-(2022)第29批,2022-08-29,合肥拍拍贷信息科技有限公司,B2-20172043,继续经营信息服务业务（不含互联网信息服务）不予批准继续经营：国内呼叫中心业务,安徽,B2-(全网),https://tsm.miit.gov.cn/dxxzsp/help/noticeDetail.jsp?id=246,2022
工信部,新发证名单,《中华人民共和国增值电信业务经营许可证》发放名单-(2022)第29批,2022-08-29,厦门百事盛信息科技有限公司,B2-20172304,（1）注销业务种类：国内呼叫中心业务、信息服务业务（不含互联网信息服务）,福建,B2-(全网),https://tsm.miit.gov.cn/dxxzsp/help/noticeDetail.jsp?id=246,2022
工信部,新发证名单,《中华人民共和国增值电信业务经营许可证》发放名单-(2022)第29批,2022-08-29,厦门乐都会通信科技有限公司,B2-20172315,（1）注销业务种类：国内呼叫中心业务、信息服务业务（不含互联网信息服务）,福建,B2-(全网),https://tsm.miit.gov.cn/dxxzsp/help/noticeDetail.jsp?id=246,2022
工信部,新发证名单,《中华人民共和国增值电信业务经营许可证》发放名单-(2022)第29批,2022-08-29,福州京洛东汐网络科技有限公司,B2-20172393,（1）注销业务种类：国内多方通信服务业务、国内呼叫中心业务、信息服务业务（不含互联网信息服务）,福建,B2-(全网),https://tsm.miit.gov.cn/dxxzsp/help/noticeDetail.jsp?id=246,2022
工信部,新发证名单,《中华人民共和国增值电信业务经营许可证》发放名单-(2022)第29批,2022-08-29,福建你我黛贷网络科技有限公司,B2-20172397,（1）注销业务种类：国内多方通信服务业务、国内呼叫中心业务、信息服务业务（不含互联网信息服务）,福建,B2-(全网),https://tsm.miit.gov.cn/dxxzsp/help/noticeDetail.jsp?id=246,2022
工信部,新发证名单,《中华人民共和国增值电信业务经营许可证》发放名单-(2022)第29批,2022-08-29,福建百端易度外翼卖俏网络科技有限公司,B2-20172402,（1）注销业务种类：国内呼叫中心业务、信息服务业务（不含互联网信息服务）,福建,B2-(全网),https://tsm.miit.gov.cn/dxxzsp/help/noticeDetail.jsp?id=246,2022
工信部,新发证名单,《中华人民共和国增值电信业务经营许可证》发放名单-(2022)第29批,2022-08-29,福州易芷购芍药网络科技有限公司,B2-20172403,（1）注销业务种类：国内呼叫中心业务、信息服务业务（不含互联网信息服务）,福建,B2-(全网),https://tsm.miit.gov.cn/dxxzsp/help/noticeDetail.jsp?id=246,2022
工信部,新发证名单,《中华人民共和国增值电信业务经营许可证》发放名单-(2022)第29批,2022-08-29,福建中帷国道平升安穆通信科技有限公司,B2-20172407,（1）注销业务种类：国内呼叫中心业务、信息服务业务（不含互联网信息服务）,福建,B2-(全网),https://tsm.miit.gov.cn/dxxzsp/help/noticeDetail.jsp?id=246,2022
工信部,新发证名单,《中华人民共和国增值电信业务经营许可证》发放名单-(2022)第29批,2022-08-29,福州京辰东风金昭融信息科技有限公司,B2-20172505,（1）注销业务种类：国内呼叫中心业务、信息服务业务（不含互联网信息服务）,福建,B2-(全网),https://tsm.miit.gov.cn/dxxzsp/help/noticeDetail.jsp?id=246,2022
工信部,新发证名单,《中华人民共和国增值电信业务经营许可证》发放名单-(2022)第29批,2022-08-29,福州茉京熙东臻到家通信科技有限公司,B2-20172506,（1）注销业务种类：国内呼叫中心业务、信息服务业务（不含互联网信息服务）,福建,B2-(全网),https://tsm.miit.gov.cn/dxxzsp/help/noticeDetail.jsp?id=246,2022
工信部,新发证名单,《中华人民共和国增值电信业务经营许可证》发放名单-(2022)第29批,2022-08-29,上海礼芮行信息技术有限公司,B2-20183795,（1）注销业务种类：国内呼叫中心业务,上海,B2-(全网),https://tsm.miit.gov.cn/dxxzsp/help/noticeDetail.jsp?id=246,2022
工信部,新发证名单,《中华人民共和国增值电信业务经营许可证》发放名单-(2022)第29批,2022-08-29,成都国威世纪通讯器材有限公司,B2-20191287,（1）注销业务种类：国内呼叫中心业务,四川,B2-(全网),https://tsm.miit.gov.cn/dxxzsp/help/noticeDetail.jsp?id=246,2022
工信部,注销批准,《中华人民共和国增值电信业务经营许可证》发放名单-(2022)第29批,2022-08-29,厦门百事盛信息科技有限公司,,国内呼叫中心业务、信息服务业务（不含互联网信息服务）,福建,未知,https://tsm.miit.gov.cn/dxxzsp/help/noticeDetail.jsp?id=246,2022
工信部,注销批准,《中华人民共和国增值电信业务经营许可证》发放名单-(2022)第29批,2022-08-29,厦门乐都会通信科技有限公司,,国内呼叫中心业务、信息服务业务（不含互联网信息服务）,福建,未知,https://tsm.miit.gov.cn/dxxzsp/help/noticeDetail.jsp?id=246,2022
工信部,注销批准,《中华人民共和国增值电信业务经营许可证》发放名单-(2022)第29批,2022-08-29,福州京洛东汐网络科技有限公司,,国内多方通信服务业务、国内呼叫中心业务、信息服务业务（不含互联网信息服务）,福建,未知,https://tsm.miit.gov.cn/dxxzsp/help/noticeDetail.jsp?id=246,2022
工信部,注销批准,《中华人民共和国增值电信业务经营许可证》发放名单-(2022)第29批,2022-08-29,福建你我黛贷网络科技有限公司,,国内多方通信服务业务、国内呼叫中心业务、信息服务业务（不含互联网信息服务）,福建,未知,https://tsm.miit.gov.cn/dxxzsp/help/noticeDetail.jsp?id=246,2022
工信部,注销批准,《中华人民共和国增值电信业务经营许可证》发放名单-(2022)第29批,2022-08-29,福建百端易度外翼卖俏网络科技有限公司,,国内呼叫中心业务、信息服务业务（不含互联网信息服务）,福建,未知,https://tsm.miit.gov.cn/dxxzsp/help/noticeDetail.jsp?id=246,2022
工信部,注销批准,《中华人民共和国增值电信业务经营许可证》发放名单-(2022)第29批,2022-08-29,福州易芷购芍药网络科技有限公司,,国内呼叫中心业务、信息服务业务（不含互联网信息服务）,福建,未知,https://tsm.miit.gov.cn/dxxzsp/help/noticeDetail.jsp?id=246,2022
工信部,注销批准,《中华人民共和国增值电信业务经营许可证》发放名单-(2022)第29批,2022-08-29,福建中帷国道平升安穆通信科技有限公司,,国内呼叫中心业务、信息服务业务（不含互联网信息服务）,福建,未知,https://tsm.miit.gov.cn/dxxzsp/help/noticeDetail.jsp?id=246,2022
工信部,注销批准,《中华人民共和国增值电信业务经营许可证》发放名单-(2022)第29批,2022-08-29,福州京辰东风金昭融信息科技有限公司,,国内呼叫中心业务、信息服务业务（不含互联网信息服务）,福建,未知,https://tsm.miit.gov.cn/dxxzsp/help/noticeDetail.jsp?id=246,2022
工信部,注销批准,《中华人民共和国增值电信业务经营许可证》发放名单-(2022)第29批,2022-08-29,福州茉京熙东臻到家通信科技有限公司,,国内呼叫中心业务、信息服务业务（不含互联网信息服务）,福建,未知,https://tsm.miit.gov.cn/dxxzsp/help/noticeDetail.jsp?id=246,2022
工信部,注销批准,《中华人民共和国增值电信业务经营许可证》发放名单-(2022)第29批,2022-08-29,上海礼芮行信息技术有限公司,,国内呼叫中心业务,上海,未知,https://tsm.miit.gov.cn/dxxzsp/help/noticeDetail.jsp?id=246,2022
工信部,注销批准,《中华人民共和国增值电信业务经营许可证》发放名单-(2022)第29批,2022-08-29,成都国威世纪通讯器材有限公司,,国内呼叫中心业务,四川,未知,https://tsm.miit.gov.cn/dxxzsp/help/noticeDetail.jsp?id=246,2022
工信部,新发证名单,《中华人民共和国增值电信业务经营许可证》发放名单-(2022)第16批,2022-05-26,华云天下（南京）科技有限公司,B2-20222090,国内多方通信服务业务国内呼叫中心业务,江苏,B2-(全网),https://tsm.miit.gov.cn/dxxzsp/help/noticeDetail.jsp?id=232,2022
工信部,新发证名单,《中华人民共和国增值电信业务经营许可证》发放名单-(2022)第15批,2022-05-20,哈尔滨立成通信软件开发有限公司,B2-20070201,（1）注销业务种类：国内多方通信服务业务、国内呼叫中心业务、信息服务业务（不含互联网信息服务）,黑龙江,B2-(全网),https://tsm.miit.gov.cn/dxxzsp/help/noticeDetail.jsp?id=231,2022
工信部,注销批准,《中华人民共和国增值电信业务经营许可证》发放名单-(2022)第15批,2022-05-20,（,,国内多方通信服务业务、国内呼叫中心业务、信息服务业务（不含互联网信息服务）,未知,未知,https://tsm.miit.gov.cn/dxxzsp/help/noticeDetail.jsp?id=231,2022
工信部,新发证名单,《中华人民共和国增值电信业务经营许可证》发放名单-(2022)第17批,2022-06-10,四川通发广进人力资源管理咨询有限公司,B2-20222350,国内呼叫中心业务,四川,B2-(全网),https://tsm.miit.gov.cn/dxxzsp/help/noticeDetail.jsp?id=233,2022
工信部,新发证名单,《中华人民共和国增值电信业务经营许可证》发放名单-(2022)第17批,2022-06-10,深圳市法本信息技术股份有限公司,B2-20200417,国内呼叫中心业务,广东,B2-(全网),https://tsm.miit.gov.cn/dxxzsp/help/noticeDetail.jsp?id=233,2022
工信部,新发证名单,《中华人民共和国增值电信业务经营许可证》发放名单-(2022)第17批,2022-06-10,广州姜根信息技术有限公司,B2-20130246,（1）注销业务种类：国内呼叫中心业务,广东,B2-(全网),https://tsm.miit.gov.cn/dxxzsp/help/noticeDetail.jsp?id=233,2022
工信部,新发证名单,《中华人民共和国增值电信业务经营许可证》发放名单-(2022)第17批,2022-06-10,华城联盟（北京）信用管理有限公司,B2-20171301,（1）注销业务种类：国内呼叫中心业务,北京,B2-(全网),https://tsm.miit.gov.cn/dxxzsp/help/noticeDetail.jsp?id=233,2022
工信部,新发证名单,《中华人民共和国增值电信业务经营许可证》发放名单-(2022)第17批,2022-06-10,福建天科电子商务有限公司,B2-20171418,（1）注销业务种类：国内呼叫中心业务、信息服务业务（不含互联网信息服务）,福建,B2-(全网),https://tsm.miit.gov.cn/dxxzsp/help/noticeDetail.jsp?id=233,2022
工信部,新发证名单,《中华人民共和国增值电信业务经营许可证》发放名单-(2022)第17批,2022-06-10,北京纷享云通信有限公司,B2-20171705,（1）注销业务种类：国内呼叫中心业务,北京,B2-(全网),https://tsm.miit.gov.cn/dxxzsp/help/noticeDetail.jsp?id=233,2022
工信部,新发证名单,《中华人民共和国增值电信业务经营许可证》发放名单-(2022)第17批,2022-06-10,中科健康产业集团股份有限公司,B2-20172057,（1）注销业务种类：国内呼叫中心业务,未知,B2-(全网),https://tsm.miit.gov.cn/dxxzsp/help/noticeDetail.jsp?id=233,2022
工信部,新发证名单,《中华人民共和国增值电信业务经营许可证》发放名单-(2022)第17批,2022-06-10,上海倩奕科技发展有限公司,B2-20192833,（1）注销业务种类：信息服务业务（不含互联网信息服务）（2）继续经营：国内呼叫中心业务,上海,B2-(全网),https://tsm.miit.gov.cn/dxxzsp/help/noticeDetail.jsp?id=233,2022
工信部,注销批准,《中华人民共和国增值电信业务经营许可证》发放名单-(2022)第17批,2022-06-10,广州姜根信息技术有限公司,,国内呼叫中心业务,广东,未知,https://tsm.miit.gov.cn/dxxzsp/help/noticeDetail.jsp?id=233,2022
工信部,注销批准,《中华人民共和国增值电信业务经营许可证》发放名单-(2022)第17批,2022-06-10,华城联盟（北京）信用管理有限公司,,国内呼叫中心业务,北京,未知,https://tsm.miit.gov.cn/dxxzsp/help/noticeDetail.jsp?id=233,2022
工信部,注销批准,《中华人民共和国增值电信业务经营许可证》发放名单-(2022)第17批,2022-06-10,福建天科电子商务有限公司,,国内呼叫中心业务、信息服务业务（不含互联网信息服务）,福建,未知,https://tsm.miit.gov.cn/dxxzsp/help/noticeDetail.jsp?id=233,2022
工信部,注销批准,《中华人民共和国增值电信业务经营许可证》发放名单-(2022)第17批,2022-06-10,北京纷享云通信有限公司,,国内呼叫中心业务,北京,未知,https://tsm.miit.gov.cn/dxxzsp/help/noticeDetail.jsp?id=233,2022
工信部,注销批准,《中华人民共和国增值电信业务经营许可证》发放名单-(2022)第17批,2022-06-10,中科健康产业集团股份有限公司,,国内呼叫中心业务,未知,未知,https://tsm.miit.gov.cn/dxxzsp/help/noticeDetail.jsp?id=233,2022
工信部,新发证名单,《中华人民共和国增值电信业务经营许可证》发放名单-(2022)第14批,2022-05-09,广州人瑞人力资源服务有限公司,合字B2-20220160,国内呼叫中心业务,广东,B2-(全网),https://tsm.miit.gov.cn/dxxzsp/help/noticeDetail.jsp?id=230,2022
工信部,新发证名单,《中华人民共和国增值电信业务经营许可证》发放名单-(2022)第12批（上）,2022-04-27,南京睿信职观信息科技有限公司,B2-20170884,（1）注销业务种类：国内呼叫中心业务,江苏,B2-(全网),https://tsm.miit.gov.cn/dxxzsp/help/noticeDetail.jsp?id=227,2022
工信部,新发证名单,《中华人民共和国增值电信业务经营许可证》发放名单-(2022)第12批（上）,2022-04-27,福建阿曼达软件科技有限公司,B2-20171255,（1）注销业务种类：国内多方通信服务业务、国内呼叫中心业务、信息服务业务（不含互联网信息服务）,福建,B2-(全网),https://tsm.miit.gov.cn/dxxzsp/help/noticeDetail.jsp?id=227,2022
工信部,新发证名单,《中华人民共和国增值电信业务经营许可证》发放名单-(2022)第12批（上）,2022-04-27,广州中移信息科技有限公司,B2-20182417,（1）注销业务种类：国内呼叫中心业务、信息服务业务（不含互联网信息服务）,广东,B2-(全网),https://tsm.miit.gov.cn/dxxzsp/help/noticeDetail.jsp?id=227,2022
工信部,新发证名单,《中华人民共和国增值电信业务经营许可证》发放名单-(2022)第12批（上）,2022-04-27,镇江市天地人和信息服务有限公司,B2-20183633,（1）注销业务种类：国内呼叫中心业务,未知,B2-(全网),https://tsm.miit.gov.cn/dxxzsp/help/noticeDetail.jsp?id=227,2022
工信部,注销批准,《中华人民共和国增值电信业务经营许可证》发放名单-(2022)第12批（上）,2022-04-27,（,,国内呼叫中心业务,未知,未知,https://tsm.miit.gov.cn/dxxzsp/help/noticeDetail.jsp?id=227,2022
工信部,注销批准,《中华人民共和国增值电信业务经营许可证》发放名单-(2022)第12批（上）,2022-04-27,（,,国内多方通信服务业务、国内呼叫中心业务、信息服务业务（不含互联网信息服务）,未知,未知,https://tsm.miit.gov.cn/dxxzsp/help/noticeDetail.jsp?id=227,2022
工信部,注销批准,《中华人民共和国增值电信业务经营许可证》发放名单-(2022)第12批（上）,2022-04-27,（,,国内呼叫中心业务、信息服务业务（不含互联网信息服务）,未知,未知,https://tsm.miit.gov.cn/dxxzsp/help/noticeDetail.jsp?id=227,2022
工信部,新发证名单,《中华人民共和国增值电信业务经营许可证》发放名单-(2022)第08批,2022-03-21,贵阳山恩科技有限公司,B2-20221042,国内呼叫中心业务,贵州,B2-(全网),https://tsm.miit.gov.cn/dxxzsp/help/noticeDetail.jsp?id=223,2022
工信部,新发证名单,《中华人民共和国增值电信业务经营许可证》发放名单-(2022)第08批,2022-03-21,深圳市橙信投资发展有限公司,B2-20221043,国内呼叫中心业务,广东,B2-(全网),https://tsm.miit.gov.cn/dxxzsp/help/noticeDetail.jsp?id=223,2022
工信部,新发证名单,《中华人民共和国增值电信业务经营许可证》发放名单-(2022)第08批,2022-03-21,安徽淘礼网科技有限公司,合字B2-20200072,国内呼叫中心业务,安徽,B2-(全网),https://tsm.miit.gov.cn/dxxzsp/help/noticeDetail.jsp?id=223,2022
工信部,新发证名单,《中华人民共和国增值电信业务经营许可证》发放名单-(2022)第08批,2022-03-21,甘肃赛亚汽车销售服务有限公司,B2-20100186,（1）注销业务种类：国内呼叫中心业务,甘肃,B2-(全网),https://tsm.miit.gov.cn/dxxzsp/help/noticeDetail.jsp?id=223,2022
工信部,新发证名单,《中华人民共和国增值电信业务经营许可证》发放名单-(2022)第08批,2022-03-21,河北环通网络科技有限公司,B2-20180067,（1）注销业务种类：国内呼叫中心业务、信息服务业务（不含互联网信息服务）,河北,B2-(全网),https://tsm.miit.gov.cn/dxxzsp/help/noticeDetail.jsp?id=223,2022
工信部,新发证名单,《中华人民共和国增值电信业务经营许可证》发放名单-(2022)第08批,2022-03-21,中品航银商业保理有限公司,B2-20182574,（1）注销业务种类：国内呼叫中心业务,未知,B2-(全网),https://tsm.miit.gov.cn/dxxzsp/help/noticeDetail.jsp?id=223,2022
工信部,注销批准,《中华人民共和国增值电信业务经营许可证》发放名单-(2022)第08批,2022-03-15,1,,国内呼叫中心业务,未知,未知,https://tsm.miit.gov.cn/dxxzsp/help/noticeDetail.jsp?id=223,2022
工信部,注销批准,《中华人民共和国增值电信业务经营许可证》发放名单-(2022)第08批,2022-03-15,1,,国内呼叫中心业务、信息服务业务（不含互联网信息服务）,未知,未知,https://tsm.miit.gov.cn/dxxzsp/help/noticeDetail.jsp?id=223,2022
工信部,新发证名单,《中华人民共和国增值电信业务经营许可证》发放名单-(2022)第12批（下）,2022-04-27,凌海力达计算机科技有限公司,B2-20220879,国内呼叫中心业务,未知,B2-(全网),https://tsm.miit.gov.cn/dxxzsp/help/noticeDetail.jsp?id=228,2022
工信部,新发证名单,《中华人民共和国增值电信业务经营许可证》发放名单-(2022)第10批,2022-04-06,达州市志向科技外包服务有限公司,B2-20221228,国内呼叫中心业务,未知,B2-(全网),https://tsm.miit.gov.cn/dxxzsp/help/noticeDetail.jsp?id=225,2022
工信部,新发证名单,《中华人民共和国增值电信业务经营许可证》发放名单-(2022)第05批,2022-02-17,陕西华亿通信技术有限公司,B2-20220696,国内呼叫中心业务,陕西,B2-(全网),https://tsm.miit.gov.cn/dxxzsp/help/noticeDetail.jsp?id=220,2022
工信部,新发证名单,《中华人民共和国增值电信业务经营许可证》发放名单-(2022)第05批,2022-02-17,福建艾洋软件科技有限公司,B2-20170299,（1）注销业务种类：国内呼叫中心业务、信息服务业务（不含互联网信息服务）,福建,B2-(全网),https://tsm.miit.gov.cn/dxxzsp/help/noticeDetail.jsp?id=220,2022
工信部,新发证名单,《中华人民共和国增值电信业务经营许可证》发放名单-(2022)第05批,2022-02-17,成都云诚在线电信服务有限公司,B2-20170539,（1）注销业务种类：国内呼叫中心业务,四川,B2-(全网),https://tsm.miit.gov.cn/dxxzsp/help/noticeDetail.jsp?id=220,2022
工信部,新发证名单,《中华人民共和国增值电信业务经营许可证》发放名单-(2022)第05批,2022-02-17,河南坤恒电子科技有限公司,B2-20170670,（1）注销业务种类：国内呼叫中心业务,河南,B2-(全网),https://tsm.miit.gov.cn/dxxzsp/help/noticeDetail.jsp?id=220,2022
工信部,新发证名单,《中华人民共和国增值电信业务经营许可证》发放名单-(2022)第05批,2022-02-17,北京国腾天创通信科技有限公司,B2-20170740,（1）注销业务种类：国内多方通信服务业务、国内呼叫中心业务、信息服务业务（不含互联网信息服务）,北京,B2-(全网),https://tsm.miit.gov.cn/dxxzsp/help/noticeDetail.jsp?id=220,2022
工信部,注销批准,《中华人民共和国增值电信业务经营许可证》发放名单-(2022)第05批,2022-02-17,（,,国内呼叫中心业务、信息服务业务（不含互联网信息服务）,未知,未知,https://tsm.miit.gov.cn/dxxzsp/help/noticeDetail.jsp?id=220,2022
工信部,注销批准,《中华人民共和国增值电信业务经营许可证》发放名单-(2022)第05批,2022-02-17,（,,国内呼叫中心业务,未知,未知,https://tsm.miit.gov.cn/dxxzsp/help/noticeDetail.jsp?id=220,2022
工信部,注销批准,《中华人民共和国增值电信业务经营许可证》发放名单-(2022)第05批,2022-02-17,（,,国内多方通信服务业务、国内呼叫中心业务、信息服务业务（不含互联网信息服务）,未知,未知,https://tsm.miit.gov.cn/dxxzsp/help/noticeDetail.jsp?id=220,2022
工信部,新发证名单,《中华人民共和国增值电信业务经营许可证》发放名单-(2022)第03批,2022-02-09,上海澄美信息服务有限公司,B2-20220427,国内呼叫中心业务,上海,B2-(全网),https://tsm.miit.gov.cn/dxxzsp/help/noticeDetail.jsp?id=218,2022
工信部,新发证名单,《中华人民共和国增值电信业务经营许可证》发放名单-(2022)第03批,2022-02-09,福建叶子文化传媒有限公司,B2-20170656,（1）注销业务种类：国内呼叫中心业务、信息服务业务（不含互联网信息服务）,福建,B2-(全网),https://tsm.miit.gov.cn/dxxzsp/help/noticeDetail.jsp?id=218,2022
工信部,新发证名单,《中华人民共和国增值电信业务经营许可证》发放名单-(2022)第03批,2022-02-09,福建智宇通讯科技有限公司,B2-20170747,（1）注销业务种类：国内呼叫中心业务、信息服务业务（不含互联网信息服务）,福建,B2-(全网),https://tsm.miit.gov.cn/dxxzsp/help/noticeDetail.jsp?id=218,2022
工信部,新发证名单,《中华人民共和国增值电信业务经营许可证》发放名单-(2022)第03批,2022-02-09,福建祝华软件科技有限公司,B2-20171622,（1）注销业务种类：国内呼叫中心业务、信息服务业务（不含互联网信息服务）,福建,B2-(全网),https://tsm.miit.gov.cn/dxxzsp/help/noticeDetail.jsp?id=218,2022
工信部,注销批准,《中华人民共和国增值电信业务经营许可证》发放名单-(2022)第03批,2022-02-09,（,,国内呼叫中心业务、信息服务业务（不含互联网信息服务）,未知,未知,https://tsm.miit.gov.cn/dxxzsp/help/noticeDetail.jsp?id=218,2022
工信部,新发证名单,《中华人民共和国增值电信业务经营许可证》发放名单-(2021)第49批,2022-01-07,福建羽琦电子商务有限公司,B2-20215593,国内呼叫中心业务,福建,B2-(全网),https://tsm.miit.gov.cn/dxxzsp/help/noticeDetail.jsp?id=214,2022
工信部,新发证名单,《中华人民共和国增值电信业务经营许可证》发放名单-(2022)第01批,2022-01-18,福建青风网络科技有限公司,B2-20170517,（1）注销业务种类：国内呼叫中心业务、信息服务业务（不含互联网信息服务）,福建,B2-(全网),https://tsm.miit.gov.cn/dxxzsp/help/noticeDetail.jsp?id=215,2022
工信部,新发证名单,《中华人民共和国增值电信业务经营许可证》发放名单-(2022)第01批,2022-01-18,中科航天（北京）科技有限公司,B2-20170883,（1）注销业务种类：国内呼叫中心业务,北京,B2-(全网),https://tsm.miit.gov.cn/dxxzsp/help/noticeDetail.jsp?id=215,2022
工信部,新发证名单,《中华人民共和国增值电信业务经营许可证》发放名单-(2022)第01批,2022-01-18,北京汉英融盛科技有限公司,B2-20172645,（1）注销业务种类：国内呼叫中心业务（2）继续经营：信息服务业务（不含互联网信息服务）,北京,B2-(全网),https://tsm.miit.gov.cn/dxxzsp/help/noticeDetail.jsp?id=215,2022
工信部,新发证名单,《中华人民共和国增值电信业务经营许可证》发放名单-(2022)第01批,2022-01-18,天津市集翔企商科技有限公司,B2-20194553,（1）注销业务种类：国内呼叫中心业务,天津,B2-(全网),https://tsm.miit.gov.cn/dxxzsp/help/noticeDetail.jsp?id=215,2022
工信部,注销批准,《中华人民共和国增值电信业务经营许可证》发放名单-(2022)第01批,2022-01-18,（,,国内呼叫中心业务、信息服务业务（不含互联网信息服务）,未知,未知,https://tsm.miit.gov.cn/dxxzsp/help/noticeDetail.jsp?id=215,2022
工信部,注销批准,《中华人民共和国增值电信业务经营许可证》发放名单-(2022)第01批,2022-01-18,（,,国内呼叫中心业务,未知,未知,https://tsm.miit.gov.cn/dxxzsp/help/noticeDetail.jsp?id=215,2022
工信部,注销批准,《中华人民共和国增值电信业务经营许可证》发放名单-(2022)第01批,2022-01-18,（,,国内呼叫中心业务（2）,未知,未知,https://tsm.miit.gov.cn/dxxzsp/help/noticeDetail.jsp?id=215,2022
工信部,新发证名单,《中华人民共和国增值电信业务经营许可证》发放名单-(2022)第13批,2022-05-09,四川省宜宾普拉斯包装材料有限公司,B2-20221633,国内呼叫中心业务信息服务业务（不含互联网信息服务）,四川,B2-(全网),https://tsm.miit.gov.cn/dxxzsp/help/noticeDetail.jsp?id=229,2022
工信部,新发证名单,《中华人民共和国增值电信业务经营许可证》发放名单-(2022)第13批,2022-05-09,广州恒千信息科技有限公司,B2-20170893,不予批准续期：国内呼叫中心业务,广东,B2-(全网),https://tsm.miit.gov.cn/dxxzsp/help/noticeDetail.jsp?id=229,2022
工信部,新发证名单,《中华人民共和国增值电信业务经营许可证》发放名单-(2022)第13批,2022-05-09,安徽藏艺阁文化传播有限公司,B2-20171886,（1）注销业务种类：国内呼叫中心业务,安徽,B2-(全网),https://tsm.miit.gov.cn/dxxzsp/help/noticeDetail.jsp?id=229,2022
工信部,新发证名单,《中华人民共和国增值电信业务经营许可证》发放名单-(2022)第13批,2022-05-09,凤凰众筹（北京）信息咨询有限公司,B2-20172661,（1）注销业务种类：国内呼叫中心业务,北京,B2-(全网),https://tsm.miit.gov.cn/dxxzsp/help/noticeDetail.jsp?id=229,2022
工信部,新发证名单,《中华人民共和国增值电信业务经营许可证》发放名单-(2022)第13批,2022-05-09,回收哥（武汉）互联网有限公司,B2-20190156,（1）注销业务种类：国内呼叫中心业务,湖北,B2-(全网),https://tsm.miit.gov.cn/dxxzsp/help/noticeDetail.jsp?id=229,2022
工信部,注销批准,《中华人民共和国增值电信业务经营许可证》发放名单-(2022)第13批,2022-05-09,安徽藏艺阁文化传播有限公司,,国内呼叫中心业务,安徽,未知,https://tsm.miit.gov.cn/dxxzsp/help/noticeDetail.jsp?id=229,2022
工信部,注销批准,《中华人民共和国增值电信业务经营许可证》发放名单-(2022)第13批,2022-05-09,凤凰众筹（北京）信息咨询有限公司,,国内呼叫中心业务,北京,未知,https://tsm.miit.gov.cn/dxxzsp/help/noticeDetail.jsp?id=229,2022
工信部,注销批准,《中华人民共和国增值电信业务经营许可证》发放名单-(2022)第13批,2022-05-09,回收哥（武汉）互联网有限公司,,国内呼叫中心业务,湖北,未知,https://tsm.miit.gov.cn/dxxzsp/help/noticeDetail.jsp?id=229,2022
工信部,新发证名单,《中华人民共和国增值电信业务经营许可证》发放名单-(2021)第48批,2021-12-28,众势信用管理有限责任公司,B2-20215458,国内呼叫中心业务,未知,B2-(全网),https://tsm.miit.gov.cn/dxxzsp/help/noticeDetail.jsp?id=212,2021
工信部,新发证名单,《中华人民共和国增值电信业务经营许可证》发放名单-(2021)第48批,2021-12-28,河北鑫蓬嘉创信息技术有限公司,B2-20170092,（1）注销业务种类：存储转发类业务、国内呼叫中心业务,河北,B2-(全网),https://tsm.miit.gov.cn/dxxzsp/help/noticeDetail.jsp?id=212,2021
工信部,新发证名单,《中华人民共和国增值电信业务经营许可证》发放名单-(2021)第48批,2021-12-28,福建燕笙通信科技有限公司,B2-20170746,（1）注销业务种类：国内呼叫中心业务、信息服务业务（不含互联网信息服务）,福建,B2-(全网),https://tsm.miit.gov.cn/dxxzsp/help/noticeDetail.jsp?id=212,2021
工信部,新发证名单,《中华人民共和国增值电信业务经营许可证》发放名单-(2021)第48批,2021-12-28,上海铸稼建筑装饰工程有限公司,B2-20190388,（1）注销业务种类：国内呼叫中心业务、信息服务业务（不含互联网信息服务）,上海,B2-(全网),https://tsm.miit.gov.cn/dxxzsp/help/noticeDetail.jsp?id=212,2021
工信部,注销批准,《中华人民共和国增值电信业务经营许可证》发放名单-(2021)第48批,2021-12-28,（,,存储转发类业务、国内呼叫中心业务,未知,未知,https://tsm.miit.gov.cn/dxxzsp/help/noticeDetail.jsp?id=212,2021
工信部,注销批准,《中华人民共和国增值电信业务经营许可证》发放名单-(2021)第48批,2021-12-28,（,,国内呼叫中心业务、信息服务业务（不含互联网信息服务）,未知,未知,https://tsm.miit.gov.cn/dxxzsp/help/noticeDetail.jsp?id=212,2021
工信部,新发证名单,《中华人民共和国增值电信业务经营许可证》发放名单-(2021)第46批,2021-12-16,贵州众恒远盛信息技术有限公司,B2-20215216,国内呼叫中心业务信息服务业务（不含互联网信息服务）,贵州,B2-(全网),https://tsm.miit.gov.cn/dxxzsp/help/noticeDetail.jsp?id=210,2021
工信部,新发证名单,《中华人民共和国增值电信业务经营许可证》发放名单-(2021)第47批,2021-12-16,北京格鲁布信息技术有限公司,B2-20170434,（1）注销业务种类：国内呼叫中心业务、信息服务业务（不含互联网信息服务）,北京,B2-(全网),https://tsm.miit.gov.cn/dxxzsp/help/noticeDetail.jsp?id=211,2021
工信部,新发证名单,《中华人民共和国增值电信业务经营许可证》发放名单-(2021)第47批,2021-12-16,北京尚源汇信息科技有限公司,B2-20170753,（1）注销业务种类：国内呼叫中心业务、信息服务业务（不含互联网信息服务）,北京,B2-(全网),https://tsm.miit.gov.cn/dxxzsp/help/noticeDetail.jsp?id=211,2021
工信部,新发证名单,《中华人民共和国增值电信业务经营许可证》发放名单-(2021)第47批,2021-12-16,上海焱燕网络科技有限公司,B2-20170861,（1）注销业务种类：国内多方通信服务业务、国内呼叫中心业务、信息服务业务（不含互联网信息服务）,上海,B2-(全网),https://tsm.miit.gov.cn/dxxzsp/help/noticeDetail.jsp?id=211,2021
工信部,新发证名单,《中华人民共和国增值电信业务经营许可证》发放名单-(2021)第47批,2021-12-16,北京博泰祥瑞科技有限公司,B2-20172033,（1）注销业务种类：国内呼叫中心业务、信息服务业务（不含互联网信息服务）,北京,B2-(全网),https://tsm.miit.gov.cn/dxxzsp/help/noticeDetail.jsp?id=211,2021
工信部,注销批准,《中华人民共和国增值电信业务经营许可证》发放名单-(2021)第47批,2021-12-16,（,,国内呼叫中心业务、信息服务业务（不含互联网信息服务）,未知,未知,https://tsm.miit.gov.cn/dxxzsp/help/noticeDetail.jsp?id=211,2021
工信部,注销批准,《中华人民共和国增值电信业务经营许可证》发放名单-(2021)第47批,2021-12-16,（,,国内多方通信服务业务、国内呼叫中心业务、信息服务业务（不含互联网信息服务）,未知,未知,https://tsm.miit.gov.cn/dxxzsp/help/noticeDetail.jsp?id=211,2021
工信部,新发证名单,《中华人民共和国增值电信业务经营许可证》发放名单-(2021)第43批,2021-11-29,小米科技有限责任公司,A1.B1.B2-20150286,国内呼叫中心业务信息服务业务（不含互联网信息服务）,未知,混合-(全网),https://tsm.miit.gov.cn/dxxzsp/help/noticeDetail.jsp?id=207,2021
工信部,新发证名单,《中华人民共和国增值电信业务经营许可证》发放名单-(2021)第43批,2021-11-29,北京火山引擎科技有限公司,B1.B2-20202637,国内呼叫中心业务,北京,混合-(全网),https://tsm.miit.gov.cn/dxxzsp/help/noticeDetail.jsp?id=207,2021
工信部,新发证名单,《中华人民共和国增值电信业务经营许可证》发放名单-(2022)第07批,2022-03-07,江苏朴石通信技术有限公司,B2-20220940,国内呼叫中心业务,江苏,B2-(全网),https://tsm.miit.gov.cn/dxxzsp/help/noticeDetail.jsp?id=222,2022
工信部,新发证名单,《中华人民共和国增值电信业务经营许可证》发放名单-(2021)第45批,2021-12-14,北京安信创业信息科技发展有限公司,B2-20214984,国内呼叫中心业务,北京,B2-(全网),https://tsm.miit.gov.cn/dxxzsp/help/noticeDetail.jsp?id=209,2021
工信部,新发证名单,《中华人民共和国增值电信业务经营许可证》发放名单-(2021)第45批,2021-12-14,中软国际科技服务有限公司,合字B2-20210369,国内呼叫中心业务,未知,B2-(全网),https://tsm.miit.gov.cn/dxxzsp/help/noticeDetail.jsp?id=209,2021
工信部,新发证名单,《中华人民共和国增值电信业务经营许可证》发放名单-(2021)第45批,2021-12-14,深圳市佰仟金融服务有限公司,B2-20170529,（1）注销业务种类：国内呼叫中心业务,广东,B2-(全网),https://tsm.miit.gov.cn/dxxzsp/help/noticeDetail.jsp?id=209,2021
工信部,新发证名单,《中华人民共和国增值电信业务经营许可证》发放名单-(2021)第45批,2021-12-14,北京中网软通科技有限公司,A2.B1.B2-20171250,（1）注销业务种类：国内甚小口径终端地球站通信业务、固定网国内数据传送业务、网络托管业务、国内互联网虚拟专用网业务、国内多方通信服务业务、存储转发类业务、国内呼叫中心业务（2）继续经营：信息服务业务（不含互联网信息服务）（3）公司名称变更：“北京中网软通科技有限公司” 变更为 “福建中网软通科技有限公司”（4）法定代表人变更：“张天存” 变更为 “韩一沫”,北京,混合-(全网),https://tsm.miit.gov.cn/dxxzsp/help/noticeDetail.jsp?id=209,2021
工信部,新发证名单,《中华人民共和国增值电信业务经营许可证》发放名单-(2021)第45批,2021-12-14,北京佳安天下科技有限公司,B2-20184122,（1）注销业务种类：国内呼叫中心业务、信息服务业务（不含互联网信息服务）,北京,B2-(全网),https://tsm.miit.gov.cn/dxxzsp/help/noticeDetail.jsp?id=209,2021
工信部,新发证名单,《中华人民共和国增值电信业务经营许可证》发放名单-(2021)第45批,2021-12-14,辽宁途途网约车运营服务有限公司,B2-20190758,（1）注销业务种类：国内呼叫中心业务,辽宁,B2-(全网),https://tsm.miit.gov.cn/dxxzsp/help/noticeDetail.jsp?id=209,2021
工信部,新发证名单,《中华人民共和国增值电信业务经营许可证》发放名单-(2021)第45批,2021-12-14,深圳市优诚互联科技有限公司,B1.B2-20195065,（1）注销业务种类：互联网接入服务业务（2）继续经营：国内呼叫中心业务、信息服务业务（不含互联网信息服务）,广东,混合-(全网),https://tsm.miit.gov.cn/dxxzsp/help/noticeDetail.jsp?id=209,2021
工信部,注销批准,《中华人民共和国增值电信业务经营许可证》发放名单-(2021)第45批,2021-12-14,（,,国内呼叫中心业务,未知,未知,https://tsm.miit.gov.cn/dxxzsp/help/noticeDetail.jsp?id=209,2021
工信部,注销批准,《中华人民共和国增值电信业务经营许可证》发放名单-(2021)第45批,2021-12-14,（,,国内甚小口径终端地球站通信业务、固定网国内数据传送业务、网络托管业务、国内互联网虚拟专用网业务、国内多方通信服务业务、存储转发类业务、国内呼叫中心业务,未知,未知,https://tsm.miit.gov.cn/dxxzsp/help/noticeDetail.jsp?id=209,2021
工信部,注销批准,《中华人民共和国增值电信业务经营许可证》发放名单-(2021)第45批,2021-12-14,（,,国内呼叫中心业务、信息服务业务（不含互联网信息服务）,未知,未知,https://tsm.miit.gov.cn/dxxzsp/help/noticeDetail.jsp?id=209,2021
工信部,新发证名单,《中华人民共和国增值电信业务经营许可证》发放名单-(2021)第42批,2021-11-18,衡水润城酒店管理有限公司,B2-20214776,国内呼叫中心业务,未知,B2-(全网),https://tsm.miit.gov.cn/dxxzsp/help/noticeDetail.jsp?id=205,2021
工信部,新发证名单,《中华人民共和国增值电信业务经营许可证》发放名单-(2021)第42批,2021-11-18,山东福生佳信科技股份有限公司,B2-20090040,（1）注销业务种类：国内呼叫中心业务、信息服务业务（不含互联网信息服务）,山东,B2-(全网),https://tsm.miit.gov.cn/dxxzsp/help/noticeDetail.jsp?id=205,2021
工信部,新发证名单,《中华人民共和国增值电信业务经营许可证》发放名单-(2021)第42批,2021-11-18,北京中博元科技有限公司,B2-20170863,（1）注销业务种类：国内多方通信服务业务、国内呼叫中心业务、信息服务业务（不含互联网信息服务）,北京,B2-(全网),https://tsm.miit.gov.cn/dxxzsp/help/noticeDetail.jsp?id=205,2021
工信部,新发证名单,《中华人民共和国增值电信业务经营许可证》发放名单-(2021)第42批,2021-11-18,北京千丁互联科技有限公司,B2-20172809,（1）注销业务种类：国内呼叫中心业务,北京,B2-(全网),https://tsm.miit.gov.cn/dxxzsp/help/noticeDetail.jsp?id=205,2021
工信部,新发证名单,《中华人民共和国增值电信业务经营许可证》发放名单-(2021)第42批,2021-11-18,新疆泓秋月信息科技有限公司,B2-20192616,（1）注销业务种类：国内呼叫中心业务、信息服务业务（不含互联网信息服务）,新疆,B2-(全网),https://tsm.miit.gov.cn/dxxzsp/help/noticeDetail.jsp?id=205,2021
工信部,新发证名单,《中华人民共和国增值电信业务经营许可证》发放名单-(2021)第42批,2021-11-18,新疆振阳信息科技有限公司,B2-20192627,（1）注销业务种类：国内呼叫中心业务、信息服务业务（不含互联网信息服务）,新疆,B2-(全网),https://tsm.miit.gov.cn/dxxzsp/help/noticeDetail.jsp?id=205,2021
工信部,注销批准,《中华人民共和国增值电信业务经营许可证》发放名单-(2021)第42批,2021-11-18,（,,国内呼叫中心业务、信息服务业务（不含互联网信息服务）,未知,未知,https://tsm.miit.gov.cn/dxxzsp/help/noticeDetail.jsp?id=205,2021
工信部,注销批准,《中华人民共和国增值电信业务经营许可证》发放名单-(2021)第42批,2021-11-18,（,,国内多方通信服务业务、国内呼叫中心业务、信息服务业务（不含互联网信息服务）,未知,未知,https://tsm.miit.gov.cn/dxxzsp/help/noticeDetail.jsp?id=205,2021
工信部,注销批准,《中华人民共和国增值电信业务经营许可证》发放名单-(2021)第42批,2021-11-18,（,,国内呼叫中心业务,未知,未知,https://tsm.miit.gov.cn/dxxzsp/help/noticeDetail.jsp?id=205,2021
工信部,新发证名单,《中华人民共和国增值电信业务经营许可证》发放名单-(2022)第04批,2022-02-17,大唐互联科技（武汉）有限公司,B2-20220426,国内呼叫中心业务,湖北,B2-(全网),https://tsm.miit.gov.cn/dxxzsp/help/noticeDetail.jsp?id=219,2022
工信部,新发证名单,《中华人民共和国增值电信业务经营许可证》发放名单-(2022)第04批,2022-02-17,安徽千频信息科技有限公司,B2-20220576,国内呼叫中心业务,安徽,B2-(全网),https://tsm.miit.gov.cn/dxxzsp/help/noticeDetail.jsp?id=219,2022
工信部,新发证名单,《中华人民共和国增值电信业务经营许可证》发放名单-(2022)第04批,2022-02-17,大唐朝阳科技有限公司,B2-20210811,国内呼叫中心业务,未知,B2-(全网),https://tsm.miit.gov.cn/dxxzsp/help/noticeDetail.jsp?id=219,2022
工信部,新发证名单,《中华人民共和国增值电信业务经营许可证》发放名单-(2021)第38批,2021-10-25,荣耀终端有限公司,B2-20214254,国内呼叫中心业务,未知,B2-(全网),https://tsm.miit.gov.cn/dxxzsp/help/noticeDetail.jsp?id=200,2021
工信部,新发证名单,《中华人民共和国增值电信业务经营许可证》发放名单-(2021)第38批,2021-10-25,深圳市中燃电商服务有限公司,B2-20214255,国内呼叫中心业务,广东,B2-(全网),https://tsm.miit.gov.cn/dxxzsp/help/noticeDetail.jsp?id=200,2021
工信部,新发证名单,《中华人民共和国增值电信业务经营许可证》发放名单-(2021)第38批,2021-10-25,河南美成通讯技术有限公司,B2-20201989,国内呼叫中心业务,河南,B2-(全网),https://tsm.miit.gov.cn/dxxzsp/help/noticeDetail.jsp?id=200,2021
工信部,新发证名单,《中华人民共和国增值电信业务经营许可证》发放名单-(2022)第06批,2022-03-07,安徽天骋科技有限公司,B2-20170330,不予批准继续经营：国内呼叫中心业务,安徽,B2-(全网),https://tsm.miit.gov.cn/dxxzsp/help/noticeDetail.jsp?id=221,2022
工信部,新发证名单,《中华人民共和国增值电信业务经营许可证》发放名单-(2021)第36批,2021-10-13,上海昱耀信息科技有限公司,B1.B2-20201358,国内呼叫中心业务,上海,混合-(全网),https://tsm.miit.gov.cn/dxxzsp/help/noticeDetail.jsp?id=198,2021
工信部,新发证名单,《中华人民共和国增值电信业务经营许可证》发放名单-(2021)第35批,2021-09-27,北京容联七陌科技有限公司,B2-20213887,国内呼叫中心业务,北京,B2-(全网),https://tsm.miit.gov.cn/dxxzsp/help/noticeDetail.jsp?id=197,2021
工信部,新发证名单,《中华人民共和国增值电信业务经营许可证》发放名单-(2021)第35批,2021-09-27,福建启度信息技术有限公司,B2-20171114,（1）注销业务种类：国内呼叫中心业务、信息服务业务（不含互联网信息服务）,福建,B2-(全网),https://tsm.miit.gov.cn/dxxzsp/help/noticeDetail.jsp?id=197,2021
工信部,注销批准,《中华人民共和国增值电信业务经营许可证》发放名单-(2021)第35批,2021-09-27,（,,国内呼叫中心业务、信息服务业务（不含互联网信息服务）,未知,未知,https://tsm.miit.gov.cn/dxxzsp/help/noticeDetail.jsp?id=197,2021
工信部,新发证名单,《中华人民共和国增值电信业务经营许可证》发放名单-(2021)第41批,2021-11-16,深圳市迅酷通信技术有限公司,B2-20130275,（1）注销业务种类：国内呼叫中心业务、信息服务业务（不含互联网信息服务）,广东,B2-(全网),https://tsm.miit.gov.cn/dxxzsp/help/noticeDetail.jsp?id=204,2021
工信部,新发证名单,《中华人民共和国增值电信业务经营许可证》发放名单-(2021)第41批,2021-11-16,福建盈汇通网络科技有限公司,B2-20170051,（1）注销业务种类：国内多方通信服务业务、国内呼叫中心业务、信息服务业务（不含互联网信息服务）,福建,B2-(全网),https://tsm.miit.gov.cn/dxxzsp/help/noticeDetail.jsp?id=204,2021
工信部,新发证名单,《中华人民共和国增值电信业务经营许可证》发放名单-(2021)第41批,2021-11-16,福建普阳电子商务有限公司,B2-20170116,（1）注销业务种类：国内呼叫中心业务、信息服务业务（不含互联网信息服务）,福建,B2-(全网),https://tsm.miit.gov.cn/dxxzsp/help/noticeDetail.jsp?id=204,2021
工信部,新发证名单,《中华人民共和国增值电信业务经营许可证》发放名单-(2021)第41批,2021-11-16,福建蓝羽通信科技有限公司,B2-20170874,（1）注销业务种类：国内呼叫中心业务、信息服务业务（不含互联网信息服务）,福建,B2-(全网),https://tsm.miit.gov.cn/dxxzsp/help/noticeDetail.jsp?id=204,2021
工信部,新发证名单,《中华人民共和国增值电信业务经营许可证》发放名单-(2021)第41批,2021-11-16,厦门易合通通讯科技有限公司,B2-20172306,（1）注销业务种类：国内呼叫中心业务、信息服务业务（不含互联网信息服务）,福建,B2-(全网),https://tsm.miit.gov.cn/dxxzsp/help/noticeDetail.jsp?id=204,2021
工信部,新发证名单,《中华人民共和国增值电信业务经营许可证》发放名单-(2021)第41批,2021-11-16,福州连连支末付诸通信科技有限公司,B2-20172504,（1）注销业务种类：国内呼叫中心业务、信息服务业务（不含互联网信息服务）,福建,B2-(全网),https://tsm.miit.gov.cn/dxxzsp/help/noticeDetail.jsp?id=204,2021
工信部,新发证名单,《中华人民共和国增值电信业务经营许可证》发放名单-(2021)第41批,2021-11-16,陕西厚盟人力资源服务有限公司,B2-20181300,（1）注销业务种类：国内呼叫中心业务,陕西,B2-(全网),https://tsm.miit.gov.cn/dxxzsp/help/noticeDetail.jsp?id=204,2021
工信部,新发证名单,《中华人民共和国增值电信业务经营许可证》发放名单-(2021)第41批,2021-11-16,沈阳云腾网络科技有限公司,B1.B2-20183620,（1）注销业务种类：互联网数据中心业务、国内互联网虚拟专用网业务、互联网接入服务业务、国内呼叫中心业务,辽宁,混合-(全网),https://tsm.miit.gov.cn/dxxzsp/help/noticeDetail.jsp?id=204,2021
工信部,新发证名单,《中华人民共和国增值电信业务经营许可证》发放名单-(2021)第41批,2021-11-16,山东优源春辉信息科技有限公司,B1.B2-20184637,（1）注销业务种类：互联网接入服务业务（2）继续经营：国内多方通信服务业务、国内呼叫中心业务、信息服务业务（不含互联网信息服务）,山东,混合-(全网),https://tsm.miit.gov.cn/dxxzsp/help/noticeDetail.jsp?id=204,2021
工信部,新发证名单,《中华人民共和国增值电信业务经营许可证》发放名单-(2021)第41批,2021-11-16,广州创讯科技有限公司,B2-20184823,（1）注销业务种类：国内呼叫中心业务、信息服务业务（不含互联网信息服务）,广东,B2-(全网),https://tsm.miit.gov.cn/dxxzsp/help/noticeDetail.jsp?id=204,2021
工信部,新发证名单,《中华人民共和国增值电信业务经营许可证》发放名单-(2021)第41批,2021-11-16,北京腾辉未来科技有限公司,B1.B2-20192783,（1）注销业务种类：互联网接入服务业务（2）继续经营：国内互联网虚拟专用网业务、国内多方通信服务业务、国内呼叫中心业务、信息服务业务（不含互联网信息服务）,北京,混合-(全网),https://tsm.miit.gov.cn/dxxzsp/help/noticeDetail.jsp?id=204,2021
工信部,注销批准,《中华人民共和国增值电信业务经营许可证》发放名单-(2021)第41批,2021-11-16,（,,国内呼叫中心业务、信息服务业务（不含互联网信息服务）,未知,未知,https://tsm.miit.gov.cn/dxxzsp/help/noticeDetail.jsp?id=204,2021
工信部,注销批准,《中华人民共和国增值电信业务经营许可证》发放名单-(2021)第41批,2021-11-16,（,,国内多方通信服务业务、国内呼叫中心业务、信息服务业务（不含互联网信息服务）,未知,未知,https://tsm.miit.gov.cn/dxxzsp/help/noticeDetail.jsp?id=204,2021
工信部,注销批准,《中华人民共和国增值电信业务经营许可证》发放名单-(2021)第41批,2021-11-16,（,,国内呼叫中心业务,未知,未知,https://tsm.miit.gov.cn/dxxzsp/help/noticeDetail.jsp?id=204,2021
工信部,注销批准,《中华人民共和国增值电信业务经营许可证》发放名单-(2021)第41批,2021-11-16,（,,互联网数据中心业务、国内互联网虚拟专用网业务、互联网接入服务业务、国内呼叫中心业务,未知,未知,https://tsm.miit.gov.cn/dxxzsp/help/noticeDetail.jsp?id=204,2021
工信部,注销批准,《中华人民共和国增值电信业务经营许可证》发放名单-(2021)第41批,2021-11-16,（,,互联网接入服务业务（2）继续经营：国内多方通信服务业务、国内呼叫中心业务、信息服务业务（不含互联网信息服务）,未知,未知,https://tsm.miit.gov.cn/dxxzsp/help/noticeDetail.jsp?id=204,2021
工信部,注销批准,《中华人民共和国增值电信业务经营许可证》发放名单-(2021)第41批,2021-11-16,（,,互联网接入服务业务（2）继续经营：国内互联网虚拟专用网业务、国内多方通信服务业务、国内呼叫中心业务、信息服务业务（不含互联网信息服务）,未知,未知,https://tsm.miit.gov.cn/dxxzsp/help/noticeDetail.jsp?id=204,2021
工信部,新发证名单,《中华人民共和国增值电信业务经营许可证》发放名单-(2021)第33批,2021-09-10,济南全成政务智慧产业发展有限公司,B2-20213444,国内呼叫中心业务,山东,B2-(全网),https://tsm.miit.gov.cn/dxxzsp/help/noticeDetail.jsp?id=195,2021
工信部,新发证名单,《中华人民共和国增值电信业务经营许可证》发放名单-(2021)第33批,2021-09-10,安徽易德人力资源管理有限公司,B2-20213550,国内呼叫中心业务,安徽,B2-(全网),https://tsm.miit.gov.cn/dxxzsp/help/noticeDetail.jsp?id=195,2021
工信部,新发证名单,《中华人民共和国增值电信业务经营许可证》发放名单-(2021)第33批,2021-09-10,通联支付网络服务股份有限公司,合字B2-20210277,国内呼叫中心业务信息服务业务（不含互联网信息服务）,未知,B2-(全网),https://tsm.miit.gov.cn/dxxzsp/help/noticeDetail.jsp?id=195,2021
工信部,新发证名单,《中华人民共和国增值电信业务经营许可证》发放名单-(2021)第33批,2021-09-10,河南中信科大数据科技有限公司,B1.B2-20210259,国内呼叫中心业务,河南,混合-(全网),https://tsm.miit.gov.cn/dxxzsp/help/noticeDetail.jsp?id=195,2021
工信部,新发证名单,《中华人民共和国增值电信业务经营许可证》发放名单-(2021)第33批,2021-09-10,上海新弘久网络科技有限公司,B2-20210344,国内呼叫中心业务,上海,B2-(全网),https://tsm.miit.gov.cn/dxxzsp/help/noticeDetail.jsp?id=195,2021
工信部,新发证名单,《中华人民共和国增值电信业务经营许可证》发放名单-(2021)第37批,2021-10-13,四川快马奔腾科技有限公司,B2-20214093,国内呼叫中心业务,四川,B2-(全网),https://tsm.miit.gov.cn/dxxzsp/help/noticeDetail.jsp?id=199,2021
工信部,新发证名单,《中华人民共和国增值电信业务经营许可证》发放名单-(2021)第37批,2021-10-13,讯乐思（成都）数据服务有限公司,合字B2-20210309,国内呼叫中心业务,四川,B2-(全网),https://tsm.miit.gov.cn/dxxzsp/help/noticeDetail.jsp?id=199,2021
工信部,新发证名单,《中华人民共和国增值电信业务经营许可证》发放名单-(2021)第37批,2021-10-13,大唐融合（盘锦）科技有限公司,B2-20212444,国内呼叫中心业务,未知,B2-(全网),https://tsm.miit.gov.cn/dxxzsp/help/noticeDetail.jsp?id=199,2021
工信部,新发证名单,《中华人民共和国增值电信业务经营许可证》发放名单-(2021)第37批,2021-10-13,福建曼丽文化传媒有限公司,B2-20170102,（1）注销业务种类：国内呼叫中心业务、信息服务业务（不含互联网信息服务）,福建,B2-(全网),https://tsm.miit.gov.cn/dxxzsp/help/noticeDetail.jsp?id=199,2021
工信部,新发证名单,《中华人民共和国增值电信业务经营许可证》发放名单-(2021)第37批,2021-10-13,福建雅南互联通信科技有限公司,B2-20170662,（1）注销业务种类：国内呼叫中心业务、信息服务业务（不含互联网信息服务）,福建,B2-(全网),https://tsm.miit.gov.cn/dxxzsp/help/noticeDetail.jsp?id=199,2021
工信部,新发证名单,《中华人民共和国增值电信业务经营许可证》发放名单-(2021)第37批,2021-10-13,福建佰利达通信科技有限公司,B2-20170664,（1）注销业务种类：国内呼叫中心业务、信息服务业务（不含互联网信息服务）,福建,B2-(全网),https://tsm.miit.gov.cn/dxxzsp/help/noticeDetail.jsp?id=199,2021
工信部,注销批准,《中华人民共和国增值电信业务经营许可证》发放名单-(2021)第37批,2021-10-13,（,,国内呼叫中心业务、信息服务业务（不含互联网信息服务）,未知,未知,https://tsm.miit.gov.cn/dxxzsp/help/noticeDetail.jsp?id=199,2021
工信部,新发证名单,《中华人民共和国增值电信业务经营许可证》发放名单-(2021)第34批,2021-09-17,长城宽带网络服务有限公司,A2.B1.B2-20110085,国内呼叫中心业务,未知,混合-(全网),https://tsm.miit.gov.cn/dxxzsp/help/noticeDetail.jsp?id=196,2021
工信部,新发证名单,《中华人民共和国增值电信业务经营许可证》发放名单-(2021)第30批,2021-08-31,联想百应（天津）科技有限公司,B2-20213322,国内呼叫中心业务,天津,B2-(全网),https://tsm.miit.gov.cn/dxxzsp/help/noticeDetail.jsp?id=191,2021
工信部,新发证名单,《中华人民共和国增值电信业务经营许可证》发放名单-(2021)第30批,2021-08-31,北京数据在线国际供应链管理股份有限公司,B2-20110214,（1）注销业务种类：国内呼叫中心业务,北京,B2-(全网),https://tsm.miit.gov.cn/dxxzsp/help/noticeDetail.jsp?id=191,2021
工信部,新发证名单,《中华人民共和国增值电信业务经营许可证》发放名单-(2021)第30批,2021-08-31,安徽正德互联信息技术有限公司,B2-20161444,（1）注销业务种类：国内呼叫中心业务、信息服务业务（不含互联网信息服务）,安徽,B2-(全网),https://tsm.miit.gov.cn/dxxzsp/help/noticeDetail.jsp?id=191,2021
工信部,新发证名单,《中华人民共和国增值电信业务经营许可证》发放名单-(2021)第30批,2021-08-31,重庆国通信息技术有限公司,B2-20190387,（1）注销业务种类：国内呼叫中心业务、信息服务业务（不含互联网信息服务）,重庆,B2-(全网),https://tsm.miit.gov.cn/dxxzsp/help/noticeDetail.jsp?id=191,2021
工信部,注销批准,《中华人民共和国增值电信业务经营许可证》发放名单-(2021)第30批,2021-08-31,（,,国内呼叫中心业务,未知,未知,https://tsm.miit.gov.cn/dxxzsp/help/noticeDetail.jsp?id=191,2021
工信部,注销批准,《中华人民共和国增值电信业务经营许可证》发放名单-(2021)第30批,2021-08-31,（,,国内呼叫中心业务、信息服务业务（不含互联网信息服务）,未知,未知,https://tsm.miit.gov.cn/dxxzsp/help/noticeDetail.jsp?id=191,2021
工信部,新发证名单,《中华人民共和国增值电信业务经营许可证》发放名单-(2021)第32批,2021-09-07,北京天华胜达科技有限公司,B2-20170049,（1）注销业务种类：国内多方通信服务业务、国内呼叫中心业务、信息服务业务（不含互联网信息服务）,北京,B2-(全网),https://tsm.miit.gov.cn/dxxzsp/help/noticeDetail.jsp?id=193,2021
工信部,新发证名单,《中华人民共和国增值电信业务经营许可证》发放名单-(2021)第32批,2021-09-07,福建古米通信科技有限公司,B2-20171281,（1）注销业务种类：国内呼叫中心业务、信息服务业务（不含互联网信息服务）,福建,B2-(全网),https://tsm.miit.gov.cn/dxxzsp/help/noticeDetail.jsp?id=193,2021
工信部,新发证名单,《中华人民共和国增值电信业务经营许可证》发放名单-(2021)第32批,2021-09-07,福建阿迪里巴联巴通信科技有限公司,B2-20172318,（1）注销业务种类：国内呼叫中心业务、信息服务业务（不含互联网信息服务）,福建,B2-(全网),https://tsm.miit.gov.cn/dxxzsp/help/noticeDetail.jsp?id=193,2021
工信部,新发证名单,《中华人民共和国增值电信业务经营许可证》发放名单-(2021)第32批,2021-09-07,北京格梦坊文化发展有限公司,B2-20172554,（1）注销业务种类：国内呼叫中心业务、信息服务业务（不含互联网信息服务）,北京,B2-(全网),https://tsm.miit.gov.cn/dxxzsp/help/noticeDetail.jsp?id=193,2021
工信部,新发证名单,《中华人民共和国增值电信业务经营许可证》发放名单-(2021)第32批,2021-09-07,烟台市来润通信服务有限公司,B2-20183784,（1）注销业务种类：国内呼叫中心业务,未知,B2-(全网),https://tsm.miit.gov.cn/dxxzsp/help/noticeDetail.jsp?id=193,2021
工信部,新发证名单,《中华人民共和国增值电信业务经营许可证》发放名单-(2021)第32批,2021-09-07,叮当快药科技集团有限公司,B2-20213551,（1）注销业务种类：在线数据处理与交易处理业务、信息服务业务（仅限互联网信息服务）（继续经营：国内呼叫中心业务）（2）经营主体（企业性质）变更：从外商投资企业变更为内资企业。,未知,B2-(全网),https://tsm.miit.gov.cn/dxxzsp/help/noticeDetail.jsp?id=193,2021
工信部,注销批准,《中华人民共和国增值电信业务经营许可证》发放名单-(2021)第32批,2021-09-07,（,,国内多方通信服务业务、国内呼叫中心业务、信息服务业务（不含互联网信息服务）,未知,未知,https://tsm.miit.gov.cn/dxxzsp/help/noticeDetail.jsp?id=193,2021
工信部,注销批准,《中华人民共和国增值电信业务经营许可证》发放名单-(2021)第32批,2021-09-07,（,,国内呼叫中心业务、信息服务业务（不含互联网信息服务）,未知,未知,https://tsm.miit.gov.cn/dxxzsp/help/noticeDetail.jsp?id=193,2021
工信部,注销批准,《中华人民共和国增值电信业务经营许可证》发放名单-(2021)第32批,2021-09-07,（,,国内呼叫中心业务,未知,未知,https://tsm.miit.gov.cn/dxxzsp/help/noticeDetail.jsp?id=193,2021
工信部,新发证名单,《中华人民共和国增值电信业务经营许可证》发放名单-(2021)第27批,2021-08-11,河北博岳通信技术股份有限公司,B2-20212976,国内呼叫中心业务,河北,B2-(全网),https://tsm.miit.gov.cn/dxxzsp/help/noticeDetail.jsp?id=188,2021
工信部,新发证名单,《中华人民共和国增值电信业务经营许可证》发放名单-(2021)第27批,2021-08-11,太原晋节智服科技有限公司,B2-20212977,国内呼叫中心业务信息服务业务（不含互联网信息服务）,未知,B2-(全网),https://tsm.miit.gov.cn/dxxzsp/help/noticeDetail.jsp?id=188,2021
工信部,新发证名单,《中华人民共和国增值电信业务经营许可证》发放名单-(2021)第24批,2021-07-14,上海乾图信息技术有限公司,B2-20080063,（1）注销业务种类：国内呼叫中心业务、信息服务业务（不含互联网信息服务）,上海,B2-(全网),https://tsm.miit.gov.cn/dxxzsp/help/noticeDetail.jsp?id=185,2021
工信部,新发证名单,《中华人民共和国增值电信业务经营许可证》发放名单-(2021)第24批,2021-07-14,广东友棋信息科技有限公司,B2-20173030,（1）注销业务种类：国内呼叫中心业务、信息服务业务（不含互联网信息服务）,广东,B2-(全网),https://tsm.miit.gov.cn/dxxzsp/help/noticeDetail.jsp?id=185,2021
工信部,新发证名单,《中华人民共和国增值电信业务经营许可证》发放名单-(2021)第24批,2021-07-14,青海辰和信息技术有限公司,B2-20193468,（1）注销业务种类：国内呼叫中心业务、信息服务业务（不含互联网信息服务）,青海,B2-(全网),https://tsm.miit.gov.cn/dxxzsp/help/noticeDetail.jsp?id=185,2021
工信部,注销批准,《中华人民共和国增值电信业务经营许可证》发放名单-(2021)第24批,2021-07-14,上海乾图信息技术有限公司,,国内呼叫中心业务、信息服务业务（不含互联网信息服务）,上海,未知,https://tsm.miit.gov.cn/dxxzsp/help/noticeDetail.jsp?id=185,2021
工信部,注销批准,《中华人民共和国增值电信业务经营许可证》发放名单-(2021)第24批,2021-07-14,广东友棋信息科技有限公司,,国内呼叫中心业务、信息服务业务（不含互联网信息服务）,广东,未知,https://tsm.miit.gov.cn/dxxzsp/help/noticeDetail.jsp?id=185,2021
工信部,注销批准,《中华人民共和国增值电信业务经营许可证》发放名单-(2021)第24批,2021-07-14,青海辰和信息技术有限公司,,国内呼叫中心业务、信息服务业务（不含互联网信息服务）,青海,未知,https://tsm.miit.gov.cn/dxxzsp/help/noticeDetail.jsp?id=185,2021
工信部,新发证名单,《中华人民共和国增值电信业务经营许可证》发放名单-(2021)第21批,2021-06-25,南京易米云通网络科技有限公司,B2-20210534,国内呼叫中心业务,江苏,B2-(全网),https://tsm.miit.gov.cn/dxxzsp/help/noticeDetail.jsp?id=182,2021
工信部,新发证名单,《中华人民共和国增值电信业务经营许可证》发放名单-(2021)第20批,2021-06-16,陕西省通信服务有限公司,B2-20212076,国内呼叫中心业务,陕西,B2-(全网),https://tsm.miit.gov.cn/dxxzsp/help/noticeDetail.jsp?id=181,2021
工信部,新发证名单,《中华人民共和国增值电信业务经营许可证》发放名单-(2021)第18批,2021-06-02,上海傲文网络技术有限公司,B2-20211824,国内呼叫中心业务信息服务业务（不含互联网信息服务）,上海,B2-(全网),https://tsm.miit.gov.cn/dxxzsp/help/noticeDetail.jsp?id=179,2021
工信部,新发证名单,《中华人民共和国增值电信业务经营许可证》发放名单-(2021)第17批,2021-05-21,南京福瑞万佳礼仪服务有限公司,B2-20211696,国内呼叫中心业务,江苏,B2-(全网),https://tsm.miit.gov.cn/dxxzsp/help/noticeDetail.jsp?id=178,2021
工信部,新发证名单,《中华人民共和国增值电信业务经营许可证》发放名单-(2021)第17批,2021-05-21,山西黑龙实业集团有限公司,B2-20161660,（1）注销业务种类：国内呼叫中心业务,山西,B2-(全网),https://tsm.miit.gov.cn/dxxzsp/help/noticeDetail.jsp?id=178,2021
工信部,新发证名单,《中华人民共和国增值电信业务经营许可证》发放名单-(2021)第17批,2021-05-21,深圳市拓昊科技开发有限公司,B2-20183242,（1）注销业务种类：国内呼叫中心业务、信息服务业务（不含互联网信息服务）,广东,B2-(全网),https://tsm.miit.gov.cn/dxxzsp/help/noticeDetail.jsp?id=178,2021
工信部,新发证名单,《中华人民共和国增值电信业务经营许可证》发放名单-(2021)第17批,2021-05-21,广州市亚讯通讯技术有限公司,B2-20193496,（1）注销业务种类：国内呼叫中心业务,广东,B2-(全网),https://tsm.miit.gov.cn/dxxzsp/help/noticeDetail.jsp?id=178,2021
工信部,注销批准,《中华人民共和国增值电信业务经营许可证》发放名单-(2021)第17批,2021-05-21,山西黑龙实业集团有限公司,,国内呼叫中心业务,山西,未知,https://tsm.miit.gov.cn/dxxzsp/help/noticeDetail.jsp?id=178,2021
工信部,注销批准,《中华人民共和国增值电信业务经营许可证》发放名单-(2021)第17批,2021-05-21,深圳市拓昊科技开发有限公司,,国内呼叫中心业务、信息服务业务（不含互联网信息服务）,广东,未知,https://tsm.miit.gov.cn/dxxzsp/help/noticeDetail.jsp?id=178,2021
工信部,注销批准,《中华人民共和国增值电信业务经营许可证》发放名单-(2021)第17批,2021-05-21,广州市亚讯通讯技术有限公司,,国内呼叫中心业务,广东,未知,https://tsm.miit.gov.cn/dxxzsp/help/noticeDetail.jsp?id=178,2021
工信部,新发证名单,《中华人民共和国增值电信业务经营许可证》发放名单-(2021)第16批,2021-05-17,中赋海腾信息科技有限公司,B2-20211589,国内呼叫中心业务信息服务业务（不含互联网信息服务）,未知,B2-(全网),https://tsm.miit.gov.cn/dxxzsp/help/noticeDetail.jsp?id=177,2021
工信部,新发证名单,《中华人民共和国增值电信业务经营许可证》发放名单-(2021)第16批,2021-05-17,鹏创服务外包控股（深圳）有限公司,B2-20211590,国内呼叫中心业务,广东,B2-(全网),https://tsm.miit.gov.cn/dxxzsp/help/noticeDetail.jsp?id=177,2021
工信部,新发证名单,《中华人民共和国增值电信业务经营许可证》发放名单-(2021)第15批,2021-04-29,杭州坤环科技服务有限公司,B2-20191937,（1）注销业务种类：国内呼叫中心业务,浙江,B2-(全网),https://tsm.miit.gov.cn/dxxzsp/help/noticeDetail.jsp?id=176,2021
工信部,新发证名单,《中华人民共和国增值电信业务经营许可证》发放名单-(2021)第15批,2021-04-29,广州仁千信息科技有限公司,B2-20180328,（1）注销业务种类：国内呼叫中心业务、信息服务业务（不含互联网信息服务）,广东,B2-(全网),https://tsm.miit.gov.cn/dxxzsp/help/noticeDetail.jsp?id=176,2021
工信部,注销批准,《中华人民共和国增值电信业务经营许可证》发放名单-(2021)第15批,2021-04-29,杭州坤环科技服务有限公司,,国内呼叫中心业务,浙江,未知,https://tsm.miit.gov.cn/dxxzsp/help/noticeDetail.jsp?id=176,2021
工信部,注销批准,《中华人民共和国增值电信业务经营许可证》发放名单-(2021)第15批,2021-04-29,广州仁千信息科技有限公司,,国内呼叫中心业务、信息服务业务（不含互联网信息服务）,广东,未知,https://tsm.miit.gov.cn/dxxzsp/help/noticeDetail.jsp?id=176,2021
工信部,新发证名单,《中华人民共和国增值电信业务经营许可证》发放名单-(2021)第19批,2021-06-02,陕西世纪合辉医药有限公司,B2-20171001,（1）注销业务种类：国内呼叫中心业务,陕西,B2-(全网),https://tsm.miit.gov.cn/dxxzsp/help/noticeDetail.jsp?id=180,2021
工信部,新发证名单,《中华人民共和国增值电信业务经营许可证》发放名单-(2021)第19批,2021-06-02,华动泰越科技有限责任公司,B2-20172782,（1）注销业务种类：国内呼叫中心业务,未知,B2-(全网),https://tsm.miit.gov.cn/dxxzsp/help/noticeDetail.jsp?id=180,2021
工信部,注销批准,《中华人民共和国增值电信业务经营许可证》发放名单-(2021)第19批,2021-06-02,陕西世纪合辉医药有限公司,,国内呼叫中心业务,陕西,未知,https://tsm.miit.gov.cn/dxxzsp/help/noticeDetail.jsp?id=180,2021
工信部,注销批准,《中华人民共和国增值电信业务经营许可证》发放名单-(2021)第19批,2021-06-02,华动泰越科技有限责任公司,,国内呼叫中心业务,未知,未知,https://tsm.miit.gov.cn/dxxzsp/help/noticeDetail.jsp?id=180,2021
工信部,新发证名单,《中华人民共和国增值电信业务经营许可证》发放名单-(2021)第28批,2021-08-12,天翼电子商务有限公司,B2-20213094,国内呼叫中心业务信息服务业务（不含互联网信息服务）,未知,B2-(全网),https://tsm.miit.gov.cn/dxxzsp/help/noticeDetail.jsp?id=189,2021
工信部,新发证名单,《中华人民共和国增值电信业务经营许可证》发放名单-(2021)第28批,2021-08-12,安徽阳光信通电子科技有限公司,B2-20213095,国内呼叫中心业务,安徽,B2-(全网),https://tsm.miit.gov.cn/dxxzsp/help/noticeDetail.jsp?id=189,2021
工信部,新发证名单,《中华人民共和国增值电信业务经营许可证》发放名单-(2021)第28批,2021-08-12,辽宁人瑞企业服务外包有限责任公司,合字B2-20210232,国内呼叫中心业务,辽宁,B2-(全网),https://tsm.miit.gov.cn/dxxzsp/help/noticeDetail.jsp?id=189,2021
工信部,新发证名单,《中华人民共和国增值电信业务经营许可证》发放名单-(2021)第13批,2021-04-22,海普信息技术服务有限公司,B2-20211259,国内呼叫中心业务,未知,B2-(全网),https://tsm.miit.gov.cn/dxxzsp/help/noticeDetail.jsp?id=173,2021
工信部,新发证名单,《中华人民共和国增值电信业务经营许可证》发放名单-(2021)第22批,2021-07-02,江苏华瀚国际娱乐文化有限公司,B2-20170551,（1）注销业务种类：国内呼叫中心业务,江苏,B2-(全网),https://tsm.miit.gov.cn/dxxzsp/help/noticeDetail.jsp?id=183,2021
工信部,注销批准,《中华人民共和国增值电信业务经营许可证》发放名单-(2021)第22批,2021-07-02,江苏华瀚国际娱乐文化有限公司,,国内呼叫中心业务,江苏,未知,https://tsm.miit.gov.cn/dxxzsp/help/noticeDetail.jsp?id=183,2021
工信部,新发证名单,《中华人民共和国增值电信业务经营许可证》发放名单-(2021)第08批,2021-03-11,福建中网通信科技有限公司,B2-20110296,（1）注销业务种类：国内呼叫中心业务、信息服务业务（不含互联网信息服务）,福建,B2-(全网),https://tsm.miit.gov.cn/dxxzsp/help/noticeDetail.jsp?id=165,2021
工信部,新发证名单,《中华人民共和国增值电信业务经营许可证》发放名单-(2021)第08批,2021-03-11,北京瑞泰优程科技有限公司,B2-20160194,（1）注销业务种类：互联网接入服务业务、国内呼叫中心业务,北京,B2-(全网),https://tsm.miit.gov.cn/dxxzsp/help/noticeDetail.jsp?id=165,2021
工信部,新发证名单,《中华人民共和国增值电信业务经营许可证》发放名单-(2021)第08批,2021-03-11,广州传递信息科技有限公司,B2-20192405,（1）注销业务种类：国内呼叫中心业务、信息服务业务（不含互联网信息服务）,广东,B2-(全网),https://tsm.miit.gov.cn/dxxzsp/help/noticeDetail.jsp?id=165,2021
工信部,注销批准,《中华人民共和国增值电信业务经营许可证》发放名单-(2021)第08批,2021-03-11,福建中网通信科技有限公司,,国内呼叫中心业务、信息服务业务（不含互联网信息服务）,福建,未知,https://tsm.miit.gov.cn/dxxzsp/help/noticeDetail.jsp?id=165,2021
工信部,注销批准,《中华人民共和国增值电信业务经营许可证》发放名单-(2021)第08批,2021-03-11,北京瑞泰优程科技有限公司,,互联网接入服务业务、国内呼叫中心业务,北京,未知,https://tsm.miit.gov.cn/dxxzsp/help/noticeDetail.jsp?id=165,2021
工信部,注销批准,《中华人民共和国增值电信业务经营许可证》发放名单-(2021)第08批,2021-03-11,广州传递信息科技有限公司,,国内呼叫中心业务、信息服务业务（不含互联网信息服务）,广东,未知,https://tsm.miit.gov.cn/dxxzsp/help/noticeDetail.jsp?id=165,2021
工信部,新发证名单,《中华人民共和国增值电信业务经营许可证》发放名单-(2021)第07批-2,2021-03-01,莱州买啦网络技术有限公司,B2-20160249,（1）注销业务种类：国内多方通信服务业务、国内呼叫中心业务、信息服务业务（不含互联网信息服务）,未知,B2-(全网),https://tsm.miit.gov.cn/dxxzsp/help/noticeDetail.jsp?id=163,2021
工信部,新发证名单,《中华人民共和国增值电信业务经营许可证》发放名单-(2021)第07批-2,2021-03-01,北京鸭掌木信息技术有限公司,B2-20172193,（1）注销业务种类：国内呼叫中心业务,北京,B2-(全网),https://tsm.miit.gov.cn/dxxzsp/help/noticeDetail.jsp?id=163,2021
工信部,新发证名单,《中华人民共和国增值电信业务经营许可证》发放名单-(2021)第07批-2,2021-03-01,四川满得利科技有限公司,B2-20183792,（1）注销业务种类：国内呼叫中心业务、信息服务业务（不含互联网信息服务）,四川,B2-(全网),https://tsm.miit.gov.cn/dxxzsp/help/noticeDetail.jsp?id=163,2021
工信部,注销批准,《中华人民共和国增值电信业务经营许可证》发放名单-(2021)第07批-2,2021-03-01,莱州买啦网络技术有限公司,,国内多方通信服务业务、国内呼叫中心业务、信息服务业务（不含互联网信息服务）,未知,未知,https://tsm.miit.gov.cn/dxxzsp/help/noticeDetail.jsp?id=163,2021
工信部,注销批准,《中华人民共和国增值电信业务经营许可证》发放名单-(2021)第07批-2,2021-03-01,北京鸭掌木信息技术有限公司,,国内呼叫中心业务,北京,未知,https://tsm.miit.gov.cn/dxxzsp/help/noticeDetail.jsp?id=163,2021
工信部,注销批准,《中华人民共和国增值电信业务经营许可证》发放名单-(2021)第07批-2,2021-03-01,四川满得利科技有限公司,,国内呼叫中心业务、信息服务业务（不含互联网信息服务）,四川,未知,https://tsm.miit.gov.cn/dxxzsp/help/noticeDetail.jsp?id=163,2021
工信部,新发证名单,《中华人民共和国增值电信业务经营许可证》发放名单-(2021)第04批,2021-02-09,和君纵达数据科技有限公司,B2-20210411,国内呼叫中心业务,未知,B2-(全网),https://tsm.miit.gov.cn/dxxzsp/help/noticeDetail.jsp?id=159,2021
工信部,新发证名单,《中华人民共和国增值电信业务经营许可证》发放名单-(2021)第04批,2021-02-09,北京讯博源科技有限公司,B2-20170756,（1）注销业务种类：国内呼叫中心业务、信息服务业务（不含互联网信息服务）,北京,B2-(全网),https://tsm.miit.gov.cn/dxxzsp/help/noticeDetail.jsp?id=159,2021
工信部,新发证名单,《中华人民共和国增值电信业务经营许可证》发放名单-(2021)第04批,2021-02-09,北京百志科技有限公司,B2-20170757,（1）注销业务种类：国内呼叫中心业务、信息服务业务（不含互联网信息服务）,北京,B2-(全网),https://tsm.miit.gov.cn/dxxzsp/help/noticeDetail.jsp?id=159,2021
工信部,新发证名单,《中华人民共和国增值电信业务经营许可证》发放名单-(2021)第04批,2021-02-09,霍尔果斯中网信通信科技有限公司,B2-20173142,（1）注销业务种类：国内多方通信服务业务、国内呼叫中心业务、信息服务业务（不含互联网信息服务）,未知,B2-(全网),https://tsm.miit.gov.cn/dxxzsp/help/noticeDetail.jsp?id=159,2021
工信部,新发证名单,《中华人民共和国增值电信业务经营许可证》发放名单-(2021)第04批,2021-02-09,迪肯联华（北京）信息技术有限公司,B2-20182923,（1）注销业务种类：国内呼叫中心业务、信息服务业务（不含互联网信息服务）,北京,B2-(全网),https://tsm.miit.gov.cn/dxxzsp/help/noticeDetail.jsp?id=159,2021
工信部,注销批准,《中华人民共和国增值电信业务经营许可证》发放名单-(2021)第04批,2021-02-09,北京讯博源科技有限公司,,国内呼叫中心业务、信息服务业务（不含互联网信息服务）,北京,未知,https://tsm.miit.gov.cn/dxxzsp/help/noticeDetail.jsp?id=159,2021
工信部,注销批准,《中华人民共和国增值电信业务经营许可证》发放名单-(2021)第04批,2021-02-09,北京百志科技有限公司,,国内呼叫中心业务、信息服务业务（不含互联网信息服务）,北京,未知,https://tsm.miit.gov.cn/dxxzsp/help/noticeDetail.jsp?id=159,2021
工信部,注销批准,《中华人民共和国增值电信业务经营许可证》发放名单-(2021)第04批,2021-02-09,霍尔果斯中网信通信科技有限公司,,国内多方通信服务业务、国内呼叫中心业务、信息服务业务（不含互联网信息服务）,未知,未知,https://tsm.miit.gov.cn/dxxzsp/help/noticeDetail.jsp?id=159,2021
工信部,注销批准,《中华人民共和国增值电信业务经营许可证》发放名单-(2021)第04批,2021-02-09,迪肯联华（北京）信息技术有限公司,,国内呼叫中心业务、信息服务业务（不含互联网信息服务）,北京,未知,https://tsm.miit.gov.cn/dxxzsp/help/noticeDetail.jsp?id=159,2021
工信部,新发证名单,《中华人民共和国增值电信业务经营许可证》发放名单-(2021)第02批-2,2021-01-25,广州市法合法律咨询有限责任公司,B2-20181952,（1）注销业务种类：国内呼叫中心业务、信息服务业务（不含互联网信息服务）,广东,B2-(全网),https://tsm.miit.gov.cn/dxxzsp/help/noticeDetail.jsp?id=156,2021
工信部,新发证名单,《中华人民共和国增值电信业务经营许可证》发放名单-(2021)第02批-2,2021-01-25,深圳市鹏泰联盛互联网金融服务有限公司,B2-20183785,（1）注销业务种类：国内呼叫中心业务,广东,B2-(全网),https://tsm.miit.gov.cn/dxxzsp/help/noticeDetail.jsp?id=156,2021
工信部,注销批准,《中华人民共和国增值电信业务经营许可证》发放名单-(2021)第02批-2,2021-01-25,广州市法合法律咨询有限责任公司,,国内呼叫中心业务、信息服务业务（不含互联网信息服务）,广东,未知,https://tsm.miit.gov.cn/dxxzsp/help/noticeDetail.jsp?id=156,2021
工信部,注销批准,《中华人民共和国增值电信业务经营许可证》发放名单-(2021)第02批-2,2021-01-25,深圳市鹏泰联盛互联网金融服务有限公司,,国内呼叫中心业务,广东,未知,https://tsm.miit.gov.cn/dxxzsp/help/noticeDetail.jsp?id=156,2021
工信部,新发证名单,《中华人民共和国增值电信业务经营许可证》发放名单-(2020)第49批-1,2021-01-12,山东和和通信科技有限公司（需换证）,B1.B2-20161025,（1）注销业务种类：互联网接入服务业务、国内呼叫中心业务（2）继续经营：信息服务业务（不含互联网信息服务））,山东,混合-(全网),https://tsm.miit.gov.cn/dxxzsp/help/noticeDetail.jsp?id=151,2021
工信部,新发证名单,《中华人民共和国增值电信业务经营许可证》发放名单-(2020)第49批-1,2021-01-12,宁波图信网络科技有限公司,B2-20194078,（1）注销业务种类：国内呼叫中心业务,浙江,B2-(全网),https://tsm.miit.gov.cn/dxxzsp/help/noticeDetail.jsp?id=151,2021
工信部,注销批准,《中华人民共和国增值电信业务经营许可证》发放名单-(2020)第49批-1,2021-01-12,（需换证）,,互联网接入服务业务、国内呼叫中心业务（2）继续经营：信息服务业务（不含互联网信息服务））,未知,未知,https://tsm.miit.gov.cn/dxxzsp/help/noticeDetail.jsp?id=151,2021
工信部,注销批准,《中华人民共和国增值电信业务经营许可证》发放名单-(2020)第49批-1,2021-01-12,宁波图信网络科技有限公司,,国内呼叫中心业务,浙江,未知,https://tsm.miit.gov.cn/dxxzsp/help/noticeDetail.jsp?id=151,2021
工信部,新发证名单,《中华人民共和国增值电信业务经营许可证》发放名单-(2021)第01批-2,2021-01-18,太平洋保险在线服务科技有限公司,合字B2-20210011,国内呼叫中心业务,未知,B2-(全网),https://tsm.miit.gov.cn/dxxzsp/help/noticeDetail.jsp?id=154,2021
工信部,新发证名单,《中华人民共和国增值电信业务经营许可证》发放名单-(2020)第46批-1,2020-12-22,海南海航航空信息系统有限公司,B2-20203701,国内呼叫中心业务,海南,B2-(全网),https://tsm.miit.gov.cn/dxxzsp/help/noticeDetail.jsp?id=144,2020
工信部,新发证名单,《中华人民共和国增值电信业务经营许可证》发放名单-(2020)第44批-1,2020-12-04,深圳前海纵腾金融科技服务有限公司,B2-20171335,（1）注销业务种类：国内呼叫中心业务,广东,B2-(全网),https://tsm.miit.gov.cn/dxxzsp/help/noticeDetail.jsp?id=140,2020
工信部,新发证名单,《中华人民共和国增值电信业务经营许可证》发放名单-(2020)第44批-1,2020-12-04,合肥瑞程信息科技有限公司,B2-20180635,（1）注销业务种类：国内呼叫中心业务,安徽,B2-(全网),https://tsm.miit.gov.cn/dxxzsp/help/noticeDetail.jsp?id=140,2020
工信部,注销批准,《中华人民共和国增值电信业务经营许可证》发放名单-(2020)第44批-1,2020-12-04,深圳前海纵腾金融科技服务有限公司,,国内呼叫中心业务,广东,未知,https://tsm.miit.gov.cn/dxxzsp/help/noticeDetail.jsp?id=140,2020
工信部,注销批准,《中华人民共和国增值电信业务经营许可证》发放名单-(2020)第44批-1,2020-12-04,合肥瑞程信息科技有限公司,,国内呼叫中心业务,安徽,未知,https://tsm.miit.gov.cn/dxxzsp/help/noticeDetail.jsp?id=140,2020
工信部,新发证名单,《中华人民共和国增值电信业务经营许可证》发放名单-(2020)第43批,2020-11-24,深圳市新智汇通信有限公司,B2-20150992,不予批准延续国内呼叫中心业务,广东,B2-(全网),https://tsm.miit.gov.cn/dxxzsp/help/noticeDetail.jsp?id=139,2020
工信部,新发证名单,《中华人民共和国增值电信业务经营许可证》发放名单-(2020)第41批,2020-11-13,保定和讯云联计算机信息技术服务有限公司,B2-20180604,（1）注销业务种类：国内呼叫中心业务、信息服务业务（不含互联网信息服务）,未知,B2-(全网),https://tsm.miit.gov.cn/dxxzsp/help/noticeDetail.jsp?id=137,2020
工信部,注销批准,《中华人民共和国增值电信业务经营许可证》发放名单-(2020)第41批,2020-11-13,保定和讯云联计算机信息技术服务有限公司,,国内呼叫中心业务、信息服务业务（不含互联网信息服务）,未知,未知,https://tsm.miit.gov.cn/dxxzsp/help/noticeDetail.jsp?id=137,2020
工信部,新发证名单,《中华人民共和国增值电信业务经营许可证》发放名单-(2020)第47批-1,2020-12-29,西安聚盟科技发展有限公司,B2-20204074,国内呼叫中心业务,陕西,B2-(全网),https://tsm.miit.gov.cn/dxxzsp/help/noticeDetail.jsp?id=146,2020
工信部,新发证名单,《中华人民共和国增值电信业务经营许可证》发放名单-(2020)第47批-1,2020-12-29,北京云杉信息技术有限公司,B2-20194475,（1）注销业务种类：国内呼叫中心业务,北京,B2-(全网),https://tsm.miit.gov.cn/dxxzsp/help/noticeDetail.jsp?id=146,2020
工信部,新发证名单,《中华人民共和国增值电信业务经营许可证》发放名单-(2020)第47批-1,2020-12-29,深圳平安综合金融服务有限公司,合字B2-20200091,国内呼叫中心业务,广东,B2-(全网),https://tsm.miit.gov.cn/dxxzsp/help/noticeDetail.jsp?id=146,2020
工信部,注销批准,《中华人民共和国增值电信业务经营许可证》发放名单-(2020)第47批-1,2020-12-29,北京云杉信息技术有限公司,,国内呼叫中心业务,北京,未知,https://tsm.miit.gov.cn/dxxzsp/help/noticeDetail.jsp?id=146,2020
工信部,新发证名单,《中华人民共和国增值电信业务经营许可证》发放名单-(2020)第49批-2,2021-01-12,联科云创（北京）科技有限公司,B2-20204259,国内呼叫中心业务,北京,B2-(全网),https://tsm.miit.gov.cn/dxxzsp/help/noticeDetail.jsp?id=152,2021
